time_s,scg_V
0.000000,0.000000
0.000333,0.000000
0.000667,0.000000
0.001000,0.000000
0.001333,0.000000
0.001667,0.000000
0.002000,0.000000
0.002333,0.000000
0.002667,0.000000
0.003000,0.000000
0.003333,0.000000
0.003667,0.000000
0.004000,0.000000
0.004333,0.000000
0.004667,0.000000
0.005000,0.000000
0.005333,0.000000
0.005667,0.000000
0.006000,0.000000
0.006333,0.000000
0.006667,0.000000
0.007000,0.000000
0.007333,0.000000
0.007667,0.000000
0.008000,0.000000
0.008333,0.000000
0.008667,0.000000
0.009000,0.000000
0.009333,0.000000
0.009667,0.000000
0.010000,0.000000
0.010333,0.000000
0.010667,0.000000
0.011000,0.000000
0.011333,0.000000
0.011667,0.000000
0.012000,0.000000
0.012333,0.000000
0.012667,0.000000
0.013000,0.000000
0.013333,0.000000
0.013667,0.000000
0.014000,0.000000
0.014333,0.000000
0.014667,0.000000
0.015000,0.000000
0.015333,0.000000
0.015667,0.000000
0.016000,0.000000
0.016333,0.000000
0.016667,0.000000
0.017000,0.000000
0.017333,0.000000
0.017667,0.000000
0.018000,0.000000
0.018333,0.000000
0.018667,0.000000
0.019000,0.000000
0.019333,0.000000
0.019667,0.000000
0.020000,0.000000
0.020333,0.000000
0.020667,0.000000
0.021000,0.000000
0.021333,0.000000
0.021667,0.000000
0.022000,0.000000
0.022333,0.000000
0.022667,0.000000
0.023000,0.000000
0.023333,0.000000
0.023667,0.000000
0.024000,0.000000
0.024333,0.000000
0.024667,0.000000
0.025000,0.000000
0.025333,0.000000
0.025667,0.000000
0.026000,0.000000
0.026333,0.000000
0.026667,0.000000
0.027000,0.000000
0.027333,0.000000
0.027667,0.000000
0.028000,0.000000
0.028333,0.000000
0.028667,0.000000
0.029000,0.000000
0.029333,0.000000
0.029667,0.000000
0.030000,0.000000
0.030333,0.000000
0.030667,0.000000
0.031000,0.000000
0.031333,0.000000
0.031667,0.000000
0.032000,0.000000
0.032333,0.000000
0.032667,0.000000
0.033000,0.000000
0.033333,0.000000
0.033667,0.000000
0.034000,0.000000
0.034333,0.000000
0.034667,0.000000
0.035000,0.000000
0.035333,0.000000
0.035667,0.000000
0.036000,0.000000
0.036333,0.000000
0.036667,0.000000
0.037000,0.000000
0.037333,0.000000
0.037667,0.000000
0.038000,0.000000
0.038333,0.000000
0.038667,0.000000
0.039000,0.000000
0.039333,0.000000
0.039667,0.000000
0.040000,0.000000
0.040333,0.000000
0.040667,0.000000
0.041000,0.000000
0.041333,0.000000
0.041667,0.000000
0.042000,0.000000
0.042333,0.000000
0.042667,0.000000
0.043000,0.000000
0.043333,0.000000
0.043667,0.000000
0.044000,0.000000
0.044333,0.000000
0.044667,0.000000
0.045000,0.000000
0.045333,0.000000
0.045667,0.000000
0.046000,0.000000
0.046333,0.000000
0.046667,0.000000
0.047000,0.000000
0.047333,0.000000
0.047667,0.000000
0.048000,0.000000
0.048333,0.000000
0.048667,0.000000
0.049000,0.000000
0.049333,0.000000
0.049667,0.000000
0.050000,0.000000
0.050333,0.000000
0.050667,0.000000
0.051000,0.000000
0.051333,0.000000
0.051667,0.000000
0.052000,0.000000
0.052333,0.000000
0.052667,0.000000
0.053000,0.000000
0.053333,0.000000
0.053667,0.000000
0.054000,0.000000
0.054333,0.000000
0.054667,0.000000
0.055000,0.000000
0.055333,0.000000
0.055667,0.000000
0.056000,0.000000
0.056333,0.000000
0.056667,0.000000
0.057000,0.000000
0.057333,0.000000
0.057667,0.000000
0.058000,0.000000
0.058333,0.000000
0.058667,0.000000
0.059000,0.000000
0.059333,0.000000
0.059667,0.000000
0.060000,0.000000
0.060333,0.000000
0.060667,0.000000
0.061000,0.000000
0.061333,0.000000
0.061667,0.000000
0.062000,0.000000
0.062333,0.000000
0.062667,0.000000
0.063000,0.000000
0.063333,0.000000
0.063667,0.000000
0.064000,0.000000
0.064333,0.000000
0.064667,0.000000
0.065000,0.000000
0.065333,0.000000
0.065667,0.000000
0.066000,0.000000
0.066333,0.000000
0.066667,0.000000
0.067000,0.000000
0.067333,0.000000
0.067667,0.000000
0.068000,0.000000
0.068333,0.000000
0.068667,0.000000
0.069000,0.000000
0.069333,0.000000
0.069667,0.000000
0.070000,0.000000
0.070333,0.000000
0.070667,0.000000
0.071000,0.000000
0.071333,0.000000
0.071667,0.000000
0.072000,0.000000
0.072333,0.000000
0.072667,0.000000
0.073000,0.000000
0.073333,0.000000
0.073667,0.000000
0.074000,0.000000
0.074333,0.000000
0.074667,0.000000
0.075000,0.000000
0.075333,0.000000
0.075667,0.000000
0.076000,0.000000
0.076333,0.000000
0.076667,0.000000
0.077000,0.000000
0.077333,0.000000
0.077667,0.000000
0.078000,0.000000
0.078333,0.000000
0.078667,0.000000
0.079000,0.000000
0.079333,0.000000
0.079667,0.000000
0.080000,0.000000
0.080333,0.000000
0.080667,0.000000
0.081000,0.000000
0.081333,0.000000
0.081667,0.000000
0.082000,0.000000
0.082333,0.000000
0.082667,0.000000
0.083000,0.000000
0.083333,0.000000
0.083667,0.000000
0.084000,0.000000
0.084333,0.000000
0.084667,0.000000
0.085000,0.000000
0.085333,0.000000
0.085667,0.000000
0.086000,0.000000
0.086333,0.000000
0.086667,0.000000
0.087000,0.000000
0.087333,0.000000
0.087667,0.000000
0.088000,0.000000
0.088333,0.000000
0.088667,0.000000
0.089000,0.000000
0.089333,0.000000
0.089667,0.000000
0.090000,0.000000
0.090333,0.000000
0.090667,0.000000
0.091000,0.000000
0.091333,0.000000
0.091667,0.000000
0.092000,0.000000
0.092333,0.000000
0.092667,0.000000
0.093000,0.000000
0.093333,0.000000
0.093667,0.000000
0.094000,0.000000
0.094333,0.000000
0.094667,0.000000
0.095000,0.000000
0.095333,0.000000
0.095667,0.000000
0.096000,0.000000
0.096333,0.000000
0.096667,0.000000
0.097000,0.000000
0.097333,0.000000
0.097667,0.000000
0.098000,0.000000
0.098333,0.000000
0.098667,0.000000
0.099000,0.000000
0.099333,0.000000
0.099667,0.000000
0.100000,0.000000
0.100333,0.000000
0.100667,0.000000
0.101000,0.000000
0.101333,0.000000
0.101667,0.000000
0.102000,0.000000
0.102333,0.000000
0.102667,0.000000
0.103000,0.000000
0.103333,0.000000
0.103667,0.000000
0.104000,0.000000
0.104333,0.000000
0.104667,0.000000
0.105000,0.000000
0.105333,0.000000
0.105667,0.000000
0.106000,0.000000
0.106333,0.000000
0.106667,0.000000
0.107000,0.000000
0.107333,0.000000
0.107667,0.000000
0.108000,0.000000
0.108333,0.000000
0.108667,0.000000
0.109000,0.000000
0.109333,0.000000
0.109667,0.000000
0.110000,0.000000
0.110333,0.000000
0.110667,0.000000
0.111000,0.000000
0.111333,0.000000
0.111667,0.000000
0.112000,0.000000
0.112333,0.000000
0.112667,0.000000
0.113000,0.000000
0.113333,0.000000
0.113667,0.000000
0.114000,0.000000
0.114333,0.000000
0.114667,0.000000
0.115000,0.000000
0.115333,0.000000
0.115667,0.000000
0.116000,0.000000
0.116333,0.000000
0.116667,0.000000
0.117000,0.000000
0.117333,0.000000
0.117667,0.000000
0.118000,0.000000
0.118333,0.000000
0.118667,0.000000
0.119000,0.000000
0.119333,0.000000
0.119667,0.000000
0.120000,0.000000
0.120333,0.000000
0.120667,0.000000
0.121000,0.000000
0.121333,0.000000
0.121667,0.000000
0.122000,0.000000
0.122333,0.000000
0.122667,0.000000
0.123000,0.000000
0.123333,0.000000
0.123667,0.000000
0.124000,0.000000
0.124333,0.000000
0.124667,0.000000
0.125000,0.000000
0.125333,0.000000
0.125667,0.000000
0.126000,0.000000
0.126333,0.000000
0.126667,0.000000
0.127000,0.000000
0.127333,0.000000
0.127667,0.000000
0.128000,0.000000
0.128333,0.000000
0.128667,0.000000
0.129000,0.000000
0.129333,0.000000
0.129667,0.000000
0.130000,0.000000
0.130333,0.000000
0.130667,0.000000
0.131000,0.000000
0.131333,0.000000
0.131667,0.000000
0.132000,0.000000
0.132333,0.000000
0.132667,0.000000
0.133000,0.000000
0.133333,0.000000
0.133667,0.000000
0.134000,0.000000
0.134333,0.000000
0.134667,0.000000
0.135000,0.000000
0.135333,0.000000
0.135667,0.000000
0.136000,0.000000
0.136333,0.000000
0.136667,0.000000
0.137000,0.000000
0.137333,0.000000
0.137667,0.000000
0.138000,0.000000
0.138333,0.000000
0.138667,0.000000
0.139000,0.000000
0.139333,0.000000
0.139667,0.000000
0.140000,0.000000
0.140333,0.000000
0.140667,0.000000
0.141000,0.000000
0.141333,0.000000
0.141667,0.000000
0.142000,0.000000
0.142333,0.000000
0.142667,0.000000
0.143000,0.000000
0.143333,0.000000
0.143667,0.000000
0.144000,0.000000
0.144333,0.000000
0.144667,0.000000
0.145000,0.000000
0.145333,0.000000
0.145667,0.000000
0.146000,0.000000
0.146333,0.000000
0.146667,0.000000
0.147000,0.000000
0.147333,0.000000
0.147667,0.000000
0.148000,0.000000
0.148333,0.000000
0.148667,0.000000
0.149000,0.000000
0.149333,0.000000
0.149667,0.000000
0.150000,0.000000
0.150333,0.000000
0.150667,0.000000
0.151000,0.000000
0.151333,0.000000
0.151667,0.000000
0.152000,0.000000
0.152333,0.000000
0.152667,0.000000
0.153000,0.000000
0.153333,0.000000
0.153667,0.000000
0.154000,0.000000
0.154333,0.000000
0.154667,0.000000
0.155000,0.000000
0.155333,0.000000
0.155667,0.000000
0.156000,0.000000
0.156333,0.000000
0.156667,0.000000
0.157000,0.000000
0.157333,0.000000
0.157667,0.000000
0.158000,0.000000
0.158333,0.000000
0.158667,0.000000
0.159000,0.000000
0.159333,0.000000
0.159667,0.000000
0.160000,0.000000
0.160333,0.000000
0.160667,0.000000
0.161000,0.000000
0.161333,0.000000
0.161667,0.000000
0.162000,0.000000
0.162333,0.000000
0.162667,0.000000
0.163000,0.000000
0.163333,0.000000
0.163667,0.000000
0.164000,0.000000
0.164333,0.000000
0.164667,0.000000
0.165000,0.000000
0.165333,0.000000
0.165667,0.000000
0.166000,0.000000
0.166333,0.000000
0.166667,0.000000
0.167000,0.000000
0.167333,0.000000
0.167667,0.000000
0.168000,0.000000
0.168333,0.000000
0.168667,0.000000
0.169000,0.000000
0.169333,0.000000
0.169667,0.000000
0.170000,0.000000
0.170333,0.000000
0.170667,0.000000
0.171000,0.000000
0.171333,0.000000
0.171667,0.000000
0.172000,0.000000
0.172333,0.000000
0.172667,0.000000
0.173000,0.000000
0.173333,0.000000
0.173667,0.000000
0.174000,0.000000
0.174333,0.000000
0.174667,0.000000
0.175000,0.000000
0.175333,0.000000
0.175667,0.000000
0.176000,0.000000
0.176333,0.000000
0.176667,0.000000
0.177000,0.000000
0.177333,0.000000
0.177667,0.000000
0.178000,0.000000
0.178333,0.000000
0.178667,0.000000
0.179000,0.000000
0.179333,0.000000
0.179667,0.000000
0.180000,0.000000
0.180333,0.000000
0.180667,0.000000
0.181000,0.000000
0.181333,0.000000
0.181667,0.000000
0.182000,0.000000
0.182333,0.000000
0.182667,0.000000
0.183000,0.000000
0.183333,0.000000
0.183667,0.000000
0.184000,0.000000
0.184333,0.000000
0.184667,0.000000
0.185000,0.000000
0.185333,0.000000
0.185667,0.000000
0.186000,0.000000
0.186333,0.000000
0.186667,0.000000
0.187000,0.000000
0.187333,0.000000
0.187667,0.000000
0.188000,0.000000
0.188333,0.000000
0.188667,0.000000
0.189000,0.000000
0.189333,0.000000
0.189667,0.000000
0.190000,0.000000
0.190333,0.000000
0.190667,0.000000
0.191000,0.000000
0.191333,0.000000
0.191667,0.000000
0.192000,0.000000
0.192333,0.000000
0.192667,0.000000
0.193000,0.000000
0.193333,0.000000
0.193667,0.000000
0.194000,0.000000
0.194333,0.000000
0.194667,0.000000
0.195000,0.000000
0.195333,0.000000
0.195667,0.000000
0.196000,0.000000
0.196333,0.000000
0.196667,0.000000
0.197000,0.000000
0.197333,0.000000
0.197667,0.000000
0.198000,0.000000
0.198333,0.000000
0.198667,0.000000
0.199000,0.000000
0.199333,0.000000
0.199667,0.000000
0.200000,0.000000
0.200333,0.000000
0.200667,0.000000
0.201000,0.000000
0.201333,0.000000
0.201667,0.000000
0.202000,0.000000
0.202333,0.000000
0.202667,0.000000
0.203000,0.000000
0.203333,0.000000
0.203667,0.000000
0.204000,0.000000
0.204333,0.000000
0.204667,0.000000
0.205000,0.000000
0.205333,0.000000
0.205667,0.000000
0.206000,0.000000
0.206333,0.000000
0.206667,0.000000
0.207000,0.000000
0.207333,0.000000
0.207667,0.000000
0.208000,0.000000
0.208333,0.000000
0.208667,0.000000
0.209000,0.000000
0.209333,0.000000
0.209667,0.000000
0.210000,0.000000
0.210333,0.000000
0.210667,0.000000
0.211000,0.000000
0.211333,0.000000
0.211667,0.000000
0.212000,0.000000
0.212333,0.000000
0.212667,0.000000
0.213000,0.000000
0.213333,0.000000
0.213667,0.000000
0.214000,0.000000
0.214333,0.000000
0.214667,0.000000
0.215000,0.000000
0.215333,0.000000
0.215667,0.000000
0.216000,0.000000
0.216333,0.000000
0.216667,0.000000
0.217000,0.000000
0.217333,0.000000
0.217667,0.000000
0.218000,0.000000
0.218333,0.000000
0.218667,0.000000
0.219000,0.000000
0.219333,0.000000
0.219667,0.000000
0.220000,0.000000
0.220333,0.000000
0.220667,0.000000
0.221000,0.000000
0.221333,0.000000
0.221667,0.000000
0.222000,0.000000
0.222333,0.000000
0.222667,0.000000
0.223000,0.000000
0.223333,0.000000
0.223667,0.000000
0.224000,0.000000
0.224333,0.000000
0.224667,0.000000
0.225000,0.000000
0.225333,0.000000
0.225667,0.000000
0.226000,0.000000
0.226333,0.000000
0.226667,0.000000
0.227000,0.000000
0.227333,0.000000
0.227667,0.000000
0.228000,0.000000
0.228333,0.000000
0.228667,0.000000
0.229000,0.000000
0.229333,0.000000
0.229667,0.000000
0.230000,0.000000
0.230333,0.000000
0.230667,0.000000
0.231000,0.000000
0.231333,0.000000
0.231667,0.000000
0.232000,0.000000
0.232333,0.000000
0.232667,0.000000
0.233000,0.000000
0.233333,0.000000
0.233667,0.000000
0.234000,0.000000
0.234333,0.000000
0.234667,0.000000
0.235000,0.000000
0.235333,0.000000
0.235667,0.000000
0.236000,0.000000
0.236333,0.000000
0.236667,0.000000
0.237000,0.000000
0.237333,0.000000
0.237667,0.000000
0.238000,0.000000
0.238333,0.000000
0.238667,0.000000
0.239000,0.000000
0.239333,0.000000
0.239667,0.000000
0.240000,0.000000
0.240333,0.000000
0.240667,0.000000
0.241000,0.000000
0.241333,0.000000
0.241667,0.000000
0.242000,0.000000
0.242333,0.000000
0.242667,0.000000
0.243000,0.000000
0.243333,0.000000
0.243667,0.000000
0.244000,0.000000
0.244333,0.000000
0.244667,0.000000
0.245000,0.000000
0.245333,0.000000
0.245667,0.000000
0.246000,0.000000
0.246333,0.000000
0.246667,0.000000
0.247000,0.000000
0.247333,0.000000
0.247667,0.000000
0.248000,0.000000
0.248333,0.000000
0.248667,0.000000
0.249000,0.000000
0.249333,0.000000
0.249667,0.000000
0.250000,0.000000
0.250333,0.000000
0.250667,0.000000
0.251000,0.000000
0.251333,0.000000
0.251667,0.000000
0.252000,0.000000
0.252333,0.000000
0.252667,0.000000
0.253000,0.000000
0.253333,0.000000
0.253667,0.000000
0.254000,0.000000
0.254333,0.000000
0.254667,0.000000
0.255000,0.000000
0.255333,0.000000
0.255667,0.000000
0.256000,0.000000
0.256333,0.000000
0.256667,0.000000
0.257000,0.000000
0.257333,0.000000
0.257667,0.000000
0.258000,0.000000
0.258333,0.000000
0.258667,0.000000
0.259000,0.000000
0.259333,0.000000
0.259667,0.000000
0.260000,0.000000
0.260333,0.000000
0.260667,0.000000
0.261000,0.000000
0.261333,0.000000
0.261667,0.000000
0.262000,0.000000
0.262333,0.000000
0.262667,0.000000
0.263000,0.000000
0.263333,0.000000
0.263667,0.000000
0.264000,0.000000
0.264333,0.000000
0.264667,0.000000
0.265000,0.000000
0.265333,0.000000
0.265667,0.000000
0.266000,0.000000
0.266333,0.000000
0.266667,0.000000
0.267000,0.000000
0.267333,0.000000
0.267667,0.000000
0.268000,0.000000
0.268333,0.000000
0.268667,0.000000
0.269000,0.000000
0.269333,0.000000
0.269667,0.000000
0.270000,0.000000
0.270333,0.000000
0.270667,0.000000
0.271000,0.000000
0.271333,0.000000
0.271667,0.000000
0.272000,0.000000
0.272333,0.000000
0.272667,0.000000
0.273000,0.000000
0.273333,0.000000
0.273667,0.000000
0.274000,0.000000
0.274333,0.000000
0.274667,0.000000
0.275000,0.000000
0.275333,0.000000
0.275667,0.000000
0.276000,0.000000
0.276333,0.000000
0.276667,0.000000
0.277000,0.000000
0.277333,0.000000
0.277667,0.000000
0.278000,0.000000
0.278333,0.000000
0.278667,0.000000
0.279000,0.000000
0.279333,0.000000
0.279667,0.000000
0.280000,0.000000
0.280333,0.000000
0.280667,0.000000
0.281000,0.000000
0.281333,0.000000
0.281667,0.000000
0.282000,0.000000
0.282333,0.000000
0.282667,0.000000
0.283000,0.000000
0.283333,0.000000
0.283667,0.000000
0.284000,0.000000
0.284333,0.000000
0.284667,0.000000
0.285000,0.000000
0.285333,0.000000
0.285667,0.000000
0.286000,0.000000
0.286333,0.000000
0.286667,0.000000
0.287000,0.000000
0.287333,0.000000
0.287667,0.000000
0.288000,0.000000
0.288333,0.000000
0.288667,0.000000
0.289000,0.000000
0.289333,0.000000
0.289667,0.000000
0.290000,0.000000
0.290333,0.000000
0.290667,0.000000
0.291000,0.000000
0.291333,0.000000
0.291667,0.000000
0.292000,0.000000
0.292333,0.000000
0.292667,0.000000
0.293000,0.000000
0.293333,0.000000
0.293667,0.000000
0.294000,0.000000
0.294333,0.000000
0.294667,0.000000
0.295000,0.000000
0.295333,0.000000
0.295667,0.000000
0.296000,0.000000
0.296333,0.000000
0.296667,0.000000
0.297000,0.000000
0.297333,0.000000
0.297667,0.000000
0.298000,0.000000
0.298333,0.000000
0.298667,0.000000
0.299000,0.000000
0.299333,0.000000
0.299667,0.000000
0.300000,0.000000
0.300333,0.000000
0.300667,0.000000
0.301000,0.000000
0.301333,0.000000
0.301667,0.000000
0.302000,0.000000
0.302333,0.000000
0.302667,0.000000
0.303000,0.000000
0.303333,0.000000
0.303667,0.000000
0.304000,0.000000
0.304333,0.000000
0.304667,0.000000
0.305000,0.000000
0.305333,0.000000
0.305667,0.000000
0.306000,0.000000
0.306333,0.000000
0.306667,0.000000
0.307000,0.000000
0.307333,0.000000
0.307667,0.000000
0.308000,0.000000
0.308333,0.000000
0.308667,0.000000
0.309000,0.000000
0.309333,0.000000
0.309667,0.000000
0.310000,0.000000
0.310333,0.000000
0.310667,0.000000
0.311000,0.000000
0.311333,0.000000
0.311667,0.000000
0.312000,0.000000
0.312333,0.000000
0.312667,0.000000
0.313000,0.000000
0.313333,0.000000
0.313667,0.000000
0.314000,0.000000
0.314333,0.000000
0.314667,0.000000
0.315000,0.000000
0.315333,0.000000
0.315667,0.000000
0.316000,0.000000
0.316333,0.000000
0.316667,0.000000
0.317000,0.000000
0.317333,0.000000
0.317667,0.000000
0.318000,0.000000
0.318333,0.000000
0.318667,0.000000
0.319000,0.000000
0.319333,0.000000
0.319667,0.000000
0.320000,0.000000
0.320333,0.000000
0.320667,0.000000
0.321000,0.000000
0.321333,0.000000
0.321667,0.000000
0.322000,0.000000
0.322333,0.000000
0.322667,0.000000
0.323000,0.000000
0.323333,0.000000
0.323667,0.000000
0.324000,0.000000
0.324333,0.000000
0.324667,0.000000
0.325000,0.000000
0.325333,0.000000
0.325667,0.000000
0.326000,0.000000
0.326333,0.000000
0.326667,0.000000
0.327000,0.000000
0.327333,0.000000
0.327667,0.000000
0.328000,0.000000
0.328333,0.000000
0.328667,0.000000
0.329000,0.000000
0.329333,0.000000
0.329667,0.000000
0.330000,0.000000
0.330333,0.000000
0.330667,0.000000
0.331000,0.000000
0.331333,0.000000
0.331667,0.000000
0.332000,0.000000
0.332333,0.000000
0.332667,0.000000
0.333000,0.000000
0.333333,0.000000
0.333667,0.000000
0.334000,0.000000
0.334333,0.000000
0.334667,0.000000
0.335000,0.000000
0.335333,0.000000
0.335667,0.000000
0.336000,0.000000
0.336333,0.000000
0.336667,0.000000
0.337000,0.000000
0.337333,0.000000
0.337667,0.000000
0.338000,0.000000
0.338333,0.000000
0.338667,0.000000
0.339000,0.000000
0.339333,0.000000
0.339667,0.000000
0.340000,0.000000
0.340333,0.000000
0.340667,0.000000
0.341000,0.000000
0.341333,0.000000
0.341667,0.000000
0.342000,0.000000
0.342333,0.000000
0.342667,0.000000
0.343000,0.000000
0.343333,0.000000
0.343667,0.000000
0.344000,0.000000
0.344333,0.000000
0.344667,0.000000
0.345000,0.000000
0.345333,0.000000
0.345667,0.000000
0.346000,0.000000
0.346333,0.000000
0.346667,0.000000
0.347000,0.000000
0.347333,0.000000
0.347667,0.000000
0.348000,0.000000
0.348333,0.000000
0.348667,0.000000
0.349000,0.000000
0.349333,0.000000
0.349667,0.000000
0.350000,0.000000
0.350333,0.000000
0.350667,0.000000
0.351000,0.000000
0.351333,0.000000
0.351667,0.000000
0.352000,0.000000
0.352333,0.000000
0.352667,0.000000
0.353000,0.000000
0.353333,0.000000
0.353667,0.000000
0.354000,0.000000
0.354333,0.000000
0.354667,0.000000
0.355000,0.000000
0.355333,0.000000
0.355667,0.000000
0.356000,0.000000
0.356333,0.000000
0.356667,0.000000
0.357000,0.000000
0.357333,0.000000
0.357667,0.000000
0.358000,0.000000
0.358333,0.000000
0.358667,0.000000
0.359000,0.000000
0.359333,0.000000
0.359667,0.000000
0.360000,0.000000
0.360333,0.000000
0.360667,0.000000
0.361000,0.000000
0.361333,0.000000
0.361667,0.000000
0.362000,0.000000
0.362333,0.000000
0.362667,0.000000
0.363000,0.000000
0.363333,0.000000
0.363667,0.000000
0.364000,0.000000
0.364333,0.000000
0.364667,0.000000
0.365000,0.000000
0.365333,0.000000
0.365667,0.000000
0.366000,0.000000
0.366333,0.000000
0.366667,0.000000
0.367000,0.000000
0.367333,0.000000
0.367667,0.000000
0.368000,0.000000
0.368333,0.000000
0.368667,0.000000
0.369000,0.000000
0.369333,0.000000
0.369667,0.000000
0.370000,0.000000
0.370333,0.000000
0.370667,0.000000
0.371000,0.000000
0.371333,0.000000
0.371667,0.000000
0.372000,0.000000
0.372333,0.000000
0.372667,0.000000
0.373000,0.000000
0.373333,0.000000
0.373667,0.000000
0.374000,0.000000
0.374333,0.000000
0.374667,0.000000
0.375000,0.000000
0.375333,0.000000
0.375667,0.000000
0.376000,0.000000
0.376333,0.000000
0.376667,0.000000
0.377000,0.000000
0.377333,0.000000
0.377667,0.000000
0.378000,0.000000
0.378333,0.000000
0.378667,0.000000
0.379000,0.000000
0.379333,0.000000
0.379667,0.000000
0.380000,0.000000
0.380333,0.003105
0.380667,0.006129
0.381000,0.009062
0.381333,0.011894
0.381667,0.014616
0.382000,0.017219
0.382333,0.019696
0.382667,0.022039
0.383000,0.024242
0.383333,0.026299
0.383667,0.028204
0.384000,0.029955
0.384333,0.031546
0.384667,0.032976
0.385000,0.034241
0.385333,0.035341
0.385667,0.036274
0.386000,0.037040
0.386333,0.037641
0.386667,0.038077
0.387000,0.038351
0.387333,0.038463
0.387667,0.038419
0.388000,0.038221
0.388333,0.037873
0.388667,0.037381
0.389000,0.036749
0.389333,0.035983
0.389667,0.035089
0.390000,0.034073
0.390333,0.032943
0.390667,0.031704
0.391000,0.030366
0.391333,0.028934
0.391667,0.027418
0.392000,0.025825
0.392333,0.024162
0.392667,0.022439
0.393000,0.020664
0.393333,0.018844
0.393667,0.016988
0.394000,0.015105
0.394333,0.013203
0.394667,0.011289
0.395000,0.009371
0.395333,0.007459
0.395667,0.005558
0.396000,0.003676
0.396333,0.001821
0.396667,0.000000
0.397000,-0.001781
0.397333,-0.003516
0.397667,-0.005199
0.398000,-0.006824
0.398333,-0.008386
0.398667,-0.009880
0.399000,-0.011301
0.399333,-0.012645
0.399667,-0.013909
0.400000,-0.015089
0.400333,-0.016182
0.400667,-0.017187
0.401000,-0.018100
0.401333,-0.018920
0.401667,-0.019646
0.402000,-0.020277
0.402333,-0.020812
0.402667,-0.021252
0.403000,-0.021597
0.403333,-0.021847
0.403667,-0.022004
0.404000,-0.022069
0.404333,-0.022043
0.404667,-0.021929
0.405000,-0.021730
0.405333,-0.021447
0.405667,-0.021085
0.406000,-0.020645
0.406333,-0.020132
0.406667,-0.019550
0.407000,-0.018901
0.407333,-0.018191
0.407667,-0.017422
0.408000,-0.016601
0.408333,-0.015731
0.408667,-0.014817
0.409000,-0.013863
0.409333,-0.012874
0.409667,-0.011856
0.410000,-0.010812
0.410333,-0.009747
0.410667,-0.008667
0.411000,-0.007575
0.411333,-0.006477
0.411667,-0.005377
0.412000,-0.004279
0.412333,-0.003189
0.412667,-0.002109
0.413000,-0.001045
0.413333,-0.000000
0.413667,0.001022
0.414000,0.002018
0.414333,0.002983
0.414667,0.003915
0.415000,0.004811
0.415333,0.005668
0.415667,0.006484
0.416000,0.007255
0.416333,0.007980
0.416667,0.008657
0.417000,0.009285
0.417333,0.009861
0.417667,0.010385
0.418000,0.010855
0.418333,0.011272
0.418667,0.011634
0.419000,0.011941
0.419333,0.012193
0.419667,0.012391
0.420000,0.012535
0.420333,0.012625
0.420667,0.012662
0.421000,0.012647
0.421333,0.012582
0.421667,0.012468
0.422000,0.012306
0.422333,0.012097
0.422667,0.011845
0.423000,0.011551
0.423333,0.011217
0.423667,0.010844
0.424000,0.010437
0.424333,0.009996
0.424667,0.009525
0.425000,0.009026
0.425333,0.008501
0.425667,0.007954
0.426000,0.007387
0.426333,0.006802
0.426667,0.006203
0.427000,0.005592
0.427333,0.004973
0.427667,0.004346
0.428000,0.003716
0.428333,0.003085
0.428667,0.002455
0.429000,0.001830
0.429333,0.001210
0.429667,0.000600
0.430000,0.000000
0.430333,-0.000586
0.430667,-0.001158
0.431000,-0.001712
0.431333,-0.002246
0.431667,-0.002761
0.432000,-0.003252
0.432333,-0.003720
0.432667,-0.004163
0.433000,-0.004579
0.433333,-0.004967
0.433667,-0.005327
0.434000,-0.005658
0.434333,-0.005958
0.434667,-0.006228
0.435000,-0.006467
0.435333,-0.006675
0.435667,-0.006851
0.436000,-0.006996
0.436333,-0.007110
0.436667,-0.007192
0.437000,-0.007243
0.437333,-0.007265
0.437667,-0.007256
0.438000,-0.007219
0.438333,-0.007153
0.438667,-0.007060
0.439000,-0.006941
0.439333,-0.006796
0.439667,-0.006627
0.440000,-0.006436
0.440333,-0.006222
0.440667,-0.005988
0.441000,-0.005735
0.441333,-0.005465
0.441667,-0.005179
0.442000,-0.004878
0.442333,-0.004564
0.442667,-0.004238
0.443000,-0.003903
0.443333,-0.003559
0.443667,-0.003209
0.444000,-0.002853
0.444333,-0.002494
0.444667,-0.002132
0.445000,-0.001770
0.445333,-0.001409
0.445667,-0.001050
0.446000,-0.000694
0.446333,-0.000344
0.446667,-0.000000
0.447000,0.000336
0.447333,0.000664
0.447667,0.000982
0.448000,0.001289
0.448333,0.001584
0.448667,0.001866
0.449000,0.002134
0.449333,0.002388
0.449667,0.002627
0.450000,0.002850
0.450333,0.003056
0.450667,0.003246
0.451000,0.003419
0.451333,0.003574
0.451667,0.003711
0.452000,0.003830
0.452333,0.003931
0.452667,0.004014
0.453000,0.004079
0.453333,0.004126
0.453667,0.004156
0.454000,0.004168
0.454333,0.004163
0.454667,0.004142
0.455000,0.004104
0.455333,0.004051
0.455667,0.003982
0.456000,0.003899
0.456333,0.003802
0.456667,0.003692
0.457000,0.003570
0.457333,0.003436
0.457667,0.003291
0.458000,0.003136
0.458333,0.002971
0.458667,0.002799
0.459000,0.002618
0.459333,0.002432
0.459667,0.002239
0.460000,0.002042
0.460333,0.001841
0.460667,0.001637
0.461000,0.001431
0.461333,0.001223
0.461667,0.001016
0.462000,0.000808
0.462333,0.000602
0.462667,0.000398
0.463000,0.000197
0.463333,0.000000
0.463667,-0.000193
0.464000,-0.000381
0.464333,-0.000563
0.464667,-0.000740
0.465000,-0.000909
0.465333,-0.001071
0.465667,-0.001225
0.466000,-0.001370
0.466333,-0.001507
0.466667,-0.001635
0.467000,-0.001754
0.467333,-0.001862
0.467667,-0.001961
0.468000,-0.002050
0.468333,-0.002129
0.468667,-0.002197
0.469000,-0.002255
0.469333,-0.002303
0.469667,-0.002340
0.470000,-0.002368
0.470333,-0.002385
0.470667,-0.002392
0.471000,-0.002389
0.471333,-0.002376
0.471667,-0.002355
0.472000,-0.002324
0.472333,-0.002285
0.472667,-0.002237
0.473000,-0.002182
0.473333,-0.002119
0.473667,-0.002048
0.474000,-0.001971
0.474333,-0.001888
0.474667,-0.001799
0.475000,-0.001705
0.475333,-0.001606
0.475667,-0.001502
0.476000,-0.001395
0.476333,-0.001285
0.476667,-0.001172
0.477000,-0.001056
0.477333,-0.000939
0.477667,-0.000821
0.478000,-0.000702
0.478333,-0.000583
0.478667,-0.000464
0.479000,-0.000346
0.479333,-0.000229
0.479667,-0.000113
0.480000,-0.000000
0.480333,0.000111
0.480667,0.000219
0.481000,0.000323
0.481333,0.000424
0.481667,0.000521
0.482000,0.000614
0.482333,0.000703
0.482667,0.000786
0.483000,0.000865
0.483333,0.000938
0.483667,0.001006
0.484000,0.001069
0.484333,0.001125
0.484667,0.001176
0.485000,0.001222
0.485333,0.001261
0.485667,0.001294
0.486000,0.001321
0.486333,0.001343
0.486667,0.001358
0.487000,0.001368
0.487333,0.001372
0.487667,0.001371
0.488000,0.001363
0.488333,0.001351
0.488667,0.001334
0.489000,0.001311
0.489333,0.001284
0.489667,0.001252
0.490000,0.001216
0.490333,0.001175
0.490667,0.001131
0.491000,0.001083
0.491333,0.001032
0.491667,0.000978
0.492000,0.000921
0.492333,0.000862
0.492667,0.000800
0.493000,0.000737
0.493333,0.000672
0.493667,0.000606
0.494000,0.000539
0.494333,0.000471
0.494667,0.000403
0.495000,0.000334
0.495333,0.000266
0.495667,0.000198
0.496000,0.000131
0.496333,0.000065
0.496667,0.000000
0.497000,-0.000064
0.497333,-0.000125
0.497667,-0.000185
0.498000,-0.000243
0.498333,-0.000299
0.498667,-0.000352
0.499000,-0.000403
0.499333,-0.000451
0.499667,-0.000496
0.500000,-0.000538
0.500333,-0.000577
0.500667,-0.000613
0.501000,-0.000646
0.501333,-0.000675
0.501667,-0.000701
0.502000,-0.000723
0.502333,-0.000742
0.502667,-0.000758
0.503000,-0.000770
0.503333,-0.000779
0.503667,-0.000785
0.504000,-0.000787
0.504333,-0.000786
0.504667,-0.000782
0.505000,-0.000775
0.505333,-0.000765
0.505667,-0.000752
0.506000,-0.000736
0.506333,-0.000718
0.506667,-0.000697
0.507000,-0.000674
0.507333,-0.000649
0.507667,-0.000622
0.508000,-0.000592
0.508333,-0.000561
0.508667,-0.000529
0.509000,-0.000495
0.509333,-0.000459
0.509667,-0.000423
0.510000,-0.000386
0.510333,-0.000348
0.510667,-0.000309
0.511000,-0.000270
0.511333,-0.000231
0.511667,-0.000192
0.512000,-0.000153
0.512333,-0.000114
0.512667,-0.000075
0.513000,-0.000037
0.513333,-0.000000
0.513667,0.000036
0.514000,0.000072
0.514333,0.000106
0.514667,0.000140
0.515000,0.000172
0.515333,0.000202
0.515667,0.000231
0.516000,0.000259
0.516333,0.000285
0.516667,0.000309
0.517000,0.000331
0.517333,0.000352
0.517667,0.000370
0.518000,0.000387
0.518333,0.000402
0.518667,0.000415
0.519000,0.000426
0.519333,0.000435
0.519667,0.000442
0.520000,0.000447
0.520333,0.000450
0.520667,0.000452
0.521000,0.000451
0.521333,0.000449
0.521667,0.000445
0.522000,0.000439
0.522333,0.000432
0.522667,0.000423
0.523000,0.000412
0.523333,0.000400
0.523667,0.000387
0.524000,0.000372
0.524333,0.000357
0.524667,0.000340
0.525000,0.000322
0.525333,0.000303
0.525667,0.000284
0.526000,0.000264
0.526333,0.000243
0.526667,0.000221
0.527000,0.000200
0.527333,0.000177
0.527667,0.000155
0.528000,0.000133
0.528333,0.000110
0.528667,0.000088
0.529000,0.000065
0.529333,0.000043
0.529667,0.000021
0.530000,-0.000000
0.530333,-0.000021
0.530667,-0.000041
0.531000,-0.000061
0.531333,-0.000080
0.531667,-0.000098
0.532000,-0.000116
0.532333,-0.000133
0.532667,-0.000148
0.533000,-0.000163
0.533333,-0.000177
0.533667,-0.000190
0.534000,-0.000202
0.534333,-0.000213
0.534667,-0.000222
0.535000,-0.000231
0.535333,-0.000238
0.535667,-0.000244
0.536000,-0.000250
0.536333,-0.000254
0.536667,-0.000257
0.537000,-0.000258
0.537333,-0.000259
0.537667,-0.000259
0.538000,-0.000258
0.538333,-0.000255
0.538667,-0.000252
0.539000,-0.000248
0.539333,-0.000242
0.539667,-0.000236
0.540000,-0.000230
0.540333,-0.000222
0.540667,-0.000214
0.541000,-0.000205
0.541333,-0.000195
0.541667,-0.000185
0.542000,-0.000174
0.542333,-0.000163
0.542667,-0.000151
0.543000,-0.000139
0.543333,-0.000127
0.543667,-0.000114
0.544000,-0.000102
0.544333,-0.000089
0.544667,-0.000076
0.545000,-0.000063
0.545333,-0.000050
0.545667,-0.000037
0.546000,-0.000025
0.546333,-0.000012
0.546667,-0.000000
0.547000,0.000012
0.547333,0.000024
0.547667,0.000035
0.548000,0.000046
0.548333,0.000057
0.548667,0.000067
0.549000,0.000076
0.549333,0.000085
0.549667,0.000094
0.550000,0.000102
0.550333,0.000109
0.550667,0.000116
0.551000,0.000122
0.551333,0.000127
0.551667,0.000132
0.552000,0.000137
0.552333,0.000140
0.552667,0.000143
0.553000,0.000146
0.553333,0.000147
0.553667,0.000148
0.554000,0.000149
0.554333,0.000149
0.554667,0.000148
0.555000,0.000146
0.555333,0.000145
0.555667,0.000142
0.556000,0.000139
0.556333,0.000136
0.556667,0.000132
0.557000,0.000127
0.557333,0.000123
0.557667,0.000117
0.558000,0.000112
0.558333,0.000106
0.558667,0.000100
0.559000,0.000093
0.559333,0.000087
0.559667,0.000080
0.560000,0.000073
0.560333,0.000066
0.560667,0.000058
0.561000,0.000051
0.561333,0.000044
0.561667,0.000036
0.562000,0.000029
0.562333,0.000021
0.562667,0.000014
0.563000,0.000007
0.563333,-0.000000
0.563667,-0.000007
0.564000,-0.000014
0.564333,-0.000020
0.564667,-0.000026
0.565000,-0.000032
0.565333,-0.000038
0.565667,-0.000044
0.566000,-0.000049
0.566333,-0.000054
0.566667,-0.000058
0.567000,-0.000063
0.567333,-0.000066
0.567667,-0.000070
0.568000,-0.000073
0.568333,-0.000076
0.568667,-0.000078
0.569000,-0.000080
0.569333,-0.000082
0.569667,-0.000083
0.570000,-0.000084
0.570333,-0.000085
0.570667,-0.000085
0.571000,-0.000085
0.571333,-0.000085
0.571667,-0.000084
0.572000,-0.000083
0.572333,-0.000082
0.572667,-0.000080
0.573000,-0.000078
0.573333,-0.000076
0.573667,-0.000073
0.574000,-0.000070
0.574333,-0.000067
0.574667,-0.000064
0.575000,-0.000061
0.575333,-0.000057
0.575667,-0.000054
0.576000,-0.000050
0.576333,-0.000046
0.576667,-0.000042
0.577000,-0.000038
0.577333,-0.000034
0.577667,-0.000029
0.578000,-0.000025
0.578333,-0.000021
0.578667,-0.000017
0.579000,-0.000012
0.579333,-0.000008
0.579667,-0.000004
0.580000,-0.000000
0.580333,0.000004
0.580667,0.000008
0.581000,0.000012
0.581333,0.000015
0.581667,0.000019
0.582000,0.000022
0.582333,0.000025
0.582667,0.000028
0.583000,0.000031
0.583333,0.000033
0.583667,0.000036
0.584000,0.000038
0.584333,0.000040
0.584667,0.000042
0.585000,0.000044
0.585333,0.000045
0.585667,0.000046
0.586000,0.000047
0.586333,0.000048
0.586667,0.000048
0.587000,0.000049
0.587333,0.000049
0.587667,0.000049
0.588000,0.000049
0.588333,0.000048
0.588667,0.000048
0.589000,0.000047
0.589333,0.000046
0.589667,0.000045
0.590000,0.000043
0.590333,0.000042
0.590667,0.000040
0.591000,0.000039
0.591333,0.000037
0.591667,0.000035
0.592000,0.000033
0.592333,0.000031
0.592667,0.000029
0.593000,0.000026
0.593333,0.000024
0.593667,0.000022
0.594000,0.000019
0.594333,0.000017
0.594667,0.000014
0.595000,0.000012
0.595333,0.000009
0.595667,0.000007
0.596000,0.000005
0.596333,0.000002
0.596667,0.000000
0.597000,-0.000002
0.597333,-0.000004
0.597667,-0.000007
0.598000,-0.000009
0.598333,-0.000011
0.598667,-0.000013
0.599000,-0.000014
0.599333,-0.000016
0.599667,-0.000018
0.600000,-0.000019
0.600333,-0.000021
0.600667,-0.000022
0.601000,-0.000023
0.601333,-0.000024
0.601667,-0.000025
0.602000,-0.000026
0.602333,-0.000026
0.602667,-0.000027
0.603000,-0.000027
0.603333,-0.000028
0.603667,-0.000028
0.604000,-0.000028
0.604333,-0.000028
0.604667,-0.000028
0.605000,-0.000028
0.605333,-0.000027
0.605667,-0.000027
0.606000,-0.000026
0.606333,-0.000026
0.606667,-0.000025
0.607000,-0.000024
0.607333,-0.000023
0.607667,-0.000022
0.608000,-0.000021
0.608333,-0.000020
0.608667,-0.000019
0.609000,-0.000018
0.609333,-0.000016
0.609667,-0.000015
0.610000,-0.000014
0.610333,-0.000012
0.610667,-0.000011
0.611000,-0.000010
0.611333,-0.000008
0.611667,-0.000007
0.612000,-0.000005
0.612333,-0.000004
0.612667,-0.000003
0.613000,-0.000001
0.613333,-0.000000
0.613667,0.000001
0.614000,0.000003
0.614333,0.000004
0.614667,0.000005
0.615000,0.000006
0.615333,0.000007
0.615667,0.000008
0.616000,0.000009
0.616333,0.000010
0.616667,0.000011
0.617000,0.000012
0.617333,0.000013
0.617667,0.000013
0.618000,0.000014
0.618333,0.000014
0.618667,0.000015
0.619000,0.000015
0.619333,0.000016
0.619667,0.000016
0.620000,0.000016
0.620333,0.000016
0.620667,0.000016
0.621000,0.000016
0.621333,0.000016
0.621667,0.000016
0.622000,0.000016
0.622333,0.000015
0.622667,0.000015
0.623000,0.000015
0.623333,0.000014
0.623667,0.000014
0.624000,0.000013
0.624333,0.000013
0.624667,0.000012
0.625000,0.000011
0.625333,0.000011
0.625667,0.000010
0.626000,0.000009
0.626333,0.000009
0.626667,0.000008
0.627000,0.000007
0.627333,0.000006
0.627667,0.000006
0.628000,0.000005
0.628333,0.000004
0.628667,0.000003
0.629000,0.000002
0.629333,0.000002
0.629667,0.000001
0.630000,0.000000
0.630333,-0.000001
0.630667,-0.000001
0.631000,-0.000002
0.631333,-0.000003
0.631667,-0.000004
0.632000,-0.000004
0.632333,-0.000005
0.632667,-0.000005
0.633000,-0.000006
0.633333,-0.000006
0.633667,-0.000007
0.634000,-0.000007
0.634333,-0.000008
0.634667,-0.000008
0.635000,-0.000008
0.635333,-0.000008
0.635667,-0.000009
0.636000,-0.000009
0.636333,-0.000009
0.636667,-0.000009
0.637000,-0.000009
0.637333,-0.000009
0.637667,-0.000009
0.638000,-0.000009
0.638333,-0.000009
0.638667,-0.000009
0.639000,-0.000009
0.639333,-0.000009
0.639667,-0.000008
0.640000,-0.000008
0.640333,-0.000008
0.640667,-0.000008
0.641000,-0.000007
0.641333,-0.000007
0.641667,-0.000007
0.642000,-0.000006
0.642333,-0.000006
0.642667,-0.000005
0.643000,-0.000005
0.643333,-0.000005
0.643667,-0.000004
0.644000,-0.000004
0.644333,-0.000003
0.644667,-0.000003
0.645000,-0.000002
0.645333,-0.000002
0.645667,-0.000001
0.646000,-0.000001
0.646333,-0.000000
0.646667,-0.000000
0.647000,0.000000
0.647333,0.000001
0.647667,0.000001
0.648000,0.000002
0.648333,0.000002
0.648667,0.000002
0.649000,0.000003
0.649333,0.000003
0.649667,0.000003
0.650000,0.000004
0.650333,0.001246
0.650667,0.002456
0.651000,0.003629
0.651333,0.004762
0.651667,0.005851
0.652000,0.006893
0.652333,0.007883
0.652667,0.008821
0.653000,0.009702
0.653333,0.010525
0.653667,0.011287
0.654000,0.011987
0.654333,0.012624
0.654667,0.013196
0.655000,0.013702
0.655333,0.014141
0.655667,0.014515
0.656000,0.014821
0.656333,0.015061
0.656667,0.015236
0.657000,0.015345
0.657333,0.015390
0.657667,0.015372
0.658000,0.015292
0.658333,0.015153
0.658667,0.014956
0.659000,0.014703
0.659333,0.014396
0.659667,0.014038
0.660000,0.013632
0.660333,0.013179
0.660667,0.012684
0.661000,0.012148
0.661333,0.011575
0.661667,0.010968
0.662000,0.010331
0.662333,0.009666
0.662667,0.008976
0.663000,0.008266
0.663333,0.007538
0.663667,0.006795
0.664000,0.006042
0.664333,0.005280
0.664667,0.004515
0.665000,0.003747
0.665333,0.002982
0.665667,0.002222
0.666000,0.001469
0.666333,0.000727
0.666667,-0.000002
0.667000,-0.000715
0.667333,-0.001409
0.667667,-0.002082
0.668000,-0.002732
0.668333,-0.003357
0.668667,-0.003955
0.669000,-0.004523
0.669333,-0.005061
0.669667,-0.005567
0.670000,-0.006039
0.670333,-0.006476
0.670667,-0.006878
0.671000,-0.007243
0.671333,-0.007571
0.671667,-0.007861
0.672000,-0.008114
0.672333,-0.008328
0.672667,-0.008504
0.673000,-0.008641
0.673333,-0.008741
0.673667,-0.008804
0.674000,-0.008830
0.674333,-0.008820
0.674667,-0.008774
0.675000,-0.008694
0.675333,-0.008581
0.675667,-0.008436
0.676000,-0.008260
0.676333,-0.008055
0.676667,-0.007821
0.677000,-0.007562
0.677333,-0.007277
0.677667,-0.006970
0.678000,-0.006641
0.678333,-0.006293
0.678667,-0.005927
0.679000,-0.005546
0.679333,-0.005150
0.679667,-0.004742
0.680000,-0.004325
0.680333,-0.003899
0.680667,-0.003466
0.681000,-0.003030
0.681333,-0.002590
0.681667,-0.002150
0.682000,-0.001711
0.682333,-0.001275
0.682667,-0.000843
0.683000,-0.000417
0.683333,0.000001
0.683667,0.000410
0.684000,0.000808
0.684333,0.001195
0.684667,0.001568
0.685000,0.001926
0.685333,0.002269
0.685667,0.002595
0.686000,0.002904
0.686333,0.003194
0.686667,0.003465
0.687000,0.003716
0.687333,0.003946
0.687667,0.004156
0.688000,0.004344
0.688333,0.004510
0.688667,0.004655
0.689000,0.004778
0.689333,0.004879
0.689667,0.004958
0.690000,0.005015
0.690333,0.005051
0.690667,0.005066
0.691000,0.005060
0.691333,0.005034
0.691667,0.004988
0.692000,0.004923
0.692333,0.004840
0.692667,0.004739
0.693000,0.004621
0.693333,0.004488
0.693667,0.004339
0.694000,0.004175
0.694333,0.003999
0.694667,0.003811
0.695000,0.003611
0.695333,0.003401
0.695667,0.003182
0.696000,0.002955
0.696333,0.002721
0.696667,0.002481
0.697000,0.002237
0.697333,0.001989
0.697667,0.001738
0.698000,0.001486
0.698333,0.001234
0.698667,0.000982
0.699000,0.000731
0.699333,0.000484
0.699667,0.000239
0.700000,-0.000001
0.700333,-0.000235
0.700667,-0.000464
0.701000,-0.000685
0.701333,-0.000899
0.701667,-0.001105
0.702000,-0.001302
0.702333,-0.001489
0.702667,-0.001666
0.703000,-0.001832
0.703333,-0.001988
0.703667,-0.002132
0.704000,-0.002264
0.704333,-0.002384
0.704667,-0.002492
0.705000,-0.002588
0.705333,-0.002671
0.705667,-0.002741
0.706000,-0.002799
0.706333,-0.002845
0.706667,-0.002878
0.707000,-0.002898
0.707333,-0.002907
0.707667,-0.002903
0.708000,-0.002888
0.708333,-0.002862
0.708667,-0.002825
0.709000,-0.002777
0.709333,-0.002719
0.709667,-0.002651
0.710000,-0.002575
0.710333,-0.002489
0.710667,-0.002396
0.711000,-0.002294
0.711333,-0.002186
0.711667,-0.002072
0.712000,-0.001951
0.712333,-0.001826
0.712667,-0.001695
0.713000,-0.001561
0.713333,-0.001424
0.713667,-0.001283
0.714000,-0.001141
0.714333,-0.000997
0.714667,-0.000853
0.715000,-0.000708
0.715333,-0.000563
0.715667,-0.000420
0.716000,-0.000277
0.716333,-0.000137
0.716667,0.000000
0.717000,0.000135
0.717333,0.000266
0.717667,0.000393
0.718000,0.000516
0.718333,0.000634
0.718667,0.000747
0.719000,0.000854
0.719333,0.000956
0.719667,0.001051
0.720000,0.001141
0.720333,0.001223
0.720667,0.001299
0.721000,0.001368
0.721333,0.001430
0.721667,0.001485
0.722000,0.001532
0.722333,0.001573
0.722667,0.001606
0.723000,0.001632
0.723333,0.001651
0.723667,0.001663
0.724000,0.001668
0.724333,0.001666
0.724667,0.001657
0.725000,0.001642
0.725333,0.001621
0.725667,0.001593
0.726000,0.001560
0.726333,0.001521
0.726667,0.001477
0.727000,0.001428
0.727333,0.001375
0.727667,0.001316
0.728000,0.001254
0.728333,0.001189
0.728667,0.001120
0.729000,0.001047
0.729333,0.000973
0.729667,0.000896
0.730000,0.000817
0.730333,0.000736
0.730667,0.000655
0.731000,0.000572
0.731333,0.000489
0.731667,0.000406
0.732000,0.000323
0.732333,0.000241
0.732667,0.000159
0.733000,0.000079
0.733333,-0.000000
0.733667,-0.000077
0.734000,-0.000153
0.734333,-0.000226
0.734667,-0.000296
0.735000,-0.000364
0.735333,-0.000429
0.735667,-0.000490
0.736000,-0.000548
0.736333,-0.000603
0.736667,-0.000654
0.737000,-0.000702
0.737333,-0.000745
0.737667,-0.000785
0.738000,-0.000820
0.738333,-0.000852
0.738667,-0.000879
0.739000,-0.000902
0.739333,-0.000922
0.739667,-0.000936
0.740000,-0.000947
0.740333,-0.000954
0.740667,-0.000957
0.741000,-0.000956
0.741333,-0.000951
0.741667,-0.000942
0.742000,-0.000930
0.742333,-0.000914
0.742667,-0.000895
0.743000,-0.000873
0.743333,-0.000848
0.743667,-0.000819
0.744000,-0.000789
0.744333,-0.000755
0.744667,-0.000720
0.745000,-0.000682
0.745333,-0.000642
0.745667,-0.000601
0.746000,-0.000558
0.746333,-0.000514
0.746667,-0.000469
0.747000,-0.000422
0.747333,-0.000376
0.747667,-0.000328
0.748000,-0.000281
0.748333,-0.000233
0.748667,-0.000185
0.749000,-0.000138
0.749333,-0.000091
0.749667,-0.000045
0.750000,0.000000
0.750333,0.000044
0.750667,0.000088
0.751000,0.000129
0.751333,0.000170
0.751667,0.000209
0.752000,0.000246
0.752333,0.000281
0.752667,0.000315
0.753000,0.000346
0.753333,0.000375
0.753667,0.000403
0.754000,0.000428
0.754333,0.000450
0.754667,0.000471
0.755000,0.000489
0.755333,0.000504
0.755667,0.000518
0.756000,0.000529
0.756333,0.000537
0.756667,0.000544
0.757000,0.000547
0.757333,0.000549
0.757667,0.000548
0.758000,0.000546
0.758333,0.000541
0.758667,0.000534
0.759000,0.000525
0.759333,0.000514
0.759667,0.000501
0.760000,0.000486
0.760333,0.000470
0.760667,0.000452
0.761000,0.000433
0.761333,0.000413
0.761667,0.000391
0.762000,0.000369
0.762333,0.000345
0.762667,0.000320
0.763000,0.000295
0.763333,0.000269
0.763667,0.000242
0.764000,0.000216
0.764333,0.000188
0.764667,0.000161
0.765000,0.000134
0.765333,0.000106
0.765667,0.000079
0.766000,0.000052
0.766333,0.000026
0.766667,-0.000000
0.767000,-0.000025
0.767333,-0.000050
0.767667,-0.000074
0.768000,-0.000097
0.768333,-0.000120
0.768667,-0.000141
0.769000,-0.000161
0.769333,-0.000181
0.769667,-0.000199
0.770000,-0.000215
0.770333,-0.000231
0.770667,-0.000245
0.771000,-0.000258
0.771333,-0.000270
0.771667,-0.000280
0.772000,-0.000289
0.772333,-0.000297
0.772667,-0.000303
0.773000,-0.000308
0.773333,-0.000312
0.773667,-0.000314
0.774000,-0.000315
0.774333,-0.000315
0.774667,-0.000313
0.775000,-0.000310
0.775333,-0.000306
0.775667,-0.000301
0.776000,-0.000295
0.776333,-0.000287
0.776667,-0.000279
0.777000,-0.000270
0.777333,-0.000260
0.777667,-0.000249
0.778000,-0.000237
0.778333,-0.000225
0.778667,-0.000211
0.779000,-0.000198
0.779333,-0.000184
0.779667,-0.000169
0.780000,-0.000154
0.780333,-0.000139
0.780667,-0.000124
0.781000,-0.000108
0.781333,-0.000092
0.781667,-0.000077
0.782000,-0.000061
0.782333,-0.000045
0.782667,-0.000030
0.783000,-0.000015
0.783333,0.000000
0.783667,0.000015
0.784000,0.000029
0.784333,0.000043
0.784667,0.000056
0.785000,0.000069
0.785333,0.000081
0.785667,0.000093
0.786000,0.000104
0.786333,0.000114
0.786667,0.000124
0.787000,0.000133
0.787333,0.000141
0.787667,0.000148
0.788000,0.000155
0.788333,0.000161
0.788667,0.000166
0.789000,0.000170
0.789333,0.000174
0.789667,0.000177
0.790000,0.000179
0.790333,0.000180
0.790667,0.000181
0.791000,0.000181
0.791333,0.000180
0.791667,0.000178
0.792000,0.000176
0.792333,0.000173
0.792667,0.000169
0.793000,0.000165
0.793333,0.000160
0.793667,0.000155
0.794000,0.000149
0.794333,0.000143
0.794667,0.000136
0.795000,0.000129
0.795333,0.000121
0.795667,0.000114
0.796000,0.000105
0.796333,0.000097
0.796667,0.000089
0.797000,0.000080
0.797333,0.000071
0.797667,0.000062
0.798000,0.000053
0.798333,0.000044
0.798667,0.000035
0.799000,0.000026
0.799333,0.000017
0.799667,0.000009
0.800000,-0.000000
0.800333,-0.000008
0.800667,-0.000017
0.801000,-0.000024
0.801333,-0.000032
0.801667,-0.000039
0.802000,-0.000046
0.802333,-0.000053
0.802667,-0.000059
0.803000,-0.000065
0.803333,-0.000071
0.803667,-0.000076
0.804000,-0.000081
0.804333,-0.000085
0.804667,-0.000089
0.805000,-0.000092
0.805333,-0.000095
0.805667,-0.000098
0.806000,-0.000100
0.806333,-0.000101
0.806667,-0.000103
0.807000,-0.000103
0.807333,-0.000104
0.807667,-0.000104
0.808000,-0.000103
0.808333,-0.000102
0.808667,-0.000101
0.809000,-0.000099
0.809333,-0.000097
0.809667,-0.000095
0.810000,-0.000092
0.810333,-0.000089
0.810667,-0.000085
0.811000,-0.000082
0.811333,-0.000078
0.811667,-0.000074
0.812000,-0.000070
0.812333,-0.000065
0.812667,-0.000060
0.813000,-0.000056
0.813333,-0.000051
0.813667,-0.000046
0.814000,-0.000041
0.814333,-0.000036
0.814667,-0.000030
0.815000,-0.000025
0.815333,-0.000020
0.815667,-0.000015
0.816000,-0.000010
0.816333,-0.000005
0.816667,0.000000
0.817000,0.000005
0.817333,0.000009
0.817667,0.000014
0.818000,0.000018
0.818333,0.000023
0.818667,0.000027
0.819000,0.000030
0.819333,0.000034
0.819667,0.000038
0.820000,0.000041
0.820333,0.000044
0.820667,0.000046
0.821000,0.000049
0.821333,0.000051
0.821667,0.000053
0.822000,0.000055
0.822333,0.000056
0.822667,0.000057
0.823000,0.000058
0.823333,0.000059
0.823667,0.000059
0.824000,0.000059
0.824333,0.000059
0.824667,0.000059
0.825000,0.000059
0.825333,0.000058
0.825667,0.000057
0.826000,0.000056
0.826333,0.000054
0.826667,0.000053
0.827000,0.000051
0.827333,0.000049
0.827667,0.000047
0.828000,0.000045
0.828333,0.000042
0.828667,0.000040
0.829000,0.000037
0.829333,0.000035
0.829667,0.000032
0.830000,0.000029
0.830333,0.000026
0.830667,0.000023
0.831000,0.000020
0.831333,0.000017
0.831667,0.000014
0.832000,0.000012
0.832333,0.000009
0.832667,0.000006
0.833000,0.000003
0.833333,-0.000000
0.833667,-0.000003
0.834000,-0.000005
0.834333,-0.000008
0.834667,-0.000011
0.835000,-0.000013
0.835333,-0.000015
0.835667,-0.000017
0.836000,-0.000020
0.836333,-0.000022
0.836667,-0.000023
0.837000,-0.000025
0.837333,-0.000027
0.837667,-0.000028
0.838000,-0.000029
0.838333,-0.000030
0.838667,-0.000031
0.839000,-0.000032
0.839333,-0.000033
0.839667,-0.000033
0.840000,-0.000034
0.840333,-0.000034
0.840667,-0.000034
0.841000,-0.000034
0.841333,-0.000034
0.841667,-0.000034
0.842000,-0.000033
0.842333,-0.000033
0.842667,-0.000032
0.843000,-0.000031
0.843333,-0.000030
0.843667,-0.000029
0.844000,-0.000028
0.844333,-0.000027
0.844667,-0.000026
0.845000,-0.000024
0.845333,-0.000023
0.845667,-0.000021
0.846000,-0.000020
0.846333,-0.000018
0.846667,-0.000017
0.847000,-0.000015
0.847333,-0.000013
0.847667,-0.000012
0.848000,-0.000010
0.848333,-0.000008
0.848667,-0.000007
0.849000,-0.000005
0.849333,-0.000003
0.849667,-0.000002
0.850000,0.000000
0.850333,0.000002
0.850667,0.000003
0.851000,0.000005
0.851333,0.000006
0.851667,0.000007
0.852000,0.000009
0.852333,0.000010
0.852667,0.000011
0.853000,0.000012
0.853333,0.000013
0.853667,0.000014
0.854000,0.000015
0.854333,0.000016
0.854667,0.000017
0.855000,0.000017
0.855333,0.000018
0.855667,0.000018
0.856000,0.000019
0.856333,0.000019
0.856667,0.000019
0.857000,0.000020
0.857333,0.000020
0.857667,0.000020
0.858000,0.000019
0.858333,0.000019
0.858667,0.000019
0.859000,0.000019
0.859333,0.000018
0.859667,0.000018
0.860000,0.000017
0.860333,0.000017
0.860667,0.000016
0.861000,0.000015
0.861333,0.000015
0.861667,0.000014
0.862000,0.000013
0.862333,0.000012
0.862667,0.000011
0.863000,0.000011
0.863333,0.000010
0.863667,0.000009
0.864000,0.000008
0.864333,0.000007
0.864667,0.000006
0.865000,0.000005
0.865333,0.000004
0.865667,0.000003
0.866000,0.000002
0.866333,0.000001
0.866667,-0.000000
0.867000,-0.000001
0.867333,-0.000002
0.867667,-0.000003
0.868000,-0.000003
0.868333,-0.000004
0.868667,-0.000005
0.869000,-0.000006
0.869333,-0.000006
0.869667,-0.000007
0.870000,-0.000008
0.870333,-0.000008
0.870667,-0.000009
0.871000,-0.000009
0.871333,-0.000010
0.871667,-0.000010
0.872000,-0.000010
0.872333,-0.000011
0.872667,-0.000011
0.873000,-0.000011
0.873333,-0.000011
0.873667,-0.000011
0.874000,-0.000011
0.874333,-0.000011
0.874667,-0.000011
0.875000,-0.000011
0.875333,-0.000011
0.875667,-0.000011
0.876000,-0.000011
0.876333,-0.000010
0.876667,-0.000010
0.877000,-0.000010
0.877333,-0.000009
0.877667,-0.000009
0.878000,-0.000008
0.878333,-0.000008
0.878667,-0.000008
0.879000,-0.000007
0.879333,-0.000007
0.879667,-0.000006
0.880000,-0.000006
0.880333,-0.000005
0.880667,-0.000004
0.881000,-0.000004
0.881333,-0.000003
0.881667,-0.000003
0.882000,-0.000002
0.882333,-0.000002
0.882667,-0.000001
0.883000,-0.000001
0.883333,0.000000
0.883667,0.000001
0.884000,0.000001
0.884333,0.000002
0.884667,0.000002
0.885000,0.000002
0.885333,0.000003
0.885667,0.000003
0.886000,0.000004
0.886333,0.000004
0.886667,0.000004
0.887000,0.000005
0.887333,0.000005
0.887667,0.000005
0.888000,0.000006
0.888333,0.000006
0.888667,0.000006
0.889000,0.000006
0.889333,0.000006
0.889667,0.000006
0.890000,0.000006
0.890333,0.000006
0.890667,0.000006
0.891000,0.000006
0.891333,0.000006
0.891667,0.000006
0.892000,0.000006
0.892333,0.000006
0.892667,0.000006
0.893000,0.000006
0.893333,0.000006
0.893667,0.000006
0.894000,0.000005
0.894333,0.000005
0.894667,0.000005
0.895000,0.000005
0.895333,0.000004
0.895667,0.000004
0.896000,0.000004
0.896333,0.000003
0.896667,0.000003
0.897000,0.000003
0.897333,0.000003
0.897667,0.000002
0.898000,0.000002
0.898333,0.000002
0.898667,0.000001
0.899000,0.000001
0.899333,0.000001
0.899667,0.000000
0.900000,-0.000000
0.900333,-0.000000
0.900667,-0.000001
0.901000,-0.000001
0.901333,-0.000001
0.901667,-0.000001
0.902000,-0.000002
0.902333,-0.000002
0.902667,-0.000002
0.903000,-0.000002
0.903333,-0.000003
0.903667,-0.000003
0.904000,-0.000003
0.904333,-0.000003
0.904667,-0.000003
0.905000,-0.000003
0.905333,-0.000003
0.905667,-0.000003
0.906000,-0.000004
0.906333,-0.000004
0.906667,-0.000004
0.907000,-0.000004
0.907333,-0.000004
0.907667,-0.000004
0.908000,-0.000004
0.908333,-0.000004
0.908667,-0.000004
0.909000,-0.000004
0.909333,-0.000003
0.909667,-0.000003
0.910000,-0.000003
0.910333,-0.000003
0.910667,-0.000003
0.911000,-0.000003
0.911333,-0.000003
0.911667,-0.000003
0.912000,-0.000002
0.912333,-0.000002
0.912667,-0.000002
0.913000,-0.000002
0.913333,-0.000002
0.913667,-0.000002
0.914000,-0.000001
0.914333,-0.000001
0.914667,-0.000001
0.915000,-0.000001
0.915333,-0.000001
0.915667,-0.000001
0.916000,-0.000000
0.916333,-0.000000
0.916667,0.000000
0.917000,0.000000
0.917333,0.000000
0.917667,0.000001
0.918000,0.000001
0.918333,0.000001
0.918667,0.000001
0.919000,0.000001
0.919333,0.000001
0.919667,0.000001
0.920000,0.000001
0.920333,0.000002
0.920667,0.000002
0.921000,0.000002
0.921333,0.000002
0.921667,0.000002
0.922000,0.000002
0.922333,0.000002
0.922667,0.000002
0.923000,0.000002
0.923333,0.000002
0.923667,0.000002
0.924000,0.000002
0.924333,0.000002
0.924667,0.000002
0.925000,0.000002
0.925333,0.000002
0.925667,0.000002
0.926000,0.000002
0.926333,0.000002
0.926667,0.000002
0.927000,0.000002
0.927333,0.000002
0.927667,0.000002
0.928000,0.000002
0.928333,0.000002
0.928667,0.000001
0.929000,0.000001
0.929333,0.000001
0.929667,0.000001
0.930000,0.000001
0.930333,0.000001
0.930667,0.000001
0.931000,0.000001
0.931333,0.000001
0.931667,0.000001
0.932000,0.000000
0.932333,0.000000
0.932667,0.000000
0.933000,0.000000
0.933333,-0.000000
0.933667,-0.000000
0.934000,-0.000000
0.934333,-0.000000
0.934667,-0.000000
0.935000,-0.000000
0.935333,-0.000001
0.935667,-0.000001
0.936000,-0.000001
0.936333,-0.000001
0.936667,-0.000001
0.937000,-0.000001
0.937333,-0.000001
0.937667,-0.000001
0.938000,-0.000001
0.938333,-0.000001
0.938667,-0.000001
0.939000,-0.000001
0.939333,-0.000001
0.939667,-0.000001
0.940000,-0.000001
0.940333,-0.000001
0.940667,-0.000001
0.941000,-0.000001
0.941333,-0.000001
0.941667,-0.000001
0.942000,-0.000001
0.942333,-0.000001
0.942667,-0.000001
0.943000,-0.000001
0.943333,-0.000001
0.943667,-0.000001
0.944000,-0.000001
0.944333,-0.000001
0.944667,-0.000001
0.945000,-0.000001
0.945333,-0.000001
0.945667,-0.000001
0.946000,-0.000001
0.946333,-0.000001
0.946667,-0.000001
0.947000,-0.000001
0.947333,-0.000000
0.947667,-0.000000
0.948000,-0.000000
0.948333,-0.000000
0.948667,-0.000000
0.949000,-0.000000
0.949333,-0.000000
0.949667,-0.000000
0.950000,0.000000
0.950333,0.000000
0.950667,0.000000
0.951000,0.000000
0.951333,0.000000
0.951667,0.000000
0.952000,0.000000
0.952333,0.000000
0.952667,0.000000
0.953000,0.000000
0.953333,0.000000
0.953667,0.000001
0.954000,0.000001
0.954333,0.000001
0.954667,0.000001
0.955000,0.000001
0.955333,0.000001
0.955667,0.000001
0.956000,0.000001
0.956333,0.000001
0.956667,0.000001
0.957000,0.000001
0.957333,0.000001
0.957667,0.000001
0.958000,0.000001
0.958333,0.000001
0.958667,0.000001
0.959000,0.000001
0.959333,0.000001
0.959667,0.000001
0.960000,0.000001
0.960333,0.000001
0.960667,0.000001
0.961000,0.000001
0.961333,0.000001
0.961667,0.000000
0.962000,0.000000
0.962333,0.000000
0.962667,0.000000
0.963000,0.000000
0.963333,0.000000
0.963667,0.000000
0.964000,0.000000
0.964333,0.000000
0.964667,0.000000
0.965000,0.000000
0.965333,0.000000
0.965667,0.000000
0.966000,0.000000
0.966333,0.000000
0.966667,-0.000000
0.967000,-0.000000
0.967333,-0.000000
0.967667,-0.000000
0.968000,-0.000000
0.968333,-0.000000
0.968667,-0.000000
0.969000,-0.000000
0.969333,-0.000000
0.969667,-0.000000
0.970000,-0.000000
0.970333,-0.000000
0.970667,-0.000000
0.971000,-0.000000
0.971333,-0.000000
0.971667,-0.000000
0.972000,-0.000000
0.972333,-0.000000
0.972667,-0.000000
0.973000,-0.000000
0.973333,-0.000000
0.973667,-0.000000
0.974000,-0.000000
0.974333,-0.000000
0.974667,-0.000000
0.975000,-0.000000
0.975333,-0.000000
0.975667,-0.000000
0.976000,-0.000000
0.976333,-0.000000
0.976667,-0.000000
0.977000,-0.000000
0.977333,-0.000000
0.977667,-0.000000
0.978000,-0.000000
0.978333,-0.000000
0.978667,-0.000000
0.979000,-0.000000
0.979333,-0.000000
0.979667,-0.000000
0.980000,-0.000000
0.980333,-0.000000
0.980667,-0.000000
0.981000,-0.000000
0.981333,-0.000000
0.981667,-0.000000
0.982000,-0.000000
0.982333,-0.000000
0.982667,-0.000000
0.983000,-0.000000
0.983333,0.000000
0.983667,0.000000
0.984000,0.000000
0.984333,0.000000
0.984667,0.000000
0.985000,0.000000
0.985333,0.000000
0.985667,0.000000
0.986000,0.000000
0.986333,0.000000
0.986667,0.000000
0.987000,0.000000
0.987333,0.000000
0.987667,0.000000
0.988000,0.000000
0.988333,0.000000
0.988667,0.000000
0.989000,0.000000
0.989333,0.000000
0.989667,0.000000
0.990000,0.000000
0.990333,0.000000
0.990667,0.000000
0.991000,0.000000
0.991333,0.000000
0.991667,0.000000
0.992000,0.000000
0.992333,0.000000
0.992667,0.000000
0.993000,0.000000
0.993333,0.000000
0.993667,0.000000
0.994000,0.000000
0.994333,0.000000
0.994667,0.000000
0.995000,0.000000
0.995333,0.000000
0.995667,0.000000
0.996000,0.000000
0.996333,0.000000
0.996667,0.000000
0.997000,0.000000
0.997333,0.000000
0.997667,0.000000
0.998000,0.000000
0.998333,0.000000
0.998667,0.000000
0.999000,0.000000
0.999333,0.000000
0.999667,0.000000
1.000000,-0.000000
1.000333,-0.000000
1.000667,-0.000000
1.001000,-0.000000
1.001333,-0.000000
1.001667,-0.000000
1.002000,-0.000000
1.002333,-0.000000
1.002667,-0.000000
1.003000,-0.000000
1.003333,-0.000000
1.003667,-0.000000
1.004000,-0.000000
1.004333,-0.000000
1.004667,-0.000000
1.005000,-0.000000
1.005333,-0.000000
1.005667,-0.000000
1.006000,-0.000000
1.006333,-0.000000
1.006667,-0.000000
1.007000,-0.000000
1.007333,-0.000000
1.007667,-0.000000
1.008000,-0.000000
1.008333,-0.000000
1.008667,-0.000000
1.009000,-0.000000
1.009333,-0.000000
1.009667,-0.000000
1.010000,-0.000000
1.010333,-0.000000
1.010667,-0.000000
1.011000,-0.000000
1.011333,-0.000000
1.011667,-0.000000
1.012000,-0.000000
1.012333,-0.000000
1.012667,-0.000000
1.013000,-0.000000
1.013333,-0.000000
1.013667,-0.000000
1.014000,-0.000000
1.014333,-0.000000
1.014667,-0.000000
1.015000,-0.000000
1.015333,-0.000000
1.015667,-0.000000
1.016000,-0.000000
1.016333,-0.000000
1.016667,0.000000
1.017000,0.000000
1.017333,0.000000
1.017667,0.000000
1.018000,0.000000
1.018333,0.000000
1.018667,0.000000
1.019000,0.000000
1.019333,0.000000
1.019667,0.000000
1.020000,0.000000
1.020333,0.000000
1.020667,0.000000
1.021000,0.000000
1.021333,0.000000
1.021667,0.000000
1.022000,0.000000
1.022333,0.000000
1.022667,0.000000
1.023000,0.000000
1.023333,0.000000
1.023667,0.000000
1.024000,0.000000
1.024333,0.000000
1.024667,0.000000
1.025000,0.000000
1.025333,0.000000
1.025667,0.000000
1.026000,0.000000
1.026333,0.000000
1.026667,0.000000
1.027000,0.000000
1.027333,0.000000
1.027667,0.000000
1.028000,0.000000
1.028333,0.000000
1.028667,0.000000
1.029000,0.000000
1.029333,0.000000
1.029667,0.000000
1.030000,0.000000
1.030333,0.000000
1.030667,0.000000
1.031000,0.000000
1.031333,0.000000
1.031667,0.000000
1.032000,0.000000
1.032333,0.000000
1.032667,0.000000
1.033000,0.000000
1.033333,-0.000000
1.033667,-0.000000
1.034000,-0.000000
1.034333,-0.000000
1.034667,-0.000000
1.035000,-0.000000
1.035333,-0.000000
1.035667,-0.000000
1.036000,-0.000000
1.036333,-0.000000
1.036667,-0.000000
1.037000,-0.000000
1.037333,-0.000000
1.037667,-0.000000
1.038000,-0.000000
1.038333,-0.000000
1.038667,-0.000000
1.039000,-0.000000
1.039333,-0.000000
1.039667,-0.000000
1.040000,-0.000000
1.040333,-0.000000
1.040667,-0.000000
1.041000,-0.000000
1.041333,-0.000000
1.041667,-0.000000
1.042000,-0.000000
1.042333,-0.000000
1.042667,-0.000000
1.043000,-0.000000
1.043333,-0.000000
1.043667,-0.000000
1.044000,-0.000000
1.044333,-0.000000
1.044667,-0.000000
1.045000,-0.000000
1.045333,-0.000000
1.045667,-0.000000
1.046000,-0.000000
1.046333,-0.000000
1.046667,-0.000000
1.047000,-0.000000
1.047333,-0.000000
1.047667,-0.000000
1.048000,-0.000000
1.048333,-0.000000
1.048667,-0.000000
1.049000,-0.000000
1.049333,-0.000000
1.049667,-0.000000
1.050000,0.000000
1.050333,0.000000
1.050667,0.000000
1.051000,0.000000
1.051333,0.000000
1.051667,0.000000
1.052000,0.000000
1.052333,0.000000
1.052667,0.000000
1.053000,0.000000
1.053333,0.000000
1.053667,0.000000
1.054000,0.000000
1.054333,0.000000
1.054667,0.000000
1.055000,0.000000
1.055333,0.000000
1.055667,0.000000
1.056000,0.000000
1.056333,0.000000
1.056667,0.000000
1.057000,0.000000
1.057333,0.000000
1.057667,0.000000
1.058000,0.000000
1.058333,0.000000
1.058667,0.000000
1.059000,0.000000
1.059333,0.000000
1.059667,0.000000
1.060000,0.000000
1.060333,0.000000
1.060667,0.000000
1.061000,0.000000
1.061333,0.000000
1.061667,0.000000
1.062000,0.000000
1.062333,0.000000
1.062667,0.000000
1.063000,0.000000
1.063333,0.000000
1.063667,0.000000
1.064000,0.000000
1.064333,0.000000
1.064667,0.000000
1.065000,0.000000
1.065333,0.000000
1.065667,0.000000
1.066000,0.000000
1.066333,0.000000
1.066667,-0.000000
1.067000,-0.000000
1.067333,-0.000000
1.067667,-0.000000
1.068000,-0.000000
1.068333,-0.000000
1.068667,-0.000000
1.069000,-0.000000
1.069333,-0.000000
1.069667,-0.000000
1.070000,-0.000000
1.070333,-0.000000
1.070667,-0.000000
1.071000,-0.000000
1.071333,-0.000000
1.071667,-0.000000
1.072000,-0.000000
1.072333,-0.000000
1.072667,-0.000000
1.073000,-0.000000
1.073333,-0.000000
1.073667,-0.000000
1.074000,-0.000000
1.074333,-0.000000
1.074667,-0.000000
1.075000,-0.000000
1.075333,-0.000000
1.075667,-0.000000
1.076000,-0.000000
1.076333,-0.000000
1.076667,-0.000000
1.077000,-0.000000
1.077333,-0.000000
1.077667,-0.000000
1.078000,-0.000000
1.078333,-0.000000
1.078667,-0.000000
1.079000,-0.000000
1.079333,-0.000000
1.079667,-0.000000
1.080000,-0.000000
1.080333,-0.000000
1.080667,-0.000000
1.081000,-0.000000
1.081333,-0.000000
1.081667,-0.000000
1.082000,-0.000000
1.082333,-0.000000
1.082667,-0.000000
1.083000,-0.000000
1.083333,0.000000
1.083667,0.000000
1.084000,0.000000
1.084333,0.000000
1.084667,0.000000
1.085000,0.000000
1.085333,0.000000
1.085667,0.000000
1.086000,0.000000
1.086333,0.000000
1.086667,0.000000
1.087000,0.000000
1.087333,0.000000
1.087667,0.000000
1.088000,0.000000
1.088333,0.000000
1.088667,0.000000
1.089000,0.000000
1.089333,0.000000
1.089667,0.000000
1.090000,0.000000
1.090333,0.000000
1.090667,0.000000
1.091000,0.000000
1.091333,0.000000
1.091667,0.000000
1.092000,0.000000
1.092333,0.000000
1.092667,0.000000
1.093000,0.000000
1.093333,0.000000
1.093667,0.000000
1.094000,0.000000
1.094333,0.000000
1.094667,0.000000
1.095000,0.000000
1.095333,0.000000
1.095667,0.000000
1.096000,0.000000
1.096333,0.000000
1.096667,0.000000
1.097000,0.000000
1.097333,0.000000
1.097667,0.000000
1.098000,0.000000
1.098333,0.000000
1.098667,0.000000
1.099000,0.000000
1.099333,0.000000
1.099667,0.000000
1.100000,-0.000000
1.100333,-0.000000
1.100667,-0.000000
1.101000,-0.000000
1.101333,-0.000000
1.101667,-0.000000
1.102000,-0.000000
1.102333,-0.000000
1.102667,-0.000000
1.103000,-0.000000
1.103333,-0.000000
1.103667,-0.000000
1.104000,-0.000000
1.104333,-0.000000
1.104667,-0.000000
1.105000,-0.000000
1.105333,-0.000000
1.105667,-0.000000
1.106000,-0.000000
1.106333,-0.000000
1.106667,-0.000000
1.107000,-0.000000
1.107333,-0.000000
1.107667,-0.000000
1.108000,-0.000000
1.108333,-0.000000
1.108667,-0.000000
1.109000,-0.000000
1.109333,-0.000000
1.109667,-0.000000
1.110000,-0.000000
1.110333,-0.000000
1.110667,-0.000000
1.111000,-0.000000
1.111333,-0.000000
1.111667,-0.000000
1.112000,-0.000000
1.112333,-0.000000
1.112667,-0.000000
1.113000,-0.000000
1.113333,-0.000000
1.113667,-0.000000
1.114000,-0.000000
1.114333,-0.000000
1.114667,-0.000000
1.115000,-0.000000
1.115333,-0.000000
1.115667,-0.000000
1.116000,-0.000000
1.116333,-0.000000
1.116667,0.000000
1.117000,0.000000
1.117333,0.000000
1.117667,0.000000
1.118000,0.000000
1.118333,0.000000
1.118667,0.000000
1.119000,0.000000
1.119333,0.000000
1.119667,0.000000
1.120000,0.000000
1.120333,0.000000
1.120667,0.000000
1.121000,0.000000
1.121333,0.000000
1.121667,0.000000
1.122000,0.000000
1.122333,0.000000
1.122667,0.000000
1.123000,0.000000
1.123333,0.000000
1.123667,0.000000
1.124000,0.000000
1.124333,0.000000
1.124667,0.000000
1.125000,0.000000
1.125333,0.000000
1.125667,0.000000
1.126000,0.000000
1.126333,0.000000
1.126667,0.000000
1.127000,0.000000
1.127333,0.000000
1.127667,0.000000
1.128000,0.000000
1.128333,0.000000
1.128667,0.000000
1.129000,0.000000
1.129333,0.000000
1.129667,0.000000
1.130000,0.000000
1.130333,0.000000
1.130667,0.000000
1.131000,0.000000
1.131333,0.000000
1.131667,0.000000
1.132000,0.000000
1.132333,0.000000
1.132667,0.000000
1.133000,0.000000
1.133333,-0.000000
1.133667,-0.000000
1.134000,-0.000000
1.134333,-0.000000
1.134667,-0.000000
1.135000,-0.000000
1.135333,-0.000000
1.135667,-0.000000
1.136000,-0.000000
1.136333,-0.000000
1.136667,-0.000000
1.137000,-0.000000
1.137333,-0.000000
1.137667,-0.000000
1.138000,-0.000000
1.138333,-0.000000
1.138667,-0.000000
1.139000,-0.000000
1.139333,-0.000000
1.139667,-0.000000
1.140000,-0.000000
1.140333,-0.000000
1.140667,-0.000000
1.141000,-0.000000
1.141333,-0.000000
1.141667,-0.000000
1.142000,-0.000000
1.142333,-0.000000
1.142667,-0.000000
1.143000,-0.000000
1.143333,-0.000000
1.143667,-0.000000
1.144000,-0.000000
1.144333,-0.000000
1.144667,-0.000000
1.145000,-0.000000
1.145333,-0.000000
1.145667,-0.000000
1.146000,-0.000000
1.146333,-0.000000
1.146667,-0.000000
1.147000,-0.000000
1.147333,-0.000000
1.147667,-0.000000
1.148000,-0.000000
1.148333,-0.000000
1.148667,-0.000000
1.149000,-0.000000
1.149333,-0.000000
1.149667,-0.000000
1.150000,0.000000
1.150333,0.000000
1.150667,0.000000
1.151000,0.000000
1.151333,0.000000
1.151667,0.000000
1.152000,0.000000
1.152333,0.000000
1.152667,0.000000
1.153000,0.000000
1.153333,0.000000
1.153667,0.000000
1.154000,0.000000
1.154333,0.000000
1.154667,0.000000
1.155000,0.000000
1.155333,0.000000
1.155667,0.000000
1.156000,0.000000
1.156333,0.000000
1.156667,0.000000
1.157000,0.000000
1.157333,0.000000
1.157667,0.000000
1.158000,0.000000
1.158333,0.000000
1.158667,0.000000
1.159000,0.000000
1.159333,0.000000
1.159667,0.000000
1.160000,0.000000
1.160333,0.000000
1.160667,0.000000
1.161000,0.000000
1.161333,0.000000
1.161667,0.000000
1.162000,0.000000
1.162333,0.000000
1.162667,0.000000
1.163000,0.000000
1.163333,0.000000
1.163667,0.000000
1.164000,0.000000
1.164333,0.000000
1.164667,0.000000
1.165000,0.000000
1.165333,0.000000
1.165667,0.000000
1.166000,0.000000
1.166333,0.000000
1.166667,-0.000000
1.167000,-0.000000
1.167333,-0.000000
1.167667,-0.000000
1.168000,-0.000000
1.168333,-0.000000
1.168667,-0.000000
1.169000,-0.000000
1.169333,-0.000000
1.169667,-0.000000
1.170000,-0.000000
1.170333,-0.000000
1.170667,-0.000000
1.171000,-0.000000
1.171333,-0.000000
1.171667,-0.000000
1.172000,-0.000000
1.172333,-0.000000
1.172667,-0.000000
1.173000,-0.000000
1.173333,-0.000000
1.173667,-0.000000
1.174000,-0.000000
1.174333,-0.000000
1.174667,-0.000000
1.175000,-0.000000
1.175333,-0.000000
1.175667,-0.000000
1.176000,-0.000000
1.176333,-0.000000
1.176667,-0.000000
1.177000,-0.000000
1.177333,-0.000000
1.177667,-0.000000
1.178000,-0.000000
1.178333,-0.000000
1.178667,-0.000000
1.179000,-0.000000
1.179333,-0.000000
1.179667,-0.000000
1.180000,-0.000000
1.180333,-0.000000
1.180667,-0.000000
1.181000,-0.000000
1.181333,-0.000000
1.181667,-0.000000
1.182000,-0.000000
1.182333,-0.000000
1.182667,-0.000000
1.183000,-0.000000
1.183333,0.000000
1.183667,0.000000
1.184000,0.000000
1.184333,0.000000
1.184667,0.000000
1.185000,0.000000
1.185333,0.000000
1.185667,0.000000
1.186000,0.000000
1.186333,0.000000
1.186667,0.000000
1.187000,0.000000
1.187333,0.000000
1.187667,0.000000
1.188000,0.000000
1.188333,0.000000
1.188667,0.000000
1.189000,0.000000
1.189333,0.000000
1.189667,0.000000
1.190000,0.000000
1.190333,0.000000
1.190667,0.000000
1.191000,0.000000
1.191333,0.000000
1.191667,0.000000
1.192000,0.000000
1.192333,0.000000
1.192667,0.000000
1.193000,0.000000
1.193333,0.000000
1.193667,0.000000
1.194000,0.000000
1.194333,0.000000
1.194667,0.000000
1.195000,0.000000
1.195333,0.000000
1.195667,0.000000
1.196000,0.000000
1.196333,0.000000
1.196667,0.000000
1.197000,0.000000
1.197333,0.000000
1.197667,0.000000
1.198000,0.000000
1.198333,0.000000
1.198667,0.000000
1.199000,0.000000
1.199333,0.000000
1.199667,0.000000
1.200000,-0.000000
1.200333,-0.000000
1.200667,-0.000000
1.201000,-0.000000
1.201333,-0.000000
1.201667,-0.000000
1.202000,-0.000000
1.202333,-0.000000
1.202667,-0.000000
1.203000,-0.000000
1.203333,-0.000000
1.203667,-0.000000
1.204000,-0.000000
1.204333,-0.000000
1.204667,-0.000000
1.205000,-0.000000
1.205333,-0.000000
1.205667,-0.000000
1.206000,-0.000000
1.206333,-0.000000
1.206667,-0.000000
1.207000,-0.000000
1.207333,-0.000000
1.207667,-0.000000
1.208000,-0.000000
1.208333,-0.000000
1.208667,-0.000000
1.209000,-0.000000
1.209333,-0.000000
1.209667,-0.000000
1.210000,-0.000000
1.210333,-0.000000
1.210667,-0.000000
1.211000,-0.000000
1.211333,-0.000000
1.211667,-0.000000
1.212000,-0.000000
1.212333,-0.000000
1.212667,-0.000000
1.213000,-0.000000
1.213333,-0.000000
1.213667,0.003105
1.214000,0.006129
1.214333,0.009062
1.214667,0.011894
1.215000,0.014616
1.215333,0.017219
1.215667,0.019696
1.216000,0.022039
1.216333,0.024242
1.216667,0.026299
1.217000,0.028204
1.217333,0.029955
1.217667,0.031546
1.218000,0.032976
1.218333,0.034241
1.218667,0.035341
1.219000,0.036274
1.219333,0.037040
1.219667,0.037641
1.220000,0.038077
1.220333,0.038351
1.220667,0.038463
1.221000,0.038419
1.221333,0.038221
1.221667,0.037873
1.222000,0.037381
1.222333,0.036749
1.222667,0.035983
1.223000,0.035089
1.223333,0.034073
1.223667,0.032943
1.224000,0.031704
1.224333,0.030366
1.224667,0.028934
1.225000,0.027418
1.225333,0.025825
1.225667,0.024162
1.226000,0.022439
1.226333,0.020664
1.226667,0.018844
1.227000,0.016988
1.227333,0.015105
1.227667,0.013203
1.228000,0.011289
1.228333,0.009371
1.228667,0.007459
1.229000,0.005558
1.229333,0.003676
1.229667,0.001821
1.230000,0.000000
1.230333,-0.001781
1.230667,-0.003516
1.231000,-0.005199
1.231333,-0.006824
1.231667,-0.008386
1.232000,-0.009880
1.232333,-0.011301
1.232667,-0.012645
1.233000,-0.013909
1.233333,-0.015089
1.233667,-0.016182
1.234000,-0.017187
1.234333,-0.018100
1.234667,-0.018920
1.235000,-0.019646
1.235333,-0.020277
1.235667,-0.020812
1.236000,-0.021252
1.236333,-0.021597
1.236667,-0.021847
1.237000,-0.022004
1.237333,-0.022069
1.237667,-0.022043
1.238000,-0.021929
1.238333,-0.021730
1.238667,-0.021447
1.239000,-0.021085
1.239333,-0.020645
1.239667,-0.020132
1.240000,-0.019550
1.240333,-0.018901
1.240667,-0.018191
1.241000,-0.017422
1.241333,-0.016601
1.241667,-0.015731
1.242000,-0.014817
1.242333,-0.013863
1.242667,-0.012874
1.243000,-0.011856
1.243333,-0.010812
1.243667,-0.009747
1.244000,-0.008667
1.244333,-0.007575
1.244667,-0.006477
1.245000,-0.005377
1.245333,-0.004279
1.245667,-0.003189
1.246000,-0.002109
1.246333,-0.001045
1.246667,-0.000000
1.247000,0.001022
1.247333,0.002018
1.247667,0.002983
1.248000,0.003915
1.248333,0.004811
1.248667,0.005668
1.249000,0.006484
1.249333,0.007255
1.249667,0.007980
1.250000,0.008657
1.250333,0.009285
1.250667,0.009861
1.251000,0.010385
1.251333,0.010855
1.251667,0.011272
1.252000,0.011634
1.252333,0.011941
1.252667,0.012193
1.253000,0.012391
1.253333,0.012535
1.253667,0.012625
1.254000,0.012662
1.254333,0.012647
1.254667,0.012582
1.255000,0.012468
1.255333,0.012306
1.255667,0.012097
1.256000,0.011845
1.256333,0.011551
1.256667,0.011217
1.257000,0.010844
1.257333,0.010437
1.257667,0.009996
1.258000,0.009525
1.258333,0.009026
1.258667,0.008501
1.259000,0.007954
1.259333,0.007387
1.259667,0.006802
1.260000,0.006203
1.260333,0.005592
1.260667,0.004973
1.261000,0.004346
1.261333,0.003716
1.261667,0.003085
1.262000,0.002455
1.262333,0.001830
1.262667,0.001210
1.263000,0.000600
1.263333,0.000000
1.263667,-0.000586
1.264000,-0.001158
1.264333,-0.001712
1.264667,-0.002246
1.265000,-0.002761
1.265333,-0.003252
1.265667,-0.003720
1.266000,-0.004163
1.266333,-0.004579
1.266667,-0.004967
1.267000,-0.005327
1.267333,-0.005658
1.267667,-0.005958
1.268000,-0.006228
1.268333,-0.006467
1.268667,-0.006675
1.269000,-0.006851
1.269333,-0.006996
1.269667,-0.007110
1.270000,-0.007192
1.270333,-0.007243
1.270667,-0.007265
1.271000,-0.007256
1.271333,-0.007219
1.271667,-0.007153
1.272000,-0.007060
1.272333,-0.006941
1.272667,-0.006796
1.273000,-0.006627
1.273333,-0.006436
1.273667,-0.006222
1.274000,-0.005988
1.274333,-0.005735
1.274667,-0.005465
1.275000,-0.005179
1.275333,-0.004878
1.275667,-0.004564
1.276000,-0.004238
1.276333,-0.003903
1.276667,-0.003559
1.277000,-0.003209
1.277333,-0.002853
1.277667,-0.002494
1.278000,-0.002132
1.278333,-0.001770
1.278667,-0.001409
1.279000,-0.001050
1.279333,-0.000694
1.279667,-0.000344
1.280000,-0.000000
1.280333,0.000336
1.280667,0.000664
1.281000,0.000982
1.281333,0.001289
1.281667,0.001584
1.282000,0.001866
1.282333,0.002134
1.282667,0.002388
1.283000,0.002627
1.283333,0.002850
1.283667,0.003056
1.284000,0.003246
1.284333,0.003419
1.284667,0.003574
1.285000,0.003711
1.285333,0.003830
1.285667,0.003931
1.286000,0.004014
1.286333,0.004079
1.286667,0.004126
1.287000,0.004156
1.287333,0.004168
1.287667,0.004163
1.288000,0.004142
1.288333,0.004104
1.288667,0.004051
1.289000,0.003982
1.289333,0.003899
1.289667,0.003802
1.290000,0.003692
1.290333,0.003570
1.290667,0.003436
1.291000,0.003291
1.291333,0.003136
1.291667,0.002971
1.292000,0.002799
1.292333,0.002618
1.292667,0.002432
1.293000,0.002239
1.293333,0.002042
1.293667,0.001841
1.294000,0.001637
1.294333,0.001431
1.294667,0.001223
1.295000,0.001016
1.295333,0.000808
1.295667,0.000602
1.296000,0.000398
1.296333,0.000197
1.296667,0.000000
1.297000,-0.000193
1.297333,-0.000381
1.297667,-0.000563
1.298000,-0.000740
1.298333,-0.000909
1.298667,-0.001071
1.299000,-0.001225
1.299333,-0.001370
1.299667,-0.001507
1.300000,-0.001635
1.300333,-0.001754
1.300667,-0.001862
1.301000,-0.001961
1.301333,-0.002050
1.301667,-0.002129
1.302000,-0.002197
1.302333,-0.002255
1.302667,-0.002303
1.303000,-0.002340
1.303333,-0.002368
1.303667,-0.002385
1.304000,-0.002392
1.304333,-0.002389
1.304667,-0.002376
1.305000,-0.002355
1.305333,-0.002324
1.305667,-0.002285
1.306000,-0.002237
1.306333,-0.002182
1.306667,-0.002119
1.307000,-0.002048
1.307333,-0.001971
1.307667,-0.001888
1.308000,-0.001799
1.308333,-0.001705
1.308667,-0.001606
1.309000,-0.001502
1.309333,-0.001395
1.309667,-0.001285
1.310000,-0.001172
1.310333,-0.001056
1.310667,-0.000939
1.311000,-0.000821
1.311333,-0.000702
1.311667,-0.000583
1.312000,-0.000464
1.312333,-0.000346
1.312667,-0.000229
1.313000,-0.000113
1.313333,-0.000000
1.313667,0.000111
1.314000,0.000219
1.314333,0.000323
1.314667,0.000424
1.315000,0.000521
1.315333,0.000614
1.315667,0.000703
1.316000,0.000786
1.316333,0.000865
1.316667,0.000938
1.317000,0.001006
1.317333,0.001069
1.317667,0.001125
1.318000,0.001176
1.318333,0.001222
1.318667,0.001261
1.319000,0.001294
1.319333,0.001321
1.319667,0.001343
1.320000,0.001358
1.320333,0.001368
1.320667,0.001372
1.321000,0.001371
1.321333,0.001363
1.321667,0.001351
1.322000,0.001334
1.322333,0.001311
1.322667,0.001284
1.323000,0.001252
1.323333,0.001216
1.323667,0.001175
1.324000,0.001131
1.324333,0.001083
1.324667,0.001032
1.325000,0.000978
1.325333,0.000921
1.325667,0.000862
1.326000,0.000800
1.326333,0.000737
1.326667,0.000672
1.327000,0.000606
1.327333,0.000539
1.327667,0.000471
1.328000,0.000403
1.328333,0.000334
1.328667,0.000266
1.329000,0.000198
1.329333,0.000131
1.329667,0.000065
1.330000,0.000000
1.330333,-0.000064
1.330667,-0.000125
1.331000,-0.000185
1.331333,-0.000243
1.331667,-0.000299
1.332000,-0.000352
1.332333,-0.000403
1.332667,-0.000451
1.333000,-0.000496
1.333333,-0.000538
1.333667,-0.000577
1.334000,-0.000613
1.334333,-0.000646
1.334667,-0.000675
1.335000,-0.000701
1.335333,-0.000723
1.335667,-0.000742
1.336000,-0.000758
1.336333,-0.000770
1.336667,-0.000779
1.337000,-0.000785
1.337333,-0.000787
1.337667,-0.000786
1.338000,-0.000782
1.338333,-0.000775
1.338667,-0.000765
1.339000,-0.000752
1.339333,-0.000736
1.339667,-0.000718
1.340000,-0.000697
1.340333,-0.000674
1.340667,-0.000649
1.341000,-0.000622
1.341333,-0.000592
1.341667,-0.000561
1.342000,-0.000529
1.342333,-0.000495
1.342667,-0.000459
1.343000,-0.000423
1.343333,-0.000386
1.343667,-0.000348
1.344000,-0.000309
1.344333,-0.000270
1.344667,-0.000231
1.345000,-0.000192
1.345333,-0.000153
1.345667,-0.000114
1.346000,-0.000075
1.346333,-0.000037
1.346667,-0.000000
1.347000,0.000036
1.347333,0.000072
1.347667,0.000106
1.348000,0.000140
1.348333,0.000172
1.348667,0.000202
1.349000,0.000231
1.349333,0.000259
1.349667,0.000285
1.350000,0.000309
1.350333,0.000331
1.350667,0.000352
1.351000,0.000370
1.351333,0.000387
1.351667,0.000402
1.352000,0.000415
1.352333,0.000426
1.352667,0.000435
1.353000,0.000442
1.353333,0.000447
1.353667,0.000450
1.354000,0.000452
1.354333,0.000451
1.354667,0.000449
1.355000,0.000445
1.355333,0.000439
1.355667,0.000432
1.356000,0.000423
1.356333,0.000412
1.356667,0.000400
1.357000,0.000387
1.357333,0.000372
1.357667,0.000357
1.358000,0.000340
1.358333,0.000322
1.358667,0.000303
1.359000,0.000284
1.359333,0.000264
1.359667,0.000243
1.360000,0.000221
1.360333,0.000200
1.360667,0.000177
1.361000,0.000155
1.361333,0.000133
1.361667,0.000110
1.362000,0.000088
1.362333,0.000065
1.362667,0.000043
1.363000,0.000021
1.363333,0.000000
1.363667,-0.000021
1.364000,-0.000041
1.364333,-0.000061
1.364667,-0.000080
1.365000,-0.000098
1.365333,-0.000116
1.365667,-0.000133
1.366000,-0.000148
1.366333,-0.000163
1.366667,-0.000177
1.367000,-0.000190
1.367333,-0.000202
1.367667,-0.000213
1.368000,-0.000222
1.368333,-0.000231
1.368667,-0.000238
1.369000,-0.000244
1.369333,-0.000250
1.369667,-0.000254
1.370000,-0.000257
1.370333,-0.000258
1.370667,-0.000259
1.371000,-0.000259
1.371333,-0.000258
1.371667,-0.000255
1.372000,-0.000252
1.372333,-0.000248
1.372667,-0.000242
1.373000,-0.000236
1.373333,-0.000230
1.373667,-0.000222
1.374000,-0.000214
1.374333,-0.000205
1.374667,-0.000195
1.375000,-0.000185
1.375333,-0.000174
1.375667,-0.000163
1.376000,-0.000151
1.376333,-0.000139
1.376667,-0.000127
1.377000,-0.000114
1.377333,-0.000102
1.377667,-0.000089
1.378000,-0.000076
1.378333,-0.000063
1.378667,-0.000050
1.379000,-0.000037
1.379333,-0.000025
1.379667,-0.000012
1.380000,-0.000000
1.380333,0.000012
1.380667,0.000024
1.381000,0.000035
1.381333,0.000046
1.381667,0.000057
1.382000,0.000067
1.382333,0.000076
1.382667,0.000085
1.383000,0.000094
1.383333,0.000102
1.383667,0.000109
1.384000,0.000116
1.384333,0.000122
1.384667,0.000127
1.385000,0.000132
1.385333,0.000137
1.385667,0.000140
1.386000,0.000143
1.386333,0.000146
1.386667,0.000147
1.387000,0.000148
1.387333,0.000149
1.387667,0.000149
1.388000,0.000148
1.388333,0.000146
1.388667,0.000145
1.389000,0.000142
1.389333,0.000139
1.389667,0.000136
1.390000,0.000132
1.390333,0.000127
1.390667,0.000123
1.391000,0.000117
1.391333,0.000112
1.391667,0.000106
1.392000,0.000100
1.392333,0.000093
1.392667,0.000087
1.393000,0.000080
1.393333,0.000073
1.393667,0.000066
1.394000,0.000058
1.394333,0.000051
1.394667,0.000044
1.395000,0.000036
1.395333,0.000029
1.395667,0.000021
1.396000,0.000014
1.396333,0.000007
1.396667,0.000000
1.397000,-0.000007
1.397333,-0.000014
1.397667,-0.000020
1.398000,-0.000026
1.398333,-0.000032
1.398667,-0.000038
1.399000,-0.000044
1.399333,-0.000049
1.399667,-0.000054
1.400000,-0.000058
1.400333,-0.000063
1.400667,-0.000066
1.401000,-0.000070
1.401333,-0.000073
1.401667,-0.000076
1.402000,-0.000078
1.402333,-0.000080
1.402667,-0.000082
1.403000,-0.000083
1.403333,-0.000084
1.403667,-0.000085
1.404000,-0.000085
1.404333,-0.000085
1.404667,-0.000085
1.405000,-0.000084
1.405333,-0.000083
1.405667,-0.000082
1.406000,-0.000080
1.406333,-0.000078
1.406667,-0.000076
1.407000,-0.000073
1.407333,-0.000070
1.407667,-0.000067
1.408000,-0.000064
1.408333,-0.000061
1.408667,-0.000057
1.409000,-0.000054
1.409333,-0.000050
1.409667,-0.000046
1.410000,-0.000042
1.410333,-0.000038
1.410667,-0.000034
1.411000,-0.000029
1.411333,-0.000025
1.411667,-0.000021
1.412000,-0.000017
1.412333,-0.000012
1.412667,-0.000008
1.413000,-0.000004
1.413333,-0.000000
1.413667,0.000004
1.414000,0.000008
1.414333,0.000012
1.414667,0.000015
1.415000,0.000019
1.415333,0.000022
1.415667,0.000025
1.416000,0.000028
1.416333,0.000031
1.416667,0.000033
1.417000,0.000036
1.417333,0.000038
1.417667,0.000040
1.418000,0.000042
1.418333,0.000044
1.418667,0.000045
1.419000,0.000046
1.419333,0.000047
1.419667,0.000048
1.420000,0.000048
1.420333,0.000049
1.420667,0.000049
1.421000,0.000049
1.421333,0.000049
1.421667,0.000048
1.422000,0.000048
1.422333,0.000047
1.422667,0.000046
1.423000,0.000045
1.423333,0.000043
1.423667,0.000042
1.424000,0.000040
1.424333,0.000039
1.424667,0.000037
1.425000,0.000035
1.425333,0.000033
1.425667,0.000031
1.426000,0.000029
1.426333,0.000026
1.426667,0.000024
1.427000,0.000022
1.427333,0.000019
1.427667,0.000017
1.428000,0.000014
1.428333,0.000012
1.428667,0.000009
1.429000,0.000007
1.429333,0.000005
1.429667,0.000002
1.430000,0.000000
1.430333,-0.000002
1.430667,-0.000004
1.431000,-0.000007
1.431333,-0.000009
1.431667,-0.000011
1.432000,-0.000013
1.432333,-0.000014
1.432667,-0.000016
1.433000,-0.000018
1.433333,-0.000019
1.433667,-0.000021
1.434000,-0.000022
1.434333,-0.000023
1.434667,-0.000024
1.435000,-0.000025
1.435333,-0.000026
1.435667,-0.000026
1.436000,-0.000027
1.436333,-0.000027
1.436667,-0.000028
1.437000,-0.000028
1.437333,-0.000028
1.437667,-0.000028
1.438000,-0.000028
1.438333,-0.000028
1.438667,-0.000027
1.439000,-0.000027
1.439333,-0.000026
1.439667,-0.000026
1.440000,-0.000025
1.440333,-0.000024
1.440667,-0.000023
1.441000,-0.000022
1.441333,-0.000021
1.441667,-0.000020
1.442000,-0.000019
1.442333,-0.000018
1.442667,-0.000016
1.443000,-0.000015
1.443333,-0.000014
1.443667,-0.000012
1.444000,-0.000011
1.444333,-0.000010
1.444667,-0.000008
1.445000,-0.000007
1.445333,-0.000005
1.445667,-0.000004
1.446000,-0.000003
1.446333,-0.000001
1.446667,-0.000000
1.447000,0.000001
1.447333,0.000003
1.447667,0.000004
1.448000,0.000005
1.448333,0.000006
1.448667,0.000007
1.449000,0.000008
1.449333,0.000009
1.449667,0.000010
1.450000,0.000011
1.450333,0.000012
1.450667,0.000013
1.451000,0.000013
1.451333,0.000014
1.451667,0.000014
1.452000,0.000015
1.452333,0.000015
1.452667,0.000016
1.453000,0.000016
1.453333,0.000016
1.453667,0.000016
1.454000,0.000016
1.454333,0.000016
1.454667,0.000016
1.455000,0.000016
1.455333,0.000016
1.455667,0.000015
1.456000,0.000015
1.456333,0.000015
1.456667,0.000014
1.457000,0.000014
1.457333,0.000013
1.457667,0.000013
1.458000,0.000012
1.458333,0.000011
1.458667,0.000011
1.459000,0.000010
1.459333,0.000009
1.459667,0.000009
1.460000,0.000008
1.460333,0.000007
1.460667,0.000006
1.461000,0.000006
1.461333,0.000005
1.461667,0.000004
1.462000,0.000003
1.462333,0.000002
1.462667,0.000002
1.463000,0.000001
1.463333,0.000000
1.463667,-0.000001
1.464000,-0.000001
1.464333,-0.000002
1.464667,-0.000003
1.465000,-0.000004
1.465333,-0.000004
1.465667,-0.000005
1.466000,-0.000005
1.466333,-0.000006
1.466667,-0.000006
1.467000,-0.000007
1.467333,-0.000007
1.467667,-0.000008
1.468000,-0.000008
1.468333,-0.000008
1.468667,-0.000008
1.469000,-0.000009
1.469333,-0.000009
1.469667,-0.000009
1.470000,-0.000009
1.470333,-0.000009
1.470667,-0.000009
1.471000,-0.000009
1.471333,-0.000009
1.471667,-0.000009
1.472000,-0.000009
1.472333,-0.000009
1.472667,-0.000009
1.473000,-0.000008
1.473333,-0.000008
1.473667,-0.000008
1.474000,-0.000008
1.474333,-0.000007
1.474667,-0.000007
1.475000,-0.000007
1.475333,-0.000006
1.475667,-0.000006
1.476000,-0.000005
1.476333,-0.000005
1.476667,-0.000005
1.477000,-0.000004
1.477333,-0.000004
1.477667,-0.000003
1.478000,-0.000003
1.478333,-0.000002
1.478667,-0.000002
1.479000,-0.000001
1.479333,-0.000001
1.479667,-0.000000
1.480000,-0.000000
1.480333,0.000000
1.480667,0.000001
1.481000,0.000001
1.481333,0.000002
1.481667,0.000002
1.482000,0.000002
1.482333,0.000003
1.482667,0.000003
1.483000,0.000003
1.483333,0.000004
1.483667,0.001246
1.484000,0.002456
1.484333,0.003629
1.484667,0.004762
1.485000,0.005851
1.485333,0.006893
1.485667,0.007883
1.486000,0.008821
1.486333,0.009702
1.486667,0.010525
1.487000,0.011287
1.487333,0.011987
1.487667,0.012624
1.488000,0.013196
1.488333,0.013702
1.488667,0.014141
1.489000,0.014515
1.489333,0.014821
1.489667,0.015061
1.490000,0.015236
1.490333,0.015345
1.490667,0.015390
1.491000,0.015372
1.491333,0.015292
1.491667,0.015153
1.492000,0.014956
1.492333,0.014703
1.492667,0.014396
1.493000,0.014038
1.493333,0.013632
1.493667,0.013179
1.494000,0.012684
1.494333,0.012148
1.494667,0.011575
1.495000,0.010968
1.495333,0.010331
1.495667,0.009666
1.496000,0.008976
1.496333,0.008266
1.496667,0.007538
1.497000,0.006795
1.497333,0.006042
1.497667,0.005280
1.498000,0.004515
1.498333,0.003747
1.498667,0.002982
1.499000,0.002222
1.499333,0.001469
1.499667,0.000727
1.500000,-0.000002
1.500333,-0.000715
1.500667,-0.001409
1.501000,-0.002082
1.501333,-0.002732
1.501667,-0.003357
1.502000,-0.003955
1.502333,-0.004523
1.502667,-0.005061
1.503000,-0.005567
1.503333,-0.006039
1.503667,-0.006476
1.504000,-0.006878
1.504333,-0.007243
1.504667,-0.007571
1.505000,-0.007861
1.505333,-0.008114
1.505667,-0.008328
1.506000,-0.008504
1.506333,-0.008641
1.506667,-0.008741
1.507000,-0.008804
1.507333,-0.008830
1.507667,-0.008820
1.508000,-0.008774
1.508333,-0.008694
1.508667,-0.008581
1.509000,-0.008436
1.509333,-0.008260
1.509667,-0.008055
1.510000,-0.007821
1.510333,-0.007562
1.510667,-0.007277
1.511000,-0.006970
1.511333,-0.006641
1.511667,-0.006293
1.512000,-0.005927
1.512333,-0.005546
1.512667,-0.005150
1.513000,-0.004742
1.513333,-0.004325
1.513667,-0.003899
1.514000,-0.003466
1.514333,-0.003030
1.514667,-0.002590
1.515000,-0.002150
1.515333,-0.001711
1.515667,-0.001275
1.516000,-0.000843
1.516333,-0.000417
1.516667,0.000001
1.517000,0.000410
1.517333,0.000808
1.517667,0.001195
1.518000,0.001568
1.518333,0.001926
1.518667,0.002269
1.519000,0.002595
1.519333,0.002904
1.519667,0.003194
1.520000,0.003465
1.520333,0.003716
1.520667,0.003946
1.521000,0.004156
1.521333,0.004344
1.521667,0.004510
1.522000,0.004655
1.522333,0.004778
1.522667,0.004879
1.523000,0.004958
1.523333,0.005015
1.523667,0.005051
1.524000,0.005066
1.524333,0.005060
1.524667,0.005034
1.525000,0.004988
1.525333,0.004923
1.525667,0.004840
1.526000,0.004739
1.526333,0.004621
1.526667,0.004488
1.527000,0.004339
1.527333,0.004175
1.527667,0.003999
1.528000,0.003811
1.528333,0.003611
1.528667,0.003401
1.529000,0.003182
1.529333,0.002955
1.529667,0.002721
1.530000,0.002481
1.530333,0.002237
1.530667,0.001989
1.531000,0.001738
1.531333,0.001486
1.531667,0.001234
1.532000,0.000982
1.532333,0.000731
1.532667,0.000484
1.533000,0.000239
1.533333,-0.000001
1.533667,-0.000235
1.534000,-0.000464
1.534333,-0.000685
1.534667,-0.000899
1.535000,-0.001105
1.535333,-0.001302
1.535667,-0.001489
1.536000,-0.001666
1.536333,-0.001832
1.536667,-0.001988
1.537000,-0.002132
1.537333,-0.002264
1.537667,-0.002384
1.538000,-0.002492
1.538333,-0.002588
1.538667,-0.002671
1.539000,-0.002741
1.539333,-0.002799
1.539667,-0.002845
1.540000,-0.002878
1.540333,-0.002898
1.540667,-0.002907
1.541000,-0.002903
1.541333,-0.002888
1.541667,-0.002862
1.542000,-0.002825
1.542333,-0.002777
1.542667,-0.002719
1.543000,-0.002651
1.543333,-0.002575
1.543667,-0.002489
1.544000,-0.002396
1.544333,-0.002294
1.544667,-0.002186
1.545000,-0.002072
1.545333,-0.001951
1.545667,-0.001826
1.546000,-0.001695
1.546333,-0.001561
1.546667,-0.001424
1.547000,-0.001283
1.547333,-0.001141
1.547667,-0.000997
1.548000,-0.000853
1.548333,-0.000708
1.548667,-0.000563
1.549000,-0.000420
1.549333,-0.000277
1.549667,-0.000137
1.550000,0.000000
1.550333,0.000135
1.550667,0.000266
1.551000,0.000393
1.551333,0.000516
1.551667,0.000634
1.552000,0.000747
1.552333,0.000854
1.552667,0.000956
1.553000,0.001051
1.553333,0.001141
1.553667,0.001223
1.554000,0.001299
1.554333,0.001368
1.554667,0.001430
1.555000,0.001485
1.555333,0.001532
1.555667,0.001573
1.556000,0.001606
1.556333,0.001632
1.556667,0.001651
1.557000,0.001663
1.557333,0.001668
1.557667,0.001666
1.558000,0.001657
1.558333,0.001642
1.558667,0.001621
1.559000,0.001593
1.559333,0.001560
1.559667,0.001521
1.560000,0.001477
1.560333,0.001428
1.560667,0.001375
1.561000,0.001316
1.561333,0.001254
1.561667,0.001189
1.562000,0.001120
1.562333,0.001047
1.562667,0.000973
1.563000,0.000896
1.563333,0.000817
1.563667,0.000736
1.564000,0.000655
1.564333,0.000572
1.564667,0.000489
1.565000,0.000406
1.565333,0.000323
1.565667,0.000241
1.566000,0.000159
1.566333,0.000079
1.566667,-0.000000
1.567000,-0.000077
1.567333,-0.000153
1.567667,-0.000226
1.568000,-0.000296
1.568333,-0.000364
1.568667,-0.000429
1.569000,-0.000490
1.569333,-0.000548
1.569667,-0.000603
1.570000,-0.000654
1.570333,-0.000702
1.570667,-0.000745
1.571000,-0.000785
1.571333,-0.000820
1.571667,-0.000852
1.572000,-0.000879
1.572333,-0.000902
1.572667,-0.000922
1.573000,-0.000936
1.573333,-0.000947
1.573667,-0.000954
1.574000,-0.000957
1.574333,-0.000956
1.574667,-0.000951
1.575000,-0.000942
1.575333,-0.000930
1.575667,-0.000914
1.576000,-0.000895
1.576333,-0.000873
1.576667,-0.000848
1.577000,-0.000819
1.577333,-0.000789
1.577667,-0.000755
1.578000,-0.000720
1.578333,-0.000682
1.578667,-0.000642
1.579000,-0.000601
1.579333,-0.000558
1.579667,-0.000514
1.580000,-0.000469
1.580333,-0.000422
1.580667,-0.000376
1.581000,-0.000328
1.581333,-0.000281
1.581667,-0.000233
1.582000,-0.000185
1.582333,-0.000138
1.582667,-0.000091
1.583000,-0.000045
1.583333,0.000000
1.583667,0.000044
1.584000,0.000088
1.584333,0.000129
1.584667,0.000170
1.585000,0.000209
1.585333,0.000246
1.585667,0.000281
1.586000,0.000315
1.586333,0.000346
1.586667,0.000375
1.587000,0.000403
1.587333,0.000428
1.587667,0.000450
1.588000,0.000471
1.588333,0.000489
1.588667,0.000504
1.589000,0.000518
1.589333,0.000529
1.589667,0.000537
1.590000,0.000544
1.590333,0.000547
1.590667,0.000549
1.591000,0.000548
1.591333,0.000546
1.591667,0.000541
1.592000,0.000534
1.592333,0.000525
1.592667,0.000514
1.593000,0.000501
1.593333,0.000486
1.593667,0.000470
1.594000,0.000452
1.594333,0.000433
1.594667,0.000413
1.595000,0.000391
1.595333,0.000369
1.595667,0.000345
1.596000,0.000320
1.596333,0.000295
1.596667,0.000269
1.597000,0.000242
1.597333,0.000216
1.597667,0.000188
1.598000,0.000161
1.598333,0.000134
1.598667,0.000106
1.599000,0.000079
1.599333,0.000052
1.599667,0.000026
1.600000,-0.000000
1.600333,-0.000025
1.600667,-0.000050
1.601000,-0.000074
1.601333,-0.000097
1.601667,-0.000120
1.602000,-0.000141
1.602333,-0.000161
1.602667,-0.000181
1.603000,-0.000199
1.603333,-0.000215
1.603667,-0.000231
1.604000,-0.000245
1.604333,-0.000258
1.604667,-0.000270
1.605000,-0.000280
1.605333,-0.000289
1.605667,-0.000297
1.606000,-0.000303
1.606333,-0.000308
1.606667,-0.000312
1.607000,-0.000314
1.607333,-0.000315
1.607667,-0.000315
1.608000,-0.000313
1.608333,-0.000310
1.608667,-0.000306
1.609000,-0.000301
1.609333,-0.000295
1.609667,-0.000287
1.610000,-0.000279
1.610333,-0.000270
1.610667,-0.000260
1.611000,-0.000249
1.611333,-0.000237
1.611667,-0.000225
1.612000,-0.000211
1.612333,-0.000198
1.612667,-0.000184
1.613000,-0.000169
1.613333,-0.000154
1.613667,-0.000139
1.614000,-0.000124
1.614333,-0.000108
1.614667,-0.000092
1.615000,-0.000077
1.615333,-0.000061
1.615667,-0.000045
1.616000,-0.000030
1.616333,-0.000015
1.616667,0.000000
1.617000,0.000015
1.617333,0.000029
1.617667,0.000043
1.618000,0.000056
1.618333,0.000069
1.618667,0.000081
1.619000,0.000093
1.619333,0.000104
1.619667,0.000114
1.620000,0.000124
1.620333,0.000133
1.620667,0.000141
1.621000,0.000148
1.621333,0.000155
1.621667,0.000161
1.622000,0.000166
1.622333,0.000170
1.622667,0.000174
1.623000,0.000177
1.623333,0.000179
1.623667,0.000180
1.624000,0.000181
1.624333,0.000181
1.624667,0.000180
1.625000,0.000178
1.625333,0.000176
1.625667,0.000173
1.626000,0.000169
1.626333,0.000165
1.626667,0.000160
1.627000,0.000155
1.627333,0.000149
1.627667,0.000143
1.628000,0.000136
1.628333,0.000129
1.628667,0.000121
1.629000,0.000114
1.629333,0.000105
1.629667,0.000097
1.630000,0.000089
1.630333,0.000080
1.630667,0.000071
1.631000,0.000062
1.631333,0.000053
1.631667,0.000044
1.632000,0.000035
1.632333,0.000026
1.632667,0.000017
1.633000,0.000009
1.633333,-0.000000
1.633667,-0.000008
1.634000,-0.000017
1.634333,-0.000024
1.634667,-0.000032
1.635000,-0.000039
1.635333,-0.000046
1.635667,-0.000053
1.636000,-0.000059
1.636333,-0.000065
1.636667,-0.000071
1.637000,-0.000076
1.637333,-0.000081
1.637667,-0.000085
1.638000,-0.000089
1.638333,-0.000092
1.638667,-0.000095
1.639000,-0.000098
1.639333,-0.000100
1.639667,-0.000101
1.640000,-0.000103
1.640333,-0.000103
1.640667,-0.000104
1.641000,-0.000104
1.641333,-0.000103
1.641667,-0.000102
1.642000,-0.000101
1.642333,-0.000099
1.642667,-0.000097
1.643000,-0.000095
1.643333,-0.000092
1.643667,-0.000089
1.644000,-0.000085
1.644333,-0.000082
1.644667,-0.000078
1.645000,-0.000074
1.645333,-0.000070
1.645667,-0.000065
1.646000,-0.000060
1.646333,-0.000056
1.646667,-0.000051
1.647000,-0.000046
1.647333,-0.000041
1.647667,-0.000036
1.648000,-0.000030
1.648333,-0.000025
1.648667,-0.000020
1.649000,-0.000015
1.649333,-0.000010
1.649667,-0.000005
1.650000,0.000000
1.650333,0.000005
1.650667,0.000009
1.651000,0.000014
1.651333,0.000018
1.651667,0.000023
1.652000,0.000027
1.652333,0.000030
1.652667,0.000034
1.653000,0.000038
1.653333,0.000041
1.653667,0.000044
1.654000,0.000046
1.654333,0.000049
1.654667,0.000051
1.655000,0.000053
1.655333,0.000055
1.655667,0.000056
1.656000,0.000057
1.656333,0.000058
1.656667,0.000059
1.657000,0.000059
1.657333,0.000059
1.657667,0.000059
1.658000,0.000059
1.658333,0.000059
1.658667,0.000058
1.659000,0.000057
1.659333,0.000056
1.659667,0.000054
1.660000,0.000053
1.660333,0.000051
1.660667,0.000049
1.661000,0.000047
1.661333,0.000045
1.661667,0.000042
1.662000,0.000040
1.662333,0.000037
1.662667,0.000035
1.663000,0.000032
1.663333,0.000029
1.663667,0.000026
1.664000,0.000023
1.664333,0.000020
1.664667,0.000017
1.665000,0.000014
1.665333,0.000012
1.665667,0.000009
1.666000,0.000006
1.666333,0.000003
1.666667,-0.000000
1.667000,-0.000003
1.667333,-0.000005
1.667667,-0.000008
1.668000,-0.000011
1.668333,-0.000013
1.668667,-0.000015
1.669000,-0.000017
1.669333,-0.000020
1.669667,-0.000022
1.670000,-0.000023
1.670333,-0.000025
1.670667,-0.000027
1.671000,-0.000028
1.671333,-0.000029
1.671667,-0.000030
1.672000,-0.000031
1.672333,-0.000032
1.672667,-0.000033
1.673000,-0.000033
1.673333,-0.000034
1.673667,-0.000034
1.674000,-0.000034
1.674333,-0.000034
1.674667,-0.000034
1.675000,-0.000034
1.675333,-0.000033
1.675667,-0.000033
1.676000,-0.000032
1.676333,-0.000031
1.676667,-0.000030
1.677000,-0.000029
1.677333,-0.000028
1.677667,-0.000027
1.678000,-0.000026
1.678333,-0.000024
1.678667,-0.000023
1.679000,-0.000021
1.679333,-0.000020
1.679667,-0.000018
1.680000,-0.000017
1.680333,-0.000015
1.680667,-0.000013
1.681000,-0.000012
1.681333,-0.000010
1.681667,-0.000008
1.682000,-0.000007
1.682333,-0.000005
1.682667,-0.000003
1.683000,-0.000002
1.683333,0.000000
1.683667,0.000002
1.684000,0.000003
1.684333,0.000005
1.684667,0.000006
1.685000,0.000007
1.685333,0.000009
1.685667,0.000010
1.686000,0.000011
1.686333,0.000012
1.686667,0.000013
1.687000,0.000014
1.687333,0.000015
1.687667,0.000016
1.688000,0.000017
1.688333,0.000017
1.688667,0.000018
1.689000,0.000018
1.689333,0.000019
1.689667,0.000019
1.690000,0.000019
1.690333,0.000020
1.690667,0.000020
1.691000,0.000020
1.691333,0.000019
1.691667,0.000019
1.692000,0.000019
1.692333,0.000019
1.692667,0.000018
1.693000,0.000018
1.693333,0.000017
1.693667,0.000017
1.694000,0.000016
1.694333,0.000015
1.694667,0.000015
1.695000,0.000014
1.695333,0.000013
1.695667,0.000012
1.696000,0.000011
1.696333,0.000011
1.696667,0.000010
1.697000,0.000009
1.697333,0.000008
1.697667,0.000007
1.698000,0.000006
1.698333,0.000005
1.698667,0.000004
1.699000,0.000003
1.699333,0.000002
1.699667,0.000001
1.700000,-0.000000
1.700333,-0.000001
1.700667,-0.000002
1.701000,-0.000003
1.701333,-0.000003
1.701667,-0.000004
1.702000,-0.000005
1.702333,-0.000006
1.702667,-0.000006
1.703000,-0.000007
1.703333,-0.000008
1.703667,-0.000008
1.704000,-0.000009
1.704333,-0.000009
1.704667,-0.000010
1.705000,-0.000010
1.705333,-0.000010
1.705667,-0.000011
1.706000,-0.000011
1.706333,-0.000011
1.706667,-0.000011
1.707000,-0.000011
1.707333,-0.000011
1.707667,-0.000011
1.708000,-0.000011
1.708333,-0.000011
1.708667,-0.000011
1.709000,-0.000011
1.709333,-0.000011
1.709667,-0.000010
1.710000,-0.000010
1.710333,-0.000010
1.710667,-0.000009
1.711000,-0.000009
1.711333,-0.000008
1.711667,-0.000008
1.712000,-0.000008
1.712333,-0.000007
1.712667,-0.000007
1.713000,-0.000006
1.713333,-0.000006
1.713667,-0.000005
1.714000,-0.000004
1.714333,-0.000004
1.714667,-0.000003
1.715000,-0.000003
1.715333,-0.000002
1.715667,-0.000002
1.716000,-0.000001
1.716333,-0.000001
1.716667,0.000000
1.717000,0.000001
1.717333,0.000001
1.717667,0.000002
1.718000,0.000002
1.718333,0.000002
1.718667,0.000003
1.719000,0.000003
1.719333,0.000004
1.719667,0.000004
1.720000,0.000004
1.720333,0.000005
1.720667,0.000005
1.721000,0.000005
1.721333,0.000006
1.721667,0.000006
1.722000,0.000006
1.722333,0.000006
1.722667,0.000006
1.723000,0.000006
1.723333,0.000006
1.723667,0.000006
1.724000,0.000006
1.724333,0.000006
1.724667,0.000006
1.725000,0.000006
1.725333,0.000006
1.725667,0.000006
1.726000,0.000006
1.726333,0.000006
1.726667,0.000006
1.727000,0.000006
1.727333,0.000005
1.727667,0.000005
1.728000,0.000005
1.728333,0.000005
1.728667,0.000004
1.729000,0.000004
1.729333,0.000004
1.729667,0.000003
1.730000,0.000003
1.730333,0.000003
1.730667,0.000003
1.731000,0.000002
1.731333,0.000002
1.731667,0.000002
1.732000,0.000001
1.732333,0.000001
1.732667,0.000001
1.733000,0.000000
1.733333,-0.000000
1.733667,-0.000000
1.734000,-0.000001
1.734333,-0.000001
1.734667,-0.000001
1.735000,-0.000001
1.735333,-0.000002
1.735667,-0.000002
1.736000,-0.000002
1.736333,-0.000002
1.736667,-0.000003
1.737000,-0.000003
1.737333,-0.000003
1.737667,-0.000003
1.738000,-0.000003
1.738333,-0.000003
1.738667,-0.000003
1.739000,-0.000003
1.739333,-0.000004
1.739667,-0.000004
1.740000,-0.000004
1.740333,-0.000004
1.740667,-0.000004
1.741000,-0.000004
1.741333,-0.000004
1.741667,-0.000004
1.742000,-0.000004
1.742333,-0.000004
1.742667,-0.000003
1.743000,-0.000003
1.743333,-0.000003
1.743667,-0.000003
1.744000,-0.000003
1.744333,-0.000003
1.744667,-0.000003
1.745000,-0.000003
1.745333,-0.000002
1.745667,-0.000002
1.746000,-0.000002
1.746333,-0.000002
1.746667,-0.000002
1.747000,-0.000002
1.747333,-0.000001
1.747667,-0.000001
1.748000,-0.000001
1.748333,-0.000001
1.748667,-0.000001
1.749000,-0.000001
1.749333,-0.000000
1.749667,-0.000000
1.750000,0.000000
1.750333,0.000000
1.750667,0.000000
1.751000,0.000001
1.751333,0.000001
1.751667,0.000001
1.752000,0.000001
1.752333,0.000001
1.752667,0.000001
1.753000,0.000001
1.753333,0.000001
1.753667,0.000002
1.754000,0.000002
1.754333,0.000002
1.754667,0.000002
1.755000,0.000002
1.755333,0.000002
1.755667,0.000002
1.756000,0.000002
1.756333,0.000002
1.756667,0.000002
1.757000,0.000002
1.757333,0.000002
1.757667,0.000002
1.758000,0.000002
1.758333,0.000002
1.758667,0.000002
1.759000,0.000002
1.759333,0.000002
1.759667,0.000002
1.760000,0.000002
1.760333,0.000002
1.760667,0.000002
1.761000,0.000002
1.761333,0.000002
1.761667,0.000002
1.762000,0.000001
1.762333,0.000001
1.762667,0.000001
1.763000,0.000001
1.763333,0.000001
1.763667,0.000001
1.764000,0.000001
1.764333,0.000001
1.764667,0.000001
1.765000,0.000001
1.765333,0.000000
1.765667,0.000000
1.766000,0.000000
1.766333,0.000000
1.766667,-0.000000
1.767000,-0.000000
1.767333,-0.000000
1.767667,-0.000000
1.768000,-0.000000
1.768333,-0.000000
1.768667,-0.000001
1.769000,-0.000001
1.769333,-0.000001
1.769667,-0.000001
1.770000,-0.000001
1.770333,-0.000001
1.770667,-0.000001
1.771000,-0.000001
1.771333,-0.000001
1.771667,-0.000001
1.772000,-0.000001
1.772333,-0.000001
1.772667,-0.000001
1.773000,-0.000001
1.773333,-0.000001
1.773667,-0.000001
1.774000,-0.000001
1.774333,-0.000001
1.774667,-0.000001
1.775000,-0.000001
1.775333,-0.000001
1.775667,-0.000001
1.776000,-0.000001
1.776333,-0.000001
1.776667,-0.000001
1.777000,-0.000001
1.777333,-0.000001
1.777667,-0.000001
1.778000,-0.000001
1.778333,-0.000001
1.778667,-0.000001
1.779000,-0.000001
1.779333,-0.000001
1.779667,-0.000001
1.780000,-0.000001
1.780333,-0.000001
1.780667,-0.000000
1.781000,-0.000000
1.781333,-0.000000
1.781667,-0.000000
1.782000,-0.000000
1.782333,-0.000000
1.782667,-0.000000
1.783000,-0.000000
1.783333,0.000000
1.783667,0.000000
1.784000,0.000000
1.784333,0.000000
1.784667,0.000000
1.785000,0.000000
1.785333,0.000000
1.785667,0.000000
1.786000,0.000000
1.786333,0.000000
1.786667,0.000000
1.787000,0.000001
1.787333,0.000001
1.787667,0.000001
1.788000,0.000001
1.788333,0.000001
1.788667,0.000001
1.789000,0.000001
1.789333,0.000001
1.789667,0.000001
1.790000,0.000001
1.790333,0.000001
1.790667,0.000001
1.791000,0.000001
1.791333,0.000001
1.791667,0.000001
1.792000,0.000001
1.792333,0.000001
1.792667,0.000001
1.793000,0.000001
1.793333,0.000001
1.793667,0.000001
1.794000,0.000001
1.794333,0.000001
1.794667,0.000001
1.795000,0.000000
1.795333,0.000000
1.795667,0.000000
1.796000,0.000000
1.796333,0.000000
1.796667,0.000000
1.797000,0.000000
1.797333,0.000000
1.797667,0.000000
1.798000,0.000000
1.798333,0.000000
1.798667,0.000000
1.799000,0.000000
1.799333,0.000000
1.799667,0.000000
1.800000,-0.000000
1.800333,-0.000000
1.800667,-0.000000
1.801000,-0.000000
1.801333,-0.000000
1.801667,-0.000000
1.802000,-0.000000
1.802333,-0.000000
1.802667,-0.000000
1.803000,-0.000000
1.803333,-0.000000
1.803667,-0.000000
1.804000,-0.000000
1.804333,-0.000000
1.804667,-0.000000
1.805000,-0.000000
1.805333,-0.000000
1.805667,-0.000000
1.806000,-0.000000
1.806333,-0.000000
1.806667,-0.000000
1.807000,-0.000000
1.807333,-0.000000
1.807667,-0.000000
1.808000,-0.000000
1.808333,-0.000000
1.808667,-0.000000
1.809000,-0.000000
1.809333,-0.000000
1.809667,-0.000000
1.810000,-0.000000
1.810333,-0.000000
1.810667,-0.000000
1.811000,-0.000000
1.811333,-0.000000
1.811667,-0.000000
1.812000,-0.000000
1.812333,-0.000000
1.812667,-0.000000
1.813000,-0.000000
1.813333,-0.000000
1.813667,-0.000000
1.814000,-0.000000
1.814333,-0.000000
1.814667,-0.000000
1.815000,-0.000000
1.815333,-0.000000
1.815667,-0.000000
1.816000,-0.000000
1.816333,-0.000000
1.816667,0.000000
1.817000,0.000000
1.817333,0.000000
1.817667,0.000000
1.818000,0.000000
1.818333,0.000000
1.818667,0.000000
1.819000,0.000000
1.819333,0.000000
1.819667,0.000000
1.820000,0.000000
1.820333,0.000000
1.820667,0.000000
1.821000,0.000000
1.821333,0.000000
1.821667,0.000000
1.822000,0.000000
1.822333,0.000000
1.822667,0.000000
1.823000,0.000000
1.823333,0.000000
1.823667,0.000000
1.824000,0.000000
1.824333,0.000000
1.824667,0.000000
1.825000,0.000000
1.825333,0.000000
1.825667,0.000000
1.826000,0.000000
1.826333,0.000000
1.826667,0.000000
1.827000,0.000000
1.827333,0.000000
1.827667,0.000000
1.828000,0.000000
1.828333,0.000000
1.828667,0.000000
1.829000,0.000000
1.829333,0.000000
1.829667,0.000000
1.830000,0.000000
1.830333,0.000000
1.830667,0.000000
1.831000,0.000000
1.831333,0.000000
1.831667,0.000000
1.832000,0.000000
1.832333,0.000000
1.832667,0.000000
1.833000,0.000000
1.833333,-0.000000
1.833667,-0.000000
1.834000,-0.000000
1.834333,-0.000000
1.834667,-0.000000
1.835000,-0.000000
1.835333,-0.000000
1.835667,-0.000000
1.836000,-0.000000
1.836333,-0.000000
1.836667,-0.000000
1.837000,-0.000000
1.837333,-0.000000
1.837667,-0.000000
1.838000,-0.000000
1.838333,-0.000000
1.838667,-0.000000
1.839000,-0.000000
1.839333,-0.000000
1.839667,-0.000000
1.840000,-0.000000
1.840333,-0.000000
1.840667,-0.000000
1.841000,-0.000000
1.841333,-0.000000
1.841667,-0.000000
1.842000,-0.000000
1.842333,-0.000000
1.842667,-0.000000
1.843000,-0.000000
1.843333,-0.000000
1.843667,-0.000000
1.844000,-0.000000
1.844333,-0.000000
1.844667,-0.000000
1.845000,-0.000000
1.845333,-0.000000
1.845667,-0.000000
1.846000,-0.000000
1.846333,-0.000000
1.846667,-0.000000
1.847000,-0.000000
1.847333,-0.000000
1.847667,-0.000000
1.848000,-0.000000
1.848333,-0.000000
1.848667,-0.000000
1.849000,-0.000000
1.849333,-0.000000
1.849667,-0.000000
1.850000,0.000000
1.850333,0.000000
1.850667,0.000000
1.851000,0.000000
1.851333,0.000000
1.851667,0.000000
1.852000,0.000000
1.852333,0.000000
1.852667,0.000000
1.853000,0.000000
1.853333,0.000000
1.853667,0.000000
1.854000,0.000000
1.854333,0.000000
1.854667,0.000000
1.855000,0.000000
1.855333,0.000000
1.855667,0.000000
1.856000,0.000000
1.856333,0.000000
1.856667,0.000000
1.857000,0.000000
1.857333,0.000000
1.857667,0.000000
1.858000,0.000000
1.858333,0.000000
1.858667,0.000000
1.859000,0.000000
1.859333,0.000000
1.859667,0.000000
1.860000,0.000000
1.860333,0.000000
1.860667,0.000000
1.861000,0.000000
1.861333,0.000000
1.861667,0.000000
1.862000,0.000000
1.862333,0.000000
1.862667,0.000000
1.863000,0.000000
1.863333,0.000000
1.863667,0.000000
1.864000,0.000000
1.864333,0.000000
1.864667,0.000000
1.865000,0.000000
1.865333,0.000000
1.865667,0.000000
1.866000,0.000000
1.866333,0.000000
1.866667,-0.000000
1.867000,-0.000000
1.867333,-0.000000
1.867667,-0.000000
1.868000,-0.000000
1.868333,-0.000000
1.868667,-0.000000
1.869000,-0.000000
1.869333,-0.000000
1.869667,-0.000000
1.870000,-0.000000
1.870333,-0.000000
1.870667,-0.000000
1.871000,-0.000000
1.871333,-0.000000
1.871667,-0.000000
1.872000,-0.000000
1.872333,-0.000000
1.872667,-0.000000
1.873000,-0.000000
1.873333,-0.000000
1.873667,-0.000000
1.874000,-0.000000
1.874333,-0.000000
1.874667,-0.000000
1.875000,-0.000000
1.875333,-0.000000
1.875667,-0.000000
1.876000,-0.000000
1.876333,-0.000000
1.876667,-0.000000
1.877000,-0.000000
1.877333,-0.000000
1.877667,-0.000000
1.878000,-0.000000
1.878333,-0.000000
1.878667,-0.000000
1.879000,-0.000000
1.879333,-0.000000
1.879667,-0.000000
1.880000,-0.000000
1.880333,-0.000000
1.880667,-0.000000
1.881000,-0.000000
1.881333,-0.000000
1.881667,-0.000000
1.882000,-0.000000
1.882333,-0.000000
1.882667,-0.000000
1.883000,-0.000000
1.883333,0.000000
1.883667,0.000000
1.884000,0.000000
1.884333,0.000000
1.884667,0.000000
1.885000,0.000000
1.885333,0.000000
1.885667,0.000000
1.886000,0.000000
1.886333,0.000000
1.886667,0.000000
1.887000,0.000000
1.887333,0.000000
1.887667,0.000000
1.888000,0.000000
1.888333,0.000000
1.888667,0.000000
1.889000,0.000000
1.889333,0.000000
1.889667,0.000000
1.890000,0.000000
1.890333,0.000000
1.890667,0.000000
1.891000,0.000000
1.891333,0.000000
1.891667,0.000000
1.892000,0.000000
1.892333,0.000000
1.892667,0.000000
1.893000,0.000000
1.893333,0.000000
1.893667,0.000000
1.894000,0.000000
1.894333,0.000000
1.894667,0.000000
1.895000,0.000000
1.895333,0.000000
1.895667,0.000000
1.896000,0.000000
1.896333,0.000000
1.896667,0.000000
1.897000,0.000000
1.897333,0.000000
1.897667,0.000000
1.898000,0.000000
1.898333,0.000000
1.898667,0.000000
1.899000,0.000000
1.899333,0.000000
1.899667,0.000000
1.900000,-0.000000
1.900333,-0.000000
1.900667,-0.000000
1.901000,-0.000000
1.901333,-0.000000
1.901667,-0.000000
1.902000,-0.000000
1.902333,-0.000000
1.902667,-0.000000
1.903000,-0.000000
1.903333,-0.000000
1.903667,-0.000000
1.904000,-0.000000
1.904333,-0.000000
1.904667,-0.000000
1.905000,-0.000000
1.905333,-0.000000
1.905667,-0.000000
1.906000,-0.000000
1.906333,-0.000000
1.906667,-0.000000
1.907000,-0.000000
1.907333,-0.000000
1.907667,-0.000000
1.908000,-0.000000
1.908333,-0.000000
1.908667,-0.000000
1.909000,-0.000000
1.909333,-0.000000
1.909667,-0.000000
1.910000,-0.000000
1.910333,-0.000000
1.910667,-0.000000
1.911000,-0.000000
1.911333,-0.000000
1.911667,-0.000000
1.912000,-0.000000
1.912333,-0.000000
1.912667,-0.000000
1.913000,-0.000000
1.913333,-0.000000
1.913667,-0.000000
1.914000,-0.000000
1.914333,-0.000000
1.914667,-0.000000
1.915000,-0.000000
1.915333,-0.000000
1.915667,-0.000000
1.916000,-0.000000
1.916333,-0.000000
1.916667,0.000000
1.917000,0.000000
1.917333,0.000000
1.917667,0.000000
1.918000,0.000000
1.918333,0.000000
1.918667,0.000000
1.919000,0.000000
1.919333,0.000000
1.919667,0.000000
1.920000,0.000000
1.920333,0.000000
1.920667,0.000000
1.921000,0.000000
1.921333,0.000000
1.921667,0.000000
1.922000,0.000000
1.922333,0.000000
1.922667,0.000000
1.923000,0.000000
1.923333,0.000000
1.923667,0.000000
1.924000,0.000000
1.924333,0.000000
1.924667,0.000000
1.925000,0.000000
1.925333,0.000000
1.925667,0.000000
1.926000,0.000000
1.926333,0.000000
1.926667,0.000000
1.927000,0.000000
1.927333,0.000000
1.927667,0.000000
1.928000,0.000000
1.928333,0.000000
1.928667,0.000000
1.929000,0.000000
1.929333,0.000000
1.929667,0.000000
1.930000,0.000000
1.930333,0.000000
1.930667,0.000000
1.931000,0.000000
1.931333,0.000000
1.931667,0.000000
1.932000,0.000000
1.932333,0.000000
1.932667,0.000000
1.933000,0.000000
1.933333,-0.000000
1.933667,-0.000000
1.934000,-0.000000
1.934333,-0.000000
1.934667,-0.000000
1.935000,-0.000000
1.935333,-0.000000
1.935667,-0.000000
1.936000,-0.000000
1.936333,-0.000000
1.936667,-0.000000
1.937000,-0.000000
1.937333,-0.000000
1.937667,-0.000000
1.938000,-0.000000
1.938333,-0.000000
1.938667,-0.000000
1.939000,-0.000000
1.939333,-0.000000
1.939667,-0.000000
1.940000,-0.000000
1.940333,-0.000000
1.940667,-0.000000
1.941000,-0.000000
1.941333,-0.000000
1.941667,-0.000000
1.942000,-0.000000
1.942333,-0.000000
1.942667,-0.000000
1.943000,-0.000000
1.943333,-0.000000
1.943667,-0.000000
1.944000,-0.000000
1.944333,-0.000000
1.944667,-0.000000
1.945000,-0.000000
1.945333,-0.000000
1.945667,-0.000000
1.946000,-0.000000
1.946333,-0.000000
1.946667,-0.000000
1.947000,-0.000000
1.947333,-0.000000
1.947667,-0.000000
1.948000,-0.000000
1.948333,-0.000000
1.948667,-0.000000
1.949000,-0.000000
1.949333,-0.000000
1.949667,-0.000000
1.950000,0.000000
1.950333,0.000000
1.950667,0.000000
1.951000,0.000000
1.951333,0.000000
1.951667,0.000000
1.952000,0.000000
1.952333,0.000000
1.952667,0.000000
1.953000,0.000000
1.953333,0.000000
1.953667,0.000000
1.954000,0.000000
1.954333,0.000000
1.954667,0.000000
1.955000,0.000000
1.955333,0.000000
1.955667,0.000000
1.956000,0.000000
1.956333,0.000000
1.956667,0.000000
1.957000,0.000000
1.957333,0.000000
1.957667,0.000000
1.958000,0.000000
1.958333,0.000000
1.958667,0.000000
1.959000,0.000000
1.959333,0.000000
1.959667,0.000000
1.960000,0.000000
1.960333,0.000000
1.960667,0.000000
1.961000,0.000000
1.961333,0.000000
1.961667,0.000000
1.962000,0.000000
1.962333,0.000000
1.962667,0.000000
1.963000,0.000000
1.963333,0.000000
1.963667,0.000000
1.964000,0.000000
1.964333,0.000000
1.964667,0.000000
1.965000,0.000000
1.965333,0.000000
1.965667,0.000000
1.966000,0.000000
1.966333,0.000000
1.966667,-0.000000
1.967000,-0.000000
1.967333,-0.000000
1.967667,-0.000000
1.968000,-0.000000
1.968333,-0.000000
1.968667,-0.000000
1.969000,-0.000000
1.969333,-0.000000
1.969667,-0.000000
1.970000,-0.000000
1.970333,-0.000000
1.970667,-0.000000
1.971000,-0.000000
1.971333,-0.000000
1.971667,-0.000000
1.972000,-0.000000
1.972333,-0.000000
1.972667,-0.000000
1.973000,-0.000000
1.973333,-0.000000
1.973667,-0.000000
1.974000,-0.000000
1.974333,-0.000000
1.974667,-0.000000
1.975000,-0.000000
1.975333,-0.000000
1.975667,-0.000000
1.976000,-0.000000
1.976333,-0.000000
1.976667,-0.000000
1.977000,-0.000000
1.977333,-0.000000
1.977667,-0.000000
1.978000,-0.000000
1.978333,-0.000000
1.978667,-0.000000
1.979000,-0.000000
1.979333,-0.000000
1.979667,-0.000000
1.980000,-0.000000
1.980333,-0.000000
1.980667,-0.000000
1.981000,-0.000000
1.981333,-0.000000
1.981667,-0.000000
1.982000,-0.000000
1.982333,-0.000000
1.982667,-0.000000
1.983000,-0.000000
1.983333,0.000000
1.983667,0.000000
1.984000,0.000000
1.984333,0.000000
1.984667,0.000000
1.985000,0.000000
1.985333,0.000000
1.985667,0.000000
1.986000,0.000000
1.986333,0.000000
1.986667,0.000000
1.987000,0.000000
1.987333,0.000000
1.987667,0.000000
1.988000,0.000000
1.988333,0.000000
1.988667,0.000000
1.989000,0.000000
1.989333,0.000000
1.989667,0.000000
1.990000,0.000000
1.990333,0.000000
1.990667,0.000000
1.991000,0.000000
1.991333,0.000000
1.991667,0.000000
1.992000,0.000000
1.992333,0.000000
1.992667,0.000000
1.993000,0.000000
1.993333,0.000000
1.993667,0.000000
1.994000,0.000000
1.994333,0.000000
1.994667,0.000000
1.995000,0.000000
1.995333,0.000000
1.995667,0.000000
1.996000,0.000000
1.996333,0.000000
1.996667,0.000000
1.997000,0.000000
1.997333,0.000000
1.997667,0.000000
1.998000,0.000000
1.998333,0.000000
1.998667,0.000000
1.999000,0.000000
1.999333,0.000000
1.999667,0.000000
2.000000,-0.000000
2.000333,-0.000000
2.000667,-0.000000
2.001000,-0.000000
2.001333,-0.000000
2.001667,-0.000000
2.002000,-0.000000
2.002333,-0.000000
2.002667,-0.000000
2.003000,-0.000000
2.003333,-0.000000
2.003667,-0.000000
2.004000,-0.000000
2.004333,-0.000000
2.004667,-0.000000
2.005000,-0.000000
2.005333,-0.000000
2.005667,-0.000000
2.006000,-0.000000
2.006333,-0.000000
2.006667,-0.000000
2.007000,-0.000000
2.007333,-0.000000
2.007667,-0.000000
2.008000,-0.000000
2.008333,-0.000000
2.008667,-0.000000
2.009000,-0.000000
2.009333,-0.000000
2.009667,-0.000000
2.010000,-0.000000
2.010333,-0.000000
2.010667,-0.000000
2.011000,-0.000000
2.011333,-0.000000
2.011667,-0.000000
2.012000,-0.000000
2.012333,-0.000000
2.012667,-0.000000
2.013000,-0.000000
2.013333,-0.000000
2.013667,-0.000000
2.014000,-0.000000
2.014333,-0.000000
2.014667,-0.000000
2.015000,-0.000000
2.015333,-0.000000
2.015667,-0.000000
2.016000,-0.000000
2.016333,-0.000000
2.016667,0.000000
2.017000,0.000000
2.017333,0.000000
2.017667,0.000000
2.018000,0.000000
2.018333,0.000000
2.018667,0.000000
2.019000,0.000000
2.019333,0.000000
2.019667,0.000000
2.020000,0.000000
2.020333,0.000000
2.020667,0.000000
2.021000,0.000000
2.021333,0.000000
2.021667,0.000000
2.022000,0.000000
2.022333,0.000000
2.022667,0.000000
2.023000,0.000000
2.023333,0.000000
2.023667,0.000000
2.024000,0.000000
2.024333,0.000000
2.024667,0.000000
2.025000,0.000000
2.025333,0.000000
2.025667,0.000000
2.026000,0.000000
2.026333,0.000000
2.026667,0.000000
2.027000,0.000000
2.027333,0.000000
2.027667,0.000000
2.028000,0.000000
2.028333,0.000000
2.028667,0.000000
2.029000,0.000000
2.029333,0.000000
2.029667,0.000000
2.030000,0.000000
2.030333,0.000000
2.030667,0.000000
2.031000,0.000000
2.031333,0.000000
2.031667,0.000000
2.032000,0.000000
2.032333,0.000000
2.032667,0.000000
2.033000,0.000000
2.033333,-0.000000
2.033667,-0.000000
2.034000,-0.000000
2.034333,-0.000000
2.034667,-0.000000
2.035000,-0.000000
2.035333,-0.000000
2.035667,-0.000000
2.036000,-0.000000
2.036333,-0.000000
2.036667,-0.000000
2.037000,-0.000000
2.037333,-0.000000
2.037667,-0.000000
2.038000,-0.000000
2.038333,-0.000000
2.038667,-0.000000
2.039000,-0.000000
2.039333,-0.000000
2.039667,-0.000000
2.040000,-0.000000
2.040333,-0.000000
2.040667,-0.000000
2.041000,-0.000000
2.041333,-0.000000
2.041667,-0.000000
2.042000,-0.000000
2.042333,-0.000000
2.042667,-0.000000
2.043000,-0.000000
2.043333,-0.000000
2.043667,-0.000000
2.044000,-0.000000
2.044333,-0.000000
2.044667,-0.000000
2.045000,-0.000000
2.045333,-0.000000
2.045667,-0.000000
2.046000,-0.000000
2.046333,-0.000000
2.046667,-0.000000
2.047000,0.003105
2.047333,0.006129
2.047667,0.009062
2.048000,0.011894
2.048333,0.014616
2.048667,0.017219
2.049000,0.019696
2.049333,0.022039
2.049667,0.024242
2.050000,0.026299
2.050333,0.028204
2.050667,0.029955
2.051000,0.031546
2.051333,0.032976
2.051667,0.034241
2.052000,0.035341
2.052333,0.036274
2.052667,0.037040
2.053000,0.037641
2.053333,0.038077
2.053667,0.038351
2.054000,0.038463
2.054333,0.038419
2.054667,0.038221
2.055000,0.037873
2.055333,0.037381
2.055667,0.036749
2.056000,0.035983
2.056333,0.035089
2.056667,0.034073
2.057000,0.032943
2.057333,0.031704
2.057667,0.030366
2.058000,0.028934
2.058333,0.027418
2.058667,0.025825
2.059000,0.024162
2.059333,0.022439
2.059667,0.020664
2.060000,0.018844
2.060333,0.016988
2.060667,0.015105
2.061000,0.013203
2.061333,0.011289
2.061667,0.009371
2.062000,0.007459
2.062333,0.005558
2.062667,0.003676
2.063000,0.001821
2.063333,0.000000
2.063667,-0.001781
2.064000,-0.003516
2.064333,-0.005199
2.064667,-0.006824
2.065000,-0.008386
2.065333,-0.009880
2.065667,-0.011301
2.066000,-0.012645
2.066333,-0.013909
2.066667,-0.015089
2.067000,-0.016182
2.067333,-0.017187
2.067667,-0.018100
2.068000,-0.018920
2.068333,-0.019646
2.068667,-0.020277
2.069000,-0.020812
2.069333,-0.021252
2.069667,-0.021597
2.070000,-0.021847
2.070333,-0.022004
2.070667,-0.022069
2.071000,-0.022043
2.071333,-0.021929
2.071667,-0.021730
2.072000,-0.021447
2.072333,-0.021085
2.072667,-0.020645
2.073000,-0.020132
2.073333,-0.019550
2.073667,-0.018901
2.074000,-0.018191
2.074333,-0.017422
2.074667,-0.016601
2.075000,-0.015731
2.075333,-0.014817
2.075667,-0.013863
2.076000,-0.012874
2.076333,-0.011856
2.076667,-0.010812
2.077000,-0.009747
2.077333,-0.008667
2.077667,-0.007575
2.078000,-0.006477
2.078333,-0.005377
2.078667,-0.004279
2.079000,-0.003189
2.079333,-0.002109
2.079667,-0.001045
2.080000,-0.000000
2.080333,0.001022
2.080667,0.002018
2.081000,0.002983
2.081333,0.003915
2.081667,0.004811
2.082000,0.005668
2.082333,0.006484
2.082667,0.007255
2.083000,0.007980
2.083333,0.008657
2.083667,0.009285
2.084000,0.009861
2.084333,0.010385
2.084667,0.010855
2.085000,0.011272
2.085333,0.011634
2.085667,0.011941
2.086000,0.012193
2.086333,0.012391
2.086667,0.012535
2.087000,0.012625
2.087333,0.012662
2.087667,0.012647
2.088000,0.012582
2.088333,0.012468
2.088667,0.012306
2.089000,0.012097
2.089333,0.011845
2.089667,0.011551
2.090000,0.011217
2.090333,0.010844
2.090667,0.010437
2.091000,0.009996
2.091333,0.009525
2.091667,0.009026
2.092000,0.008501
2.092333,0.007954
2.092667,0.007387
2.093000,0.006802
2.093333,0.006203
2.093667,0.005592
2.094000,0.004973
2.094333,0.004346
2.094667,0.003716
2.095000,0.003085
2.095333,0.002455
2.095667,0.001830
2.096000,0.001210
2.096333,0.000600
2.096667,0.000000
2.097000,-0.000586
2.097333,-0.001158
2.097667,-0.001712
2.098000,-0.002246
2.098333,-0.002761
2.098667,-0.003252
2.099000,-0.003720
2.099333,-0.004163
2.099667,-0.004579
2.100000,-0.004967
2.100333,-0.005327
2.100667,-0.005658
2.101000,-0.005958
2.101333,-0.006228
2.101667,-0.006467
2.102000,-0.006675
2.102333,-0.006851
2.102667,-0.006996
2.103000,-0.007110
2.103333,-0.007192
2.103667,-0.007243
2.104000,-0.007265
2.104333,-0.007256
2.104667,-0.007219
2.105000,-0.007153
2.105333,-0.007060
2.105667,-0.006941
2.106000,-0.006796
2.106333,-0.006627
2.106667,-0.006436
2.107000,-0.006222
2.107333,-0.005988
2.107667,-0.005735
2.108000,-0.005465
2.108333,-0.005179
2.108667,-0.004878
2.109000,-0.004564
2.109333,-0.004238
2.109667,-0.003903
2.110000,-0.003559
2.110333,-0.003209
2.110667,-0.002853
2.111000,-0.002494
2.111333,-0.002132
2.111667,-0.001770
2.112000,-0.001409
2.112333,-0.001050
2.112667,-0.000694
2.113000,-0.000344
2.113333,-0.000000
2.113667,0.000336
2.114000,0.000664
2.114333,0.000982
2.114667,0.001289
2.115000,0.001584
2.115333,0.001866
2.115667,0.002134
2.116000,0.002388
2.116333,0.002627
2.116667,0.002850
2.117000,0.003056
2.117333,0.003246
2.117667,0.003419
2.118000,0.003574
2.118333,0.003711
2.118667,0.003830
2.119000,0.003931
2.119333,0.004014
2.119667,0.004079
2.120000,0.004126
2.120333,0.004156
2.120667,0.004168
2.121000,0.004163
2.121333,0.004142
2.121667,0.004104
2.122000,0.004051
2.122333,0.003982
2.122667,0.003899
2.123000,0.003802
2.123333,0.003692
2.123667,0.003570
2.124000,0.003436
2.124333,0.003291
2.124667,0.003136
2.125000,0.002971
2.125333,0.002799
2.125667,0.002618
2.126000,0.002432
2.126333,0.002239
2.126667,0.002042
2.127000,0.001841
2.127333,0.001637
2.127667,0.001431
2.128000,0.001223
2.128333,0.001016
2.128667,0.000808
2.129000,0.000602
2.129333,0.000398
2.129667,0.000197
2.130000,0.000000
2.130333,-0.000193
2.130667,-0.000381
2.131000,-0.000563
2.131333,-0.000740
2.131667,-0.000909
2.132000,-0.001071
2.132333,-0.001225
2.132667,-0.001370
2.133000,-0.001507
2.133333,-0.001635
2.133667,-0.001754
2.134000,-0.001862
2.134333,-0.001961
2.134667,-0.002050
2.135000,-0.002129
2.135333,-0.002197
2.135667,-0.002255
2.136000,-0.002303
2.136333,-0.002340
2.136667,-0.002368
2.137000,-0.002385
2.137333,-0.002392
2.137667,-0.002389
2.138000,-0.002376
2.138333,-0.002355
2.138667,-0.002324
2.139000,-0.002285
2.139333,-0.002237
2.139667,-0.002182
2.140000,-0.002119
2.140333,-0.002048
2.140667,-0.001971
2.141000,-0.001888
2.141333,-0.001799
2.141667,-0.001705
2.142000,-0.001606
2.142333,-0.001502
2.142667,-0.001395
2.143000,-0.001285
2.143333,-0.001172
2.143667,-0.001056
2.144000,-0.000939
2.144333,-0.000821
2.144667,-0.000702
2.145000,-0.000583
2.145333,-0.000464
2.145667,-0.000346
2.146000,-0.000229
2.146333,-0.000113
2.146667,-0.000000
2.147000,0.000111
2.147333,0.000219
2.147667,0.000323
2.148000,0.000424
2.148333,0.000521
2.148667,0.000614
2.149000,0.000703
2.149333,0.000786
2.149667,0.000865
2.150000,0.000938
2.150333,0.001006
2.150667,0.001069
2.151000,0.001125
2.151333,0.001176
2.151667,0.001222
2.152000,0.001261
2.152333,0.001294
2.152667,0.001321
2.153000,0.001343
2.153333,0.001358
2.153667,0.001368
2.154000,0.001372
2.154333,0.001371
2.154667,0.001363
2.155000,0.001351
2.155333,0.001334
2.155667,0.001311
2.156000,0.001284
2.156333,0.001252
2.156667,0.001216
2.157000,0.001175
2.157333,0.001131
2.157667,0.001083
2.158000,0.001032
2.158333,0.000978
2.158667,0.000921
2.159000,0.000862
2.159333,0.000800
2.159667,0.000737
2.160000,0.000672
2.160333,0.000606
2.160667,0.000539
2.161000,0.000471
2.161333,0.000403
2.161667,0.000334
2.162000,0.000266
2.162333,0.000198
2.162667,0.000131
2.163000,0.000065
2.163333,0.000000
2.163667,-0.000064
2.164000,-0.000125
2.164333,-0.000185
2.164667,-0.000243
2.165000,-0.000299
2.165333,-0.000352
2.165667,-0.000403
2.166000,-0.000451
2.166333,-0.000496
2.166667,-0.000538
2.167000,-0.000577
2.167333,-0.000613
2.167667,-0.000646
2.168000,-0.000675
2.168333,-0.000701
2.168667,-0.000723
2.169000,-0.000742
2.169333,-0.000758
2.169667,-0.000770
2.170000,-0.000779
2.170333,-0.000785
2.170667,-0.000787
2.171000,-0.000786
2.171333,-0.000782
2.171667,-0.000775
2.172000,-0.000765
2.172333,-0.000752
2.172667,-0.000736
2.173000,-0.000718
2.173333,-0.000697
2.173667,-0.000674
2.174000,-0.000649
2.174333,-0.000622
2.174667,-0.000592
2.175000,-0.000561
2.175333,-0.000529
2.175667,-0.000495
2.176000,-0.000459
2.176333,-0.000423
2.176667,-0.000386
2.177000,-0.000348
2.177333,-0.000309
2.177667,-0.000270
2.178000,-0.000231
2.178333,-0.000192
2.178667,-0.000153
2.179000,-0.000114
2.179333,-0.000075
2.179667,-0.000037
2.180000,-0.000000
2.180333,0.000036
2.180667,0.000072
2.181000,0.000106
2.181333,0.000140
2.181667,0.000172
2.182000,0.000202
2.182333,0.000231
2.182667,0.000259
2.183000,0.000285
2.183333,0.000309
2.183667,0.000331
2.184000,0.000352
2.184333,0.000370
2.184667,0.000387
2.185000,0.000402
2.185333,0.000415
2.185667,0.000426
2.186000,0.000435
2.186333,0.000442
2.186667,0.000447
2.187000,0.000450
2.187333,0.000452
2.187667,0.000451
2.188000,0.000449
2.188333,0.000445
2.188667,0.000439
2.189000,0.000432
2.189333,0.000423
2.189667,0.000412
2.190000,0.000400
2.190333,0.000387
2.190667,0.000372
2.191000,0.000357
2.191333,0.000340
2.191667,0.000322
2.192000,0.000303
2.192333,0.000284
2.192667,0.000264
2.193000,0.000243
2.193333,0.000221
2.193667,0.000200
2.194000,0.000177
2.194333,0.000155
2.194667,0.000133
2.195000,0.000110
2.195333,0.000088
2.195667,0.000065
2.196000,0.000043
2.196333,0.000021
2.196667,0.000000
2.197000,-0.000021
2.197333,-0.000041
2.197667,-0.000061
2.198000,-0.000080
2.198333,-0.000098
2.198667,-0.000116
2.199000,-0.000133
2.199333,-0.000148
2.199667,-0.000163
2.200000,-0.000177
2.200333,-0.000190
2.200667,-0.000202
2.201000,-0.000213
2.201333,-0.000222
2.201667,-0.000231
2.202000,-0.000238
2.202333,-0.000244
2.202667,-0.000250
2.203000,-0.000254
2.203333,-0.000257
2.203667,-0.000258
2.204000,-0.000259
2.204333,-0.000259
2.204667,-0.000258
2.205000,-0.000255
2.205333,-0.000252
2.205667,-0.000248
2.206000,-0.000242
2.206333,-0.000236
2.206667,-0.000230
2.207000,-0.000222
2.207333,-0.000214
2.207667,-0.000205
2.208000,-0.000195
2.208333,-0.000185
2.208667,-0.000174
2.209000,-0.000163
2.209333,-0.000151
2.209667,-0.000139
2.210000,-0.000127
2.210333,-0.000114
2.210667,-0.000102
2.211000,-0.000089
2.211333,-0.000076
2.211667,-0.000063
2.212000,-0.000050
2.212333,-0.000037
2.212667,-0.000025
2.213000,-0.000012
2.213333,-0.000000
2.213667,0.000012
2.214000,0.000024
2.214333,0.000035
2.214667,0.000046
2.215000,0.000057
2.215333,0.000067
2.215667,0.000076
2.216000,0.000085
2.216333,0.000094
2.216667,0.000102
2.217000,0.000109
2.217333,0.000116
2.217667,0.000122
2.218000,0.000127
2.218333,0.000132
2.218667,0.000137
2.219000,0.000140
2.219333,0.000143
2.219667,0.000146
2.220000,0.000147
2.220333,0.000148
2.220667,0.000149
2.221000,0.000149
2.221333,0.000148
2.221667,0.000146
2.222000,0.000145
2.222333,0.000142
2.222667,0.000139
2.223000,0.000136
2.223333,0.000132
2.223667,0.000127
2.224000,0.000123
2.224333,0.000117
2.224667,0.000112
2.225000,0.000106
2.225333,0.000100
2.225667,0.000093
2.226000,0.000087
2.226333,0.000080
2.226667,0.000073
2.227000,0.000066
2.227333,0.000058
2.227667,0.000051
2.228000,0.000044
2.228333,0.000036
2.228667,0.000029
2.229000,0.000021
2.229333,0.000014
2.229667,0.000007
2.230000,0.000000
2.230333,-0.000007
2.230667,-0.000014
2.231000,-0.000020
2.231333,-0.000026
2.231667,-0.000032
2.232000,-0.000038
2.232333,-0.000044
2.232667,-0.000049
2.233000,-0.000054
2.233333,-0.000058
2.233667,-0.000063
2.234000,-0.000066
2.234333,-0.000070
2.234667,-0.000073
2.235000,-0.000076
2.235333,-0.000078
2.235667,-0.000080
2.236000,-0.000082
2.236333,-0.000083
2.236667,-0.000084
2.237000,-0.000085
2.237333,-0.000085
2.237667,-0.000085
2.238000,-0.000085
2.238333,-0.000084
2.238667,-0.000083
2.239000,-0.000082
2.239333,-0.000080
2.239667,-0.000078
2.240000,-0.000076
2.240333,-0.000073
2.240667,-0.000070
2.241000,-0.000067
2.241333,-0.000064
2.241667,-0.000061
2.242000,-0.000057
2.242333,-0.000054
2.242667,-0.000050
2.243000,-0.000046
2.243333,-0.000042
2.243667,-0.000038
2.244000,-0.000034
2.244333,-0.000029
2.244667,-0.000025
2.245000,-0.000021
2.245333,-0.000017
2.245667,-0.000012
2.246000,-0.000008
2.246333,-0.000004
2.246667,-0.000000
2.247000,0.000004
2.247333,0.000008
2.247667,0.000012
2.248000,0.000015
2.248333,0.000019
2.248667,0.000022
2.249000,0.000025
2.249333,0.000028
2.249667,0.000031
2.250000,0.000033
2.250333,0.000036
2.250667,0.000038
2.251000,0.000040
2.251333,0.000042
2.251667,0.000044
2.252000,0.000045
2.252333,0.000046
2.252667,0.000047
2.253000,0.000048
2.253333,0.000048
2.253667,0.000049
2.254000,0.000049
2.254333,0.000049
2.254667,0.000049
2.255000,0.000048
2.255333,0.000048
2.255667,0.000047
2.256000,0.000046
2.256333,0.000045
2.256667,0.000043
2.257000,0.000042
2.257333,0.000040
2.257667,0.000039
2.258000,0.000037
2.258333,0.000035
2.258667,0.000033
2.259000,0.000031
2.259333,0.000029
2.259667,0.000026
2.260000,0.000024
2.260333,0.000022
2.260667,0.000019
2.261000,0.000017
2.261333,0.000014
2.261667,0.000012
2.262000,0.000009
2.262333,0.000007
2.262667,0.000005
2.263000,0.000002
2.263333,0.000000
2.263667,-0.000002
2.264000,-0.000004
2.264333,-0.000007
2.264667,-0.000009
2.265000,-0.000011
2.265333,-0.000013
2.265667,-0.000014
2.266000,-0.000016
2.266333,-0.000018
2.266667,-0.000019
2.267000,-0.000021
2.267333,-0.000022
2.267667,-0.000023
2.268000,-0.000024
2.268333,-0.000025
2.268667,-0.000026
2.269000,-0.000026
2.269333,-0.000027
2.269667,-0.000027
2.270000,-0.000028
2.270333,-0.000028
2.270667,-0.000028
2.271000,-0.000028
2.271333,-0.000028
2.271667,-0.000028
2.272000,-0.000027
2.272333,-0.000027
2.272667,-0.000026
2.273000,-0.000026
2.273333,-0.000025
2.273667,-0.000024
2.274000,-0.000023
2.274333,-0.000022
2.274667,-0.000021
2.275000,-0.000020
2.275333,-0.000019
2.275667,-0.000018
2.276000,-0.000016
2.276333,-0.000015
2.276667,-0.000014
2.277000,-0.000012
2.277333,-0.000011
2.277667,-0.000010
2.278000,-0.000008
2.278333,-0.000007
2.278667,-0.000005
2.279000,-0.000004
2.279333,-0.000003
2.279667,-0.000001
2.280000,-0.000000
2.280333,0.000001
2.280667,0.000003
2.281000,0.000004
2.281333,0.000005
2.281667,0.000006
2.282000,0.000007
2.282333,0.000008
2.282667,0.000009
2.283000,0.000010
2.283333,0.000011
2.283667,0.000012
2.284000,0.000013
2.284333,0.000013
2.284667,0.000014
2.285000,0.000014
2.285333,0.000015
2.285667,0.000015
2.286000,0.000016
2.286333,0.000016
2.286667,0.000016
2.287000,0.000016
2.287333,0.000016
2.287667,0.000016
2.288000,0.000016
2.288333,0.000016
2.288667,0.000016
2.289000,0.000015
2.289333,0.000015
2.289667,0.000015
2.290000,0.000014
2.290333,0.000014
2.290667,0.000013
2.291000,0.000013
2.291333,0.000012
2.291667,0.000011
2.292000,0.000011
2.292333,0.000010
2.292667,0.000009
2.293000,0.000009
2.293333,0.000008
2.293667,0.000007
2.294000,0.000006
2.294333,0.000006
2.294667,0.000005
2.295000,0.000004
2.295333,0.000003
2.295667,0.000002
2.296000,0.000002
2.296333,0.000001
2.296667,0.000000
2.297000,-0.000001
2.297333,-0.000001
2.297667,-0.000002
2.298000,-0.000003
2.298333,-0.000004
2.298667,-0.000004
2.299000,-0.000005
2.299333,-0.000005
2.299667,-0.000006
2.300000,-0.000006
2.300333,-0.000007
2.300667,-0.000007
2.301000,-0.000008
2.301333,-0.000008
2.301667,-0.000008
2.302000,-0.000008
2.302333,-0.000009
2.302667,-0.000009
2.303000,-0.000009
2.303333,-0.000009
2.303667,-0.000009
2.304000,-0.000009
2.304333,-0.000009
2.304667,-0.000009
2.305000,-0.000009
2.305333,-0.000009
2.305667,-0.000009
2.306000,-0.000009
2.306333,-0.000008
2.306667,-0.000008
2.307000,-0.000008
2.307333,-0.000008
2.307667,-0.000007
2.308000,-0.000007
2.308333,-0.000007
2.308667,-0.000006
2.309000,-0.000006
2.309333,-0.000005
2.309667,-0.000005
2.310000,-0.000005
2.310333,-0.000004
2.310667,-0.000004
2.311000,-0.000003
2.311333,-0.000003
2.311667,-0.000002
2.312000,-0.000002
2.312333,-0.000001
2.312667,-0.000001
2.313000,-0.000000
2.313333,-0.000000
2.313667,0.000000
2.314000,0.000001
2.314333,0.000001
2.314667,0.000002
2.315000,0.000002
2.315333,0.000002
2.315667,0.000003
2.316000,0.000003
2.316333,0.000003
2.316667,0.000004
2.317000,0.001246
2.317333,0.002456
2.317667,0.003629
2.318000,0.004762
2.318333,0.005851
2.318667,0.006893
2.319000,0.007883
2.319333,0.008821
2.319667,0.009702
2.320000,0.010525
2.320333,0.011287
2.320667,0.011987
2.321000,0.012624
2.321333,0.013196
2.321667,0.013702
2.322000,0.014141
2.322333,0.014515
2.322667,0.014821
2.323000,0.015061
2.323333,0.015236
2.323667,0.015345
2.324000,0.015390
2.324333,0.015372
2.324667,0.015292
2.325000,0.015153
2.325333,0.014956
2.325667,0.014703
2.326000,0.014396
2.326333,0.014038
2.326667,0.013632
2.327000,0.013179
2.327333,0.012684
2.327667,0.012148
2.328000,0.011575
2.328333,0.010968
2.328667,0.010331
2.329000,0.009666
2.329333,0.008976
2.329667,0.008266
2.330000,0.007538
2.330333,0.006795
2.330667,0.006042
2.331000,0.005280
2.331333,0.004515
2.331667,0.003747
2.332000,0.002982
2.332333,0.002222
2.332667,0.001469
2.333000,0.000727
2.333333,-0.000002
2.333667,-0.000715
2.334000,-0.001409
2.334333,-0.002082
2.334667,-0.002732
2.335000,-0.003357
2.335333,-0.003955
2.335667,-0.004523
2.336000,-0.005061
2.336333,-0.005567
2.336667,-0.006039
2.337000,-0.006476
2.337333,-0.006878
2.337667,-0.007243
2.338000,-0.007571
2.338333,-0.007861
2.338667,-0.008114
2.339000,-0.008328
2.339333,-0.008504
2.339667,-0.008641
2.340000,-0.008741
2.340333,-0.008804
2.340667,-0.008830
2.341000,-0.008820
2.341333,-0.008774
2.341667,-0.008694
2.342000,-0.008581
2.342333,-0.008436
2.342667,-0.008260
2.343000,-0.008055
2.343333,-0.007821
2.343667,-0.007562
2.344000,-0.007277
2.344333,-0.006970
2.344667,-0.006641
2.345000,-0.006293
2.345333,-0.005927
2.345667,-0.005546
2.346000,-0.005150
2.346333,-0.004742
2.346667,-0.004325
2.347000,-0.003899
2.347333,-0.003466
2.347667,-0.003030
2.348000,-0.002590
2.348333,-0.002150
2.348667,-0.001711
2.349000,-0.001275
2.349333,-0.000843
2.349667,-0.000417
2.350000,0.000001
2.350333,0.000410
2.350667,0.000808
2.351000,0.001195
2.351333,0.001568
2.351667,0.001926
2.352000,0.002269
2.352333,0.002595
2.352667,0.002904
2.353000,0.003194
2.353333,0.003465
2.353667,0.003716
2.354000,0.003946
2.354333,0.004156
2.354667,0.004344
2.355000,0.004510
2.355333,0.004655
2.355667,0.004778
2.356000,0.004879
2.356333,0.004958
2.356667,0.005015
2.357000,0.005051
2.357333,0.005066
2.357667,0.005060
2.358000,0.005034
2.358333,0.004988
2.358667,0.004923
2.359000,0.004840
2.359333,0.004739
2.359667,0.004621
2.360000,0.004488
2.360333,0.004339
2.360667,0.004175
2.361000,0.003999
2.361333,0.003811
2.361667,0.003611
2.362000,0.003401
2.362333,0.003182
2.362667,0.002955
2.363000,0.002721
2.363333,0.002481
2.363667,0.002237
2.364000,0.001989
2.364333,0.001738
2.364667,0.001486
2.365000,0.001234
2.365333,0.000982
2.365667,0.000731
2.366000,0.000484
2.366333,0.000239
2.366667,-0.000001
2.367000,-0.000235
2.367333,-0.000464
2.367667,-0.000685
2.368000,-0.000899
2.368333,-0.001105
2.368667,-0.001302
2.369000,-0.001489
2.369333,-0.001666
2.369667,-0.001832
2.370000,-0.001988
2.370333,-0.002132
2.370667,-0.002264
2.371000,-0.002384
2.371333,-0.002492
2.371667,-0.002588
2.372000,-0.002671
2.372333,-0.002741
2.372667,-0.002799
2.373000,-0.002845
2.373333,-0.002878
2.373667,-0.002898
2.374000,-0.002907
2.374333,-0.002903
2.374667,-0.002888
2.375000,-0.002862
2.375333,-0.002825
2.375667,-0.002777
2.376000,-0.002719
2.376333,-0.002651
2.376667,-0.002575
2.377000,-0.002489
2.377333,-0.002396
2.377667,-0.002294
2.378000,-0.002186
2.378333,-0.002072
2.378667,-0.001951
2.379000,-0.001826
2.379333,-0.001695
2.379667,-0.001561
2.380000,-0.001424
2.380333,-0.001283
2.380667,-0.001141
2.381000,-0.000997
2.381333,-0.000853
2.381667,-0.000708
2.382000,-0.000563
2.382333,-0.000420
2.382667,-0.000277
2.383000,-0.000137
2.383333,0.000000
2.383667,0.000135
2.384000,0.000266
2.384333,0.000393
2.384667,0.000516
2.385000,0.000634
2.385333,0.000747
2.385667,0.000854
2.386000,0.000956
2.386333,0.001051
2.386667,0.001141
2.387000,0.001223
2.387333,0.001299
2.387667,0.001368
2.388000,0.001430
2.388333,0.001485
2.388667,0.001532
2.389000,0.001573
2.389333,0.001606
2.389667,0.001632
2.390000,0.001651
2.390333,0.001663
2.390667,0.001668
2.391000,0.001666
2.391333,0.001657
2.391667,0.001642
2.392000,0.001621
2.392333,0.001593
2.392667,0.001560
2.393000,0.001521
2.393333,0.001477
2.393667,0.001428
2.394000,0.001375
2.394333,0.001316
2.394667,0.001254
2.395000,0.001189
2.395333,0.001120
2.395667,0.001047
2.396000,0.000973
2.396333,0.000896
2.396667,0.000817
2.397000,0.000736
2.397333,0.000655
2.397667,0.000572
2.398000,0.000489
2.398333,0.000406
2.398667,0.000323
2.399000,0.000241
2.399333,0.000159
2.399667,0.000079
2.400000,-0.000000
2.400333,-0.000077
2.400667,-0.000153
2.401000,-0.000226
2.401333,-0.000296
2.401667,-0.000364
2.402000,-0.000429
2.402333,-0.000490
2.402667,-0.000548
2.403000,-0.000603
2.403333,-0.000654
2.403667,-0.000702
2.404000,-0.000745
2.404333,-0.000785
2.404667,-0.000820
2.405000,-0.000852
2.405333,-0.000879
2.405667,-0.000902
2.406000,-0.000922
2.406333,-0.000936
2.406667,-0.000947
2.407000,-0.000954
2.407333,-0.000957
2.407667,-0.000956
2.408000,-0.000951
2.408333,-0.000942
2.408667,-0.000930
2.409000,-0.000914
2.409333,-0.000895
2.409667,-0.000873
2.410000,-0.000848
2.410333,-0.000819
2.410667,-0.000789
2.411000,-0.000755
2.411333,-0.000720
2.411667,-0.000682
2.412000,-0.000642
2.412333,-0.000601
2.412667,-0.000558
2.413000,-0.000514
2.413333,-0.000469
2.413667,-0.000422
2.414000,-0.000376
2.414333,-0.000328
2.414667,-0.000281
2.415000,-0.000233
2.415333,-0.000185
2.415667,-0.000138
2.416000,-0.000091
2.416333,-0.000045
2.416667,0.000000
2.417000,0.000044
2.417333,0.000088
2.417667,0.000129
2.418000,0.000170
2.418333,0.000209
2.418667,0.000246
2.419000,0.000281
2.419333,0.000315
2.419667,0.000346
2.420000,0.000375
2.420333,0.000403
2.420667,0.000428
2.421000,0.000450
2.421333,0.000471
2.421667,0.000489
2.422000,0.000504
2.422333,0.000518
2.422667,0.000529
2.423000,0.000537
2.423333,0.000544
2.423667,0.000547
2.424000,0.000549
2.424333,0.000548
2.424667,0.000546
2.425000,0.000541
2.425333,0.000534
2.425667,0.000525
2.426000,0.000514
2.426333,0.000501
2.426667,0.000486
2.427000,0.000470
2.427333,0.000452
2.427667,0.000433
2.428000,0.000413
2.428333,0.000391
2.428667,0.000369
2.429000,0.000345
2.429333,0.000320
2.429667,0.000295
2.430000,0.000269
2.430333,0.000242
2.430667,0.000216
2.431000,0.000188
2.431333,0.000161
2.431667,0.000134
2.432000,0.000106
2.432333,0.000079
2.432667,0.000052
2.433000,0.000026
2.433333,-0.000000
2.433667,-0.000025
2.434000,-0.000050
2.434333,-0.000074
2.434667,-0.000097
2.435000,-0.000120
2.435333,-0.000141
2.435667,-0.000161
2.436000,-0.000181
2.436333,-0.000199
2.436667,-0.000215
2.437000,-0.000231
2.437333,-0.000245
2.437667,-0.000258
2.438000,-0.000270
2.438333,-0.000280
2.438667,-0.000289
2.439000,-0.000297
2.439333,-0.000303
2.439667,-0.000308
2.440000,-0.000312
2.440333,-0.000314
2.440667,-0.000315
2.441000,-0.000315
2.441333,-0.000313
2.441667,-0.000310
2.442000,-0.000306
2.442333,-0.000301
2.442667,-0.000295
2.443000,-0.000287
2.443333,-0.000279
2.443667,-0.000270
2.444000,-0.000260
2.444333,-0.000249
2.444667,-0.000237
2.445000,-0.000225
2.445333,-0.000211
2.445667,-0.000198
2.446000,-0.000184
2.446333,-0.000169
2.446667,-0.000154
2.447000,-0.000139
2.447333,-0.000124
2.447667,-0.000108
2.448000,-0.000092
2.448333,-0.000077
2.448667,-0.000061
2.449000,-0.000045
2.449333,-0.000030
2.449667,-0.000015
2.450000,0.000000
2.450333,0.000015
2.450667,0.000029
2.451000,0.000043
2.451333,0.000056
2.451667,0.000069
2.452000,0.000081
2.452333,0.000093
2.452667,0.000104
2.453000,0.000114
2.453333,0.000124
2.453667,0.000133
2.454000,0.000141
2.454333,0.000148
2.454667,0.000155
2.455000,0.000161
2.455333,0.000166
2.455667,0.000170
2.456000,0.000174
2.456333,0.000177
2.456667,0.000179
2.457000,0.000180
2.457333,0.000181
2.457667,0.000181
2.458000,0.000180
2.458333,0.000178
2.458667,0.000176
2.459000,0.000173
2.459333,0.000169
2.459667,0.000165
2.460000,0.000160
2.460333,0.000155
2.460667,0.000149
2.461000,0.000143
2.461333,0.000136
2.461667,0.000129
2.462000,0.000121
2.462333,0.000114
2.462667,0.000105
2.463000,0.000097
2.463333,0.000089
2.463667,0.000080
2.464000,0.000071
2.464333,0.000062
2.464667,0.000053
2.465000,0.000044
2.465333,0.000035
2.465667,0.000026
2.466000,0.000017
2.466333,0.000009
2.466667,-0.000000
2.467000,-0.000008
2.467333,-0.000017
2.467667,-0.000024
2.468000,-0.000032
2.468333,-0.000039
2.468667,-0.000046
2.469000,-0.000053
2.469333,-0.000059
2.469667,-0.000065
2.470000,-0.000071
2.470333,-0.000076
2.470667,-0.000081
2.471000,-0.000085
2.471333,-0.000089
2.471667,-0.000092
2.472000,-0.000095
2.472333,-0.000098
2.472667,-0.000100
2.473000,-0.000101
2.473333,-0.000103
2.473667,-0.000103
2.474000,-0.000104
2.474333,-0.000104
2.474667,-0.000103
2.475000,-0.000102
2.475333,-0.000101
2.475667,-0.000099
2.476000,-0.000097
2.476333,-0.000095
2.476667,-0.000092
2.477000,-0.000089
2.477333,-0.000085
2.477667,-0.000082
2.478000,-0.000078
2.478333,-0.000074
2.478667,-0.000070
2.479000,-0.000065
2.479333,-0.000060
2.479667,-0.000056
2.480000,-0.000051
2.480333,-0.000046
2.480667,-0.000041
2.481000,-0.000036
2.481333,-0.000030
2.481667,-0.000025
2.482000,-0.000020
2.482333,-0.000015
2.482667,-0.000010
2.483000,-0.000005
2.483333,0.000000
2.483667,0.000005
2.484000,0.000009
2.484333,0.000014
2.484667,0.000018
2.485000,0.000023
2.485333,0.000027
2.485667,0.000030
2.486000,0.000034
2.486333,0.000038
2.486667,0.000041
2.487000,0.000044
2.487333,0.000046
2.487667,0.000049
2.488000,0.000051
2.488333,0.000053
2.488667,0.000055
2.489000,0.000056
2.489333,0.000057
2.489667,0.000058
2.490000,0.000059
2.490333,0.000059
2.490667,0.000059
2.491000,0.000059
2.491333,0.000059
2.491667,0.000059
2.492000,0.000058
2.492333,0.000057
2.492667,0.000056
2.493000,0.000054
2.493333,0.000053
2.493667,0.000051
2.494000,0.000049
2.494333,0.000047
2.494667,0.000045
2.495000,0.000042
2.495333,0.000040
2.495667,0.000037
2.496000,0.000035
2.496333,0.000032
2.496667,0.000029
2.497000,0.000026
2.497333,0.000023
2.497667,0.000020
2.498000,0.000017
2.498333,0.000014
2.498667,0.000012
2.499000,0.000009
2.499333,0.000006
2.499667,0.000003
2.500000,-0.000000
2.500333,-0.000003
2.500667,-0.000005
2.501000,-0.000008
2.501333,-0.000011
2.501667,-0.000013
2.502000,-0.000015
2.502333,-0.000017
2.502667,-0.000020
2.503000,-0.000022
2.503333,-0.000023
2.503667,-0.000025
2.504000,-0.000027
2.504333,-0.000028
2.504667,-0.000029
2.505000,-0.000030
2.505333,-0.000031
2.505667,-0.000032
2.506000,-0.000033
2.506333,-0.000033
2.506667,-0.000034
2.507000,-0.000034
2.507333,-0.000034
2.507667,-0.000034
2.508000,-0.000034
2.508333,-0.000034
2.508667,-0.000033
2.509000,-0.000033
2.509333,-0.000032
2.509667,-0.000031
2.510000,-0.000030
2.510333,-0.000029
2.510667,-0.000028
2.511000,-0.000027
2.511333,-0.000026
2.511667,-0.000024
2.512000,-0.000023
2.512333,-0.000021
2.512667,-0.000020
2.513000,-0.000018
2.513333,-0.000017
2.513667,-0.000015
2.514000,-0.000013
2.514333,-0.000012
2.514667,-0.000010
2.515000,-0.000008
2.515333,-0.000007
2.515667,-0.000005
2.516000,-0.000003
2.516333,-0.000002
2.516667,0.000000
2.517000,0.000002
2.517333,0.000003
2.517667,0.000005
2.518000,0.000006
2.518333,0.000007
2.518667,0.000009
2.519000,0.000010
2.519333,0.000011
2.519667,0.000012
2.520000,0.000013
2.520333,0.000014
2.520667,0.000015
2.521000,0.000016
2.521333,0.000017
2.521667,0.000017
2.522000,0.000018
2.522333,0.000018
2.522667,0.000019
2.523000,0.000019
2.523333,0.000019
2.523667,0.000020
2.524000,0.000020
2.524333,0.000020
2.524667,0.000019
2.525000,0.000019
2.525333,0.000019
2.525667,0.000019
2.526000,0.000018
2.526333,0.000018
2.526667,0.000017
2.527000,0.000017
2.527333,0.000016
2.527667,0.000015
2.528000,0.000015
2.528333,0.000014
2.528667,0.000013
2.529000,0.000012
2.529333,0.000011
2.529667,0.000011
2.530000,0.000010
2.530333,0.000009
2.530667,0.000008
2.531000,0.000007
2.531333,0.000006
2.531667,0.000005
2.532000,0.000004
2.532333,0.000003
2.532667,0.000002
2.533000,0.000001
2.533333,-0.000000
2.533667,-0.000001
2.534000,-0.000002
2.534333,-0.000003
2.534667,-0.000003
2.535000,-0.000004
2.535333,-0.000005
2.535667,-0.000006
2.536000,-0.000006
2.536333,-0.000007
2.536667,-0.000008
2.537000,-0.000008
2.537333,-0.000009
2.537667,-0.000009
2.538000,-0.000010
2.538333,-0.000010
2.538667,-0.000010
2.539000,-0.000011
2.539333,-0.000011
2.539667,-0.000011
2.540000,-0.000011
2.540333,-0.000011
2.540667,-0.000011
2.541000,-0.000011
2.541333,-0.000011
2.541667,-0.000011
2.542000,-0.000011
2.542333,-0.000011
2.542667,-0.000011
2.543000,-0.000010
2.543333,-0.000010
2.543667,-0.000010
2.544000,-0.000009
2.544333,-0.000009
2.544667,-0.000008
2.545000,-0.000008
2.545333,-0.000008
2.545667,-0.000007
2.546000,-0.000007
2.546333,-0.000006
2.546667,-0.000006
2.547000,-0.000005
2.547333,-0.000004
2.547667,-0.000004
2.548000,-0.000003
2.548333,-0.000003
2.548667,-0.000002
2.549000,-0.000002
2.549333,-0.000001
2.549667,-0.000001
2.550000,0.000000
2.550333,0.000001
2.550667,0.000001
2.551000,0.000002
2.551333,0.000002
2.551667,0.000002
2.552000,0.000003
2.552333,0.000003
2.552667,0.000004
2.553000,0.000004
2.553333,0.000004
2.553667,0.000005
2.554000,0.000005
2.554333,0.000005
2.554667,0.000006
2.555000,0.000006
2.555333,0.000006
2.555667,0.000006
2.556000,0.000006
2.556333,0.000006
2.556667,0.000006
2.557000,0.000006
2.557333,0.000006
2.557667,0.000006
2.558000,0.000006
2.558333,0.000006
2.558667,0.000006
2.559000,0.000006
2.559333,0.000006
2.559667,0.000006
2.560000,0.000006
2.560333,0.000006
2.560667,0.000005
2.561000,0.000005
2.561333,0.000005
2.561667,0.000005
2.562000,0.000004
2.562333,0.000004
2.562667,0.000004
2.563000,0.000003
2.563333,0.000003
2.563667,0.000003
2.564000,0.000003
2.564333,0.000002
2.564667,0.000002
2.565000,0.000002
2.565333,0.000001
2.565667,0.000001
2.566000,0.000001
2.566333,0.000000
2.566667,-0.000000
2.567000,-0.000000
2.567333,-0.000001
2.567667,-0.000001
2.568000,-0.000001
2.568333,-0.000001
2.568667,-0.000002
2.569000,-0.000002
2.569333,-0.000002
2.569667,-0.000002
2.570000,-0.000003
2.570333,-0.000003
2.570667,-0.000003
2.571000,-0.000003
2.571333,-0.000003
2.571667,-0.000003
2.572000,-0.000003
2.572333,-0.000003
2.572667,-0.000004
2.573000,-0.000004
2.573333,-0.000004
2.573667,-0.000004
2.574000,-0.000004
2.574333,-0.000004
2.574667,-0.000004
2.575000,-0.000004
2.575333,-0.000004
2.575667,-0.000004
2.576000,-0.000003
2.576333,-0.000003
2.576667,-0.000003
2.577000,-0.000003
2.577333,-0.000003
2.577667,-0.000003
2.578000,-0.000003
2.578333,-0.000003
2.578667,-0.000002
2.579000,-0.000002
2.579333,-0.000002
2.579667,-0.000002
2.580000,-0.000002
2.580333,-0.000002
2.580667,-0.000001
2.581000,-0.000001
2.581333,-0.000001
2.581667,-0.000001
2.582000,-0.000001
2.582333,-0.000001
2.582667,-0.000000
2.583000,-0.000000
2.583333,0.000000
2.583667,0.000000
2.584000,0.000000
2.584333,0.000001
2.584667,0.000001
2.585000,0.000001
2.585333,0.000001
2.585667,0.000001
2.586000,0.000001
2.586333,0.000001
2.586667,0.000001
2.587000,0.000002
2.587333,0.000002
2.587667,0.000002
2.588000,0.000002
2.588333,0.000002
2.588667,0.000002
2.589000,0.000002
2.589333,0.000002
2.589667,0.000002
2.590000,0.000002
2.590333,0.000002
2.590667,0.000002
2.591000,0.000002
2.591333,0.000002
2.591667,0.000002
2.592000,0.000002
2.592333,0.000002
2.592667,0.000002
2.593000,0.000002
2.593333,0.000002
2.593667,0.000002
2.594000,0.000002
2.594333,0.000002
2.594667,0.000002
2.595000,0.000002
2.595333,0.000001
2.595667,0.000001
2.596000,0.000001
2.596333,0.000001
2.596667,0.000001
2.597000,0.000001
2.597333,0.000001
2.597667,0.000001
2.598000,0.000001
2.598333,0.000001
2.598667,0.000000
2.599000,0.000000
2.599333,0.000000
2.599667,0.000000
2.600000,-0.000000
2.600333,-0.000000
2.600667,-0.000000
2.601000,-0.000000
2.601333,-0.000000
2.601667,-0.000000
2.602000,-0.000001
2.602333,-0.000001
2.602667,-0.000001
2.603000,-0.000001
2.603333,-0.000001
2.603667,-0.000001
2.604000,-0.000001
2.604333,-0.000001
2.604667,-0.000001
2.605000,-0.000001
2.605333,-0.000001
2.605667,-0.000001
2.606000,-0.000001
2.606333,-0.000001
2.606667,-0.000001
2.607000,-0.000001
2.607333,-0.000001
2.607667,-0.000001
2.608000,-0.000001
2.608333,-0.000001
2.608667,-0.000001
2.609000,-0.000001
2.609333,-0.000001
2.609667,-0.000001
2.610000,-0.000001
2.610333,-0.000001
2.610667,-0.000001
2.611000,-0.000001
2.611333,-0.000001
2.611667,-0.000001
2.612000,-0.000001
2.612333,-0.000001
2.612667,-0.000001
2.613000,-0.000001
2.613333,-0.000001
2.613667,-0.000001
2.614000,-0.000000
2.614333,-0.000000
2.614667,-0.000000
2.615000,-0.000000
2.615333,-0.000000
2.615667,-0.000000
2.616000,-0.000000
2.616333,-0.000000
2.616667,0.000000
2.617000,0.000000
2.617333,0.000000
2.617667,0.000000
2.618000,0.000000
2.618333,0.000000
2.618667,0.000000
2.619000,0.000000
2.619333,0.000000
2.619667,0.000000
2.620000,0.000000
2.620333,0.000001
2.620667,0.000001
2.621000,0.000001
2.621333,0.000001
2.621667,0.000001
2.622000,0.000001
2.622333,0.000001
2.622667,0.000001
2.623000,0.000001
2.623333,0.000001
2.623667,0.000001
2.624000,0.000001
2.624333,0.000001
2.624667,0.000001
2.625000,0.000001
2.625333,0.000001
2.625667,0.000001
2.626000,0.000001
2.626333,0.000001
2.626667,0.000001
2.627000,0.000001
2.627333,0.000001
2.627667,0.000001
2.628000,0.000001
2.628333,0.000000
2.628667,0.000000
2.629000,0.000000
2.629333,0.000000
2.629667,0.000000
2.630000,0.000000
2.630333,0.000000
2.630667,0.000000
2.631000,0.000000
2.631333,0.000000
2.631667,0.000000
2.632000,0.000000
2.632333,0.000000
2.632667,0.000000
2.633000,0.000000
2.633333,-0.000000
2.633667,-0.000000
2.634000,-0.000000
2.634333,-0.000000
2.634667,-0.000000
2.635000,-0.000000
2.635333,-0.000000
2.635667,-0.000000
2.636000,-0.000000
2.636333,-0.000000
2.636667,-0.000000
2.637000,-0.000000
2.637333,-0.000000
2.637667,-0.000000
2.638000,-0.000000
2.638333,-0.000000
2.638667,-0.000000
2.639000,-0.000000
2.639333,-0.000000
2.639667,-0.000000
2.640000,-0.000000
2.640333,-0.000000
2.640667,-0.000000
2.641000,-0.000000
2.641333,-0.000000
2.641667,-0.000000
2.642000,-0.000000
2.642333,-0.000000
2.642667,-0.000000
2.643000,-0.000000
2.643333,-0.000000
2.643667,-0.000000
2.644000,-0.000000
2.644333,-0.000000
2.644667,-0.000000
2.645000,-0.000000
2.645333,-0.000000
2.645667,-0.000000
2.646000,-0.000000
2.646333,-0.000000
2.646667,-0.000000
2.647000,-0.000000
2.647333,-0.000000
2.647667,-0.000000
2.648000,-0.000000
2.648333,-0.000000
2.648667,-0.000000
2.649000,-0.000000
2.649333,-0.000000
2.649667,-0.000000
2.650000,0.000000
2.650333,0.000000
2.650667,0.000000
2.651000,0.000000
2.651333,0.000000
2.651667,0.000000
2.652000,0.000000
2.652333,0.000000
2.652667,0.000000
2.653000,0.000000
2.653333,0.000000
2.653667,0.000000
2.654000,0.000000
2.654333,0.000000
2.654667,0.000000
2.655000,0.000000
2.655333,0.000000
2.655667,0.000000
2.656000,0.000000
2.656333,0.000000
2.656667,0.000000
2.657000,0.000000
2.657333,0.000000
2.657667,0.000000
2.658000,0.000000
2.658333,0.000000
2.658667,0.000000
2.659000,0.000000
2.659333,0.000000
2.659667,0.000000
2.660000,0.000000
2.660333,0.000000
2.660667,0.000000
2.661000,0.000000
2.661333,0.000000
2.661667,0.000000
2.662000,0.000000
2.662333,0.000000
2.662667,0.000000
2.663000,0.000000
2.663333,0.000000
2.663667,0.000000
2.664000,0.000000
2.664333,0.000000
2.664667,0.000000
2.665000,0.000000
2.665333,0.000000
2.665667,0.000000
2.666000,0.000000
2.666333,0.000000
2.666667,-0.000000
2.667000,-0.000000
2.667333,-0.000000
2.667667,-0.000000
2.668000,-0.000000
2.668333,-0.000000
2.668667,-0.000000
2.669000,-0.000000
2.669333,-0.000000
2.669667,-0.000000
2.670000,-0.000000
2.670333,-0.000000
2.670667,-0.000000
2.671000,-0.000000
2.671333,-0.000000
2.671667,-0.000000
2.672000,-0.000000
2.672333,-0.000000
2.672667,-0.000000
2.673000,-0.000000
2.673333,-0.000000
2.673667,-0.000000
2.674000,-0.000000
2.674333,-0.000000
2.674667,-0.000000
2.675000,-0.000000
2.675333,-0.000000
2.675667,-0.000000
2.676000,-0.000000
2.676333,-0.000000
2.676667,-0.000000
2.677000,-0.000000
2.677333,-0.000000
2.677667,-0.000000
2.678000,-0.000000
2.678333,-0.000000
2.678667,-0.000000
2.679000,-0.000000
2.679333,-0.000000
2.679667,-0.000000
2.680000,-0.000000
2.680333,-0.000000
2.680667,-0.000000
2.681000,-0.000000
2.681333,-0.000000
2.681667,-0.000000
2.682000,-0.000000
2.682333,-0.000000
2.682667,-0.000000
2.683000,-0.000000
2.683333,0.000000
2.683667,0.000000
2.684000,0.000000
2.684333,0.000000
2.684667,0.000000
2.685000,0.000000
2.685333,0.000000
2.685667,0.000000
2.686000,0.000000
2.686333,0.000000
2.686667,0.000000
2.687000,0.000000
2.687333,0.000000
2.687667,0.000000
2.688000,0.000000
2.688333,0.000000
2.688667,0.000000
2.689000,0.000000
2.689333,0.000000
2.689667,0.000000
2.690000,0.000000
2.690333,0.000000
2.690667,0.000000
2.691000,0.000000
2.691333,0.000000
2.691667,0.000000
2.692000,0.000000
2.692333,0.000000
2.692667,0.000000
2.693000,0.000000
2.693333,0.000000
2.693667,0.000000
2.694000,0.000000
2.694333,0.000000
2.694667,0.000000
2.695000,0.000000
2.695333,0.000000
2.695667,0.000000
2.696000,0.000000
2.696333,0.000000
2.696667,0.000000
2.697000,0.000000
2.697333,0.000000
2.697667,0.000000
2.698000,0.000000
2.698333,0.000000
2.698667,0.000000
2.699000,0.000000
2.699333,0.000000
2.699667,0.000000
2.700000,-0.000000
2.700333,-0.000000
2.700667,-0.000000
2.701000,-0.000000
2.701333,-0.000000
2.701667,-0.000000
2.702000,-0.000000
2.702333,-0.000000
2.702667,-0.000000
2.703000,-0.000000
2.703333,-0.000000
2.703667,-0.000000
2.704000,-0.000000
2.704333,-0.000000
2.704667,-0.000000
2.705000,-0.000000
2.705333,-0.000000
2.705667,-0.000000
2.706000,-0.000000
2.706333,-0.000000
2.706667,-0.000000
2.707000,-0.000000
2.707333,-0.000000
2.707667,-0.000000
2.708000,-0.000000
2.708333,-0.000000
2.708667,-0.000000
2.709000,-0.000000
2.709333,-0.000000
2.709667,-0.000000
2.710000,-0.000000
2.710333,-0.000000
2.710667,-0.000000
2.711000,-0.000000
2.711333,-0.000000
2.711667,-0.000000
2.712000,-0.000000
2.712333,-0.000000
2.712667,-0.000000
2.713000,-0.000000
2.713333,-0.000000
2.713667,-0.000000
2.714000,-0.000000
2.714333,-0.000000
2.714667,-0.000000
2.715000,-0.000000
2.715333,-0.000000
2.715667,-0.000000
2.716000,-0.000000
2.716333,-0.000000
2.716667,0.000000
2.717000,0.000000
2.717333,0.000000
2.717667,0.000000
2.718000,0.000000
2.718333,0.000000
2.718667,0.000000
2.719000,0.000000
2.719333,0.000000
2.719667,0.000000
2.720000,0.000000
2.720333,0.000000
2.720667,0.000000
2.721000,0.000000
2.721333,0.000000
2.721667,0.000000
2.722000,0.000000
2.722333,0.000000
2.722667,0.000000
2.723000,0.000000
2.723333,0.000000
2.723667,0.000000
2.724000,0.000000
2.724333,0.000000
2.724667,0.000000
2.725000,0.000000
2.725333,0.000000
2.725667,0.000000
2.726000,0.000000
2.726333,0.000000
2.726667,0.000000
2.727000,0.000000
2.727333,0.000000
2.727667,0.000000
2.728000,0.000000
2.728333,0.000000
2.728667,0.000000
2.729000,0.000000
2.729333,0.000000
2.729667,0.000000
2.730000,0.000000
2.730333,0.000000
2.730667,0.000000
2.731000,0.000000
2.731333,0.000000
2.731667,0.000000
2.732000,0.000000
2.732333,0.000000
2.732667,0.000000
2.733000,0.000000
2.733333,-0.000000
2.733667,-0.000000
2.734000,-0.000000
2.734333,-0.000000
2.734667,-0.000000
2.735000,-0.000000
2.735333,-0.000000
2.735667,-0.000000
2.736000,-0.000000
2.736333,-0.000000
2.736667,-0.000000
2.737000,-0.000000
2.737333,-0.000000
2.737667,-0.000000
2.738000,-0.000000
2.738333,-0.000000
2.738667,-0.000000
2.739000,-0.000000
2.739333,-0.000000
2.739667,-0.000000
2.740000,-0.000000
2.740333,-0.000000
2.740667,-0.000000
2.741000,-0.000000
2.741333,-0.000000
2.741667,-0.000000
2.742000,-0.000000
2.742333,-0.000000
2.742667,-0.000000
2.743000,-0.000000
2.743333,-0.000000
2.743667,-0.000000
2.744000,-0.000000
2.744333,-0.000000
2.744667,-0.000000
2.745000,-0.000000
2.745333,-0.000000
2.745667,-0.000000
2.746000,-0.000000
2.746333,-0.000000
2.746667,-0.000000
2.747000,-0.000000
2.747333,-0.000000
2.747667,-0.000000
2.748000,-0.000000
2.748333,-0.000000
2.748667,-0.000000
2.749000,-0.000000
2.749333,-0.000000
2.749667,-0.000000
2.750000,0.000000
2.750333,0.000000
2.750667,0.000000
2.751000,0.000000
2.751333,0.000000
2.751667,0.000000
2.752000,0.000000
2.752333,0.000000
2.752667,0.000000
2.753000,0.000000
2.753333,0.000000
2.753667,0.000000
2.754000,0.000000
2.754333,0.000000
2.754667,0.000000
2.755000,0.000000
2.755333,0.000000
2.755667,0.000000
2.756000,0.000000
2.756333,0.000000
2.756667,0.000000
2.757000,0.000000
2.757333,0.000000
2.757667,0.000000
2.758000,0.000000
2.758333,0.000000
2.758667,0.000000
2.759000,0.000000
2.759333,0.000000
2.759667,0.000000
2.760000,0.000000
2.760333,0.000000
2.760667,0.000000
2.761000,0.000000
2.761333,0.000000
2.761667,0.000000
2.762000,0.000000
2.762333,0.000000
2.762667,0.000000
2.763000,0.000000
2.763333,0.000000
2.763667,0.000000
2.764000,0.000000
2.764333,0.000000
2.764667,0.000000
2.765000,0.000000
2.765333,0.000000
2.765667,0.000000
2.766000,0.000000
2.766333,0.000000
2.766667,-0.000000
2.767000,-0.000000
2.767333,-0.000000
2.767667,-0.000000
2.768000,-0.000000
2.768333,-0.000000
2.768667,-0.000000
2.769000,-0.000000
2.769333,-0.000000
2.769667,-0.000000
2.770000,-0.000000
2.770333,-0.000000
2.770667,-0.000000
2.771000,-0.000000
2.771333,-0.000000
2.771667,-0.000000
2.772000,-0.000000
2.772333,-0.000000
2.772667,-0.000000
2.773000,-0.000000
2.773333,-0.000000
2.773667,-0.000000
2.774000,-0.000000
2.774333,-0.000000
2.774667,-0.000000
2.775000,-0.000000
2.775333,-0.000000
2.775667,-0.000000
2.776000,-0.000000
2.776333,-0.000000
2.776667,-0.000000
2.777000,-0.000000
2.777333,-0.000000
2.777667,-0.000000
2.778000,-0.000000
2.778333,-0.000000
2.778667,-0.000000
2.779000,-0.000000
2.779333,-0.000000
2.779667,-0.000000
2.780000,-0.000000
2.780333,-0.000000
2.780667,-0.000000
2.781000,-0.000000
2.781333,-0.000000
2.781667,-0.000000
2.782000,-0.000000
2.782333,-0.000000
2.782667,-0.000000
2.783000,-0.000000
2.783333,0.000000
2.783667,0.000000
2.784000,0.000000
2.784333,0.000000
2.784667,0.000000
2.785000,0.000000
2.785333,0.000000
2.785667,0.000000
2.786000,0.000000
2.786333,0.000000
2.786667,0.000000
2.787000,0.000000
2.787333,0.000000
2.787667,0.000000
2.788000,0.000000
2.788333,0.000000
2.788667,0.000000
2.789000,0.000000
2.789333,0.000000
2.789667,0.000000
2.790000,0.000000
2.790333,0.000000
2.790667,0.000000
2.791000,0.000000
2.791333,0.000000
2.791667,0.000000
2.792000,0.000000
2.792333,0.000000
2.792667,0.000000
2.793000,0.000000
2.793333,0.000000
2.793667,0.000000
2.794000,0.000000
2.794333,0.000000
2.794667,0.000000
2.795000,0.000000
2.795333,0.000000
2.795667,0.000000
2.796000,0.000000
2.796333,0.000000
2.796667,0.000000
2.797000,0.000000
2.797333,0.000000
2.797667,0.000000
2.798000,0.000000
2.798333,0.000000
2.798667,0.000000
2.799000,0.000000
2.799333,0.000000
2.799667,0.000000
2.800000,-0.000000
2.800333,-0.000000
2.800667,-0.000000
2.801000,-0.000000
2.801333,-0.000000
2.801667,-0.000000
2.802000,-0.000000
2.802333,-0.000000
2.802667,-0.000000
2.803000,-0.000000
2.803333,-0.000000
2.803667,-0.000000
2.804000,-0.000000
2.804333,-0.000000
2.804667,-0.000000
2.805000,-0.000000
2.805333,-0.000000
2.805667,-0.000000
2.806000,-0.000000
2.806333,-0.000000
2.806667,-0.000000
2.807000,-0.000000
2.807333,-0.000000
2.807667,-0.000000
2.808000,-0.000000
2.808333,-0.000000
2.808667,-0.000000
2.809000,-0.000000
2.809333,-0.000000
2.809667,-0.000000
2.810000,-0.000000
2.810333,-0.000000
2.810667,-0.000000
2.811000,-0.000000
2.811333,-0.000000
2.811667,-0.000000
2.812000,-0.000000
2.812333,-0.000000
2.812667,-0.000000
2.813000,-0.000000
2.813333,-0.000000
2.813667,-0.000000
2.814000,-0.000000
2.814333,-0.000000
2.814667,-0.000000
2.815000,-0.000000
2.815333,-0.000000
2.815667,-0.000000
2.816000,-0.000000
2.816333,-0.000000
2.816667,0.000000
2.817000,0.000000
2.817333,0.000000
2.817667,0.000000
2.818000,0.000000
2.818333,0.000000
2.818667,0.000000
2.819000,0.000000
2.819333,0.000000
2.819667,0.000000
2.820000,0.000000
2.820333,0.000000
2.820667,0.000000
2.821000,0.000000
2.821333,0.000000
2.821667,0.000000
2.822000,0.000000
2.822333,0.000000
2.822667,0.000000
2.823000,0.000000
2.823333,0.000000
2.823667,0.000000
2.824000,0.000000
2.824333,0.000000
2.824667,0.000000
2.825000,0.000000
2.825333,0.000000
2.825667,0.000000
2.826000,0.000000
2.826333,0.000000
2.826667,0.000000
2.827000,0.000000
2.827333,0.000000
2.827667,0.000000
2.828000,0.000000
2.828333,0.000000
2.828667,0.000000
2.829000,0.000000
2.829333,0.000000
2.829667,0.000000
2.830000,0.000000
2.830333,0.000000
2.830667,0.000000
2.831000,0.000000
2.831333,0.000000
2.831667,0.000000
2.832000,0.000000
2.832333,0.000000
2.832667,0.000000
2.833000,0.000000
2.833333,-0.000000
2.833667,-0.000000
2.834000,-0.000000
2.834333,-0.000000
2.834667,-0.000000
2.835000,-0.000000
2.835333,-0.000000
2.835667,-0.000000
2.836000,-0.000000
2.836333,-0.000000
2.836667,-0.000000
2.837000,-0.000000
2.837333,-0.000000
2.837667,-0.000000
2.838000,-0.000000
2.838333,-0.000000
2.838667,-0.000000
2.839000,-0.000000
2.839333,-0.000000
2.839667,-0.000000
2.840000,-0.000000
2.840333,-0.000000
2.840667,-0.000000
2.841000,-0.000000
2.841333,-0.000000
2.841667,-0.000000
2.842000,-0.000000
2.842333,-0.000000
2.842667,-0.000000
2.843000,-0.000000
2.843333,-0.000000
2.843667,-0.000000
2.844000,-0.000000
2.844333,-0.000000
2.844667,-0.000000
2.845000,-0.000000
2.845333,-0.000000
2.845667,-0.000000
2.846000,-0.000000
2.846333,-0.000000
2.846667,-0.000000
2.847000,-0.000000
2.847333,-0.000000
2.847667,-0.000000
2.848000,-0.000000
2.848333,-0.000000
2.848667,-0.000000
2.849000,-0.000000
2.849333,-0.000000
2.849667,-0.000000
2.850000,0.000000
2.850333,0.000000
2.850667,0.000000
2.851000,0.000000
2.851333,0.000000
2.851667,0.000000
2.852000,0.000000
2.852333,0.000000
2.852667,0.000000
2.853000,0.000000
2.853333,0.000000
2.853667,0.000000
2.854000,0.000000
2.854333,0.000000
2.854667,0.000000
2.855000,0.000000
2.855333,0.000000
2.855667,0.000000
2.856000,0.000000
2.856333,0.000000
2.856667,0.000000
2.857000,0.000000
2.857333,0.000000
2.857667,0.000000
2.858000,0.000000
2.858333,0.000000
2.858667,0.000000
2.859000,0.000000
2.859333,0.000000
2.859667,0.000000
2.860000,0.000000
2.860333,0.000000
2.860667,0.000000
2.861000,0.000000
2.861333,0.000000
2.861667,0.000000
2.862000,0.000000
2.862333,0.000000
2.862667,0.000000
2.863000,0.000000
2.863333,0.000000
2.863667,0.000000
2.864000,0.000000
2.864333,0.000000
2.864667,0.000000
2.865000,0.000000
2.865333,0.000000
2.865667,0.000000
2.866000,0.000000
2.866333,0.000000
2.866667,-0.000000
2.867000,-0.000000
2.867333,-0.000000
2.867667,-0.000000
2.868000,-0.000000
2.868333,-0.000000
2.868667,-0.000000
2.869000,-0.000000
2.869333,-0.000000
2.869667,-0.000000
2.870000,-0.000000
2.870333,-0.000000
2.870667,-0.000000
2.871000,-0.000000
2.871333,-0.000000
2.871667,-0.000000
2.872000,-0.000000
2.872333,-0.000000
2.872667,-0.000000
2.873000,-0.000000
2.873333,-0.000000
2.873667,-0.000000
2.874000,-0.000000
2.874333,-0.000000
2.874667,-0.000000
2.875000,-0.000000
2.875333,-0.000000
2.875667,-0.000000
2.876000,-0.000000
2.876333,-0.000000
2.876667,-0.000000
2.877000,-0.000000
2.877333,-0.000000
2.877667,-0.000000
2.878000,-0.000000
2.878333,-0.000000
2.878667,-0.000000
2.879000,-0.000000
2.879333,-0.000000
2.879667,-0.000000
2.880000,-0.000000
2.880333,0.003105
2.880667,0.006129
2.881000,0.009062
2.881333,0.011894
2.881667,0.014616
2.882000,0.017219
2.882333,0.019696
2.882667,0.022039
2.883000,0.024242
2.883333,0.026299
2.883667,0.028204
2.884000,0.029955
2.884333,0.031546
2.884667,0.032976
2.885000,0.034241
2.885333,0.035341
2.885667,0.036274
2.886000,0.037040
2.886333,0.037641
2.886667,0.038077
2.887000,0.038351
2.887333,0.038463
2.887667,0.038419
2.888000,0.038221
2.888333,0.037873
2.888667,0.037381
2.889000,0.036749
2.889333,0.035983
2.889667,0.035089
2.890000,0.034073
2.890333,0.032943
2.890667,0.031704
2.891000,0.030366
2.891333,0.028934
2.891667,0.027418
2.892000,0.025825
2.892333,0.024162
2.892667,0.022439
2.893000,0.020664
2.893333,0.018844
2.893667,0.016988
2.894000,0.015105
2.894333,0.013203
2.894667,0.011289
2.895000,0.009371
2.895333,0.007459
2.895667,0.005558
2.896000,0.003676
2.896333,0.001821
2.896667,0.000000
2.897000,-0.001781
2.897333,-0.003516
2.897667,-0.005199
2.898000,-0.006824
2.898333,-0.008386
2.898667,-0.009880
2.899000,-0.011301
2.899333,-0.012645
2.899667,-0.013909
2.900000,-0.015089
2.900333,-0.016182
2.900667,-0.017187
2.901000,-0.018100
2.901333,-0.018920
2.901667,-0.019646
2.902000,-0.020277
2.902333,-0.020812
2.902667,-0.021252
2.903000,-0.021597
2.903333,-0.021847
2.903667,-0.022004
2.904000,-0.022069
2.904333,-0.022043
2.904667,-0.021929
2.905000,-0.021730
2.905333,-0.021447
2.905667,-0.021085
2.906000,-0.020645
2.906333,-0.020132
2.906667,-0.019550
2.907000,-0.018901
2.907333,-0.018191
2.907667,-0.017422
2.908000,-0.016601
2.908333,-0.015731
2.908667,-0.014817
2.909000,-0.013863
2.909333,-0.012874
2.909667,-0.011856
2.910000,-0.010812
2.910333,-0.009747
2.910667,-0.008667
2.911000,-0.007575
2.911333,-0.006477
2.911667,-0.005377
2.912000,-0.004279
2.912333,-0.003189
2.912667,-0.002109
2.913000,-0.001045
2.913333,-0.000000
2.913667,0.001022
2.914000,0.002018
2.914333,0.002983
2.914667,0.003915
2.915000,0.004811
2.915333,0.005668
2.915667,0.006484
2.916000,0.007255
2.916333,0.007980
2.916667,0.008657
2.917000,0.009285
2.917333,0.009861
2.917667,0.010385
2.918000,0.010855
2.918333,0.011272
2.918667,0.011634
2.919000,0.011941
2.919333,0.012193
2.919667,0.012391
2.920000,0.012535
2.920333,0.012625
2.920667,0.012662
2.921000,0.012647
2.921333,0.012582
2.921667,0.012468
2.922000,0.012306
2.922333,0.012097
2.922667,0.011845
2.923000,0.011551
2.923333,0.011217
2.923667,0.010844
2.924000,0.010437
2.924333,0.009996
2.924667,0.009525
2.925000,0.009026
2.925333,0.008501
2.925667,0.007954
2.926000,0.007387
2.926333,0.006802
2.926667,0.006203
2.927000,0.005592
2.927333,0.004973
2.927667,0.004346
2.928000,0.003716
2.928333,0.003085
2.928667,0.002455
2.929000,0.001830
2.929333,0.001210
2.929667,0.000600
2.930000,0.000000
2.930333,-0.000586
2.930667,-0.001158
2.931000,-0.001712
2.931333,-0.002246
2.931667,-0.002761
2.932000,-0.003252
2.932333,-0.003720
2.932667,-0.004163
2.933000,-0.004579
2.933333,-0.004967
2.933667,-0.005327
2.934000,-0.005658
2.934333,-0.005958
2.934667,-0.006228
2.935000,-0.006467
2.935333,-0.006675
2.935667,-0.006851
2.936000,-0.006996
2.936333,-0.007110
2.936667,-0.007192
2.937000,-0.007243
2.937333,-0.007265
2.937667,-0.007256
2.938000,-0.007219
2.938333,-0.007153
2.938667,-0.007060
2.939000,-0.006941
2.939333,-0.006796
2.939667,-0.006627
2.940000,-0.006436
2.940333,-0.006222
2.940667,-0.005988
2.941000,-0.005735
2.941333,-0.005465
2.941667,-0.005179
2.942000,-0.004878
2.942333,-0.004564
2.942667,-0.004238
2.943000,-0.003903
2.943333,-0.003559
2.943667,-0.003209
2.944000,-0.002853
2.944333,-0.002494
2.944667,-0.002132
2.945000,-0.001770
2.945333,-0.001409
2.945667,-0.001050
2.946000,-0.000694
2.946333,-0.000344
2.946667,-0.000000
2.947000,0.000336
2.947333,0.000664
2.947667,0.000982
2.948000,0.001289
2.948333,0.001584
2.948667,0.001866
2.949000,0.002134
2.949333,0.002388
2.949667,0.002627
2.950000,0.002850
2.950333,0.003056
2.950667,0.003246
2.951000,0.003419
2.951333,0.003574
2.951667,0.003711
2.952000,0.003830
2.952333,0.003931
2.952667,0.004014
2.953000,0.004079
2.953333,0.004126
2.953667,0.004156
2.954000,0.004168
2.954333,0.004163
2.954667,0.004142
2.955000,0.004104
2.955333,0.004051
2.955667,0.003982
2.956000,0.003899
2.956333,0.003802
2.956667,0.003692
2.957000,0.003570
2.957333,0.003436
2.957667,0.003291
2.958000,0.003136
2.958333,0.002971
2.958667,0.002799
2.959000,0.002618
2.959333,0.002432
2.959667,0.002239
2.960000,0.002042
2.960333,0.001841
2.960667,0.001637
2.961000,0.001431
2.961333,0.001223
2.961667,0.001016
2.962000,0.000808
2.962333,0.000602
2.962667,0.000398
2.963000,0.000197
2.963333,0.000000
2.963667,-0.000193
2.964000,-0.000381
2.964333,-0.000563
2.964667,-0.000740
2.965000,-0.000909
2.965333,-0.001071
2.965667,-0.001225
2.966000,-0.001370
2.966333,-0.001507
2.966667,-0.001635
2.967000,-0.001754
2.967333,-0.001862
2.967667,-0.001961
2.968000,-0.002050
2.968333,-0.002129
2.968667,-0.002197
2.969000,-0.002255
2.969333,-0.002303
2.969667,-0.002340
2.970000,-0.002368
2.970333,-0.002385
2.970667,-0.002392
2.971000,-0.002389
2.971333,-0.002376
2.971667,-0.002355
2.972000,-0.002324
2.972333,-0.002285
2.972667,-0.002237
2.973000,-0.002182
2.973333,-0.002119
2.973667,-0.002048
2.974000,-0.001971
2.974333,-0.001888
2.974667,-0.001799
2.975000,-0.001705
2.975333,-0.001606
2.975667,-0.001502
2.976000,-0.001395
2.976333,-0.001285
2.976667,-0.001172
2.977000,-0.001056
2.977333,-0.000939
2.977667,-0.000821
2.978000,-0.000702
2.978333,-0.000583
2.978667,-0.000464
2.979000,-0.000346
2.979333,-0.000229
2.979667,-0.000113
2.980000,-0.000000
2.980333,0.000111
2.980667,0.000219
2.981000,0.000323
2.981333,0.000424
2.981667,0.000521
2.982000,0.000614
2.982333,0.000703
2.982667,0.000786
2.983000,0.000865
2.983333,0.000938
2.983667,0.001006
2.984000,0.001069
2.984333,0.001125
2.984667,0.001176
2.985000,0.001222
2.985333,0.001261
2.985667,0.001294
2.986000,0.001321
2.986333,0.001343
2.986667,0.001358
2.987000,0.001368
2.987333,0.001372
2.987667,0.001371
2.988000,0.001363
2.988333,0.001351
2.988667,0.001334
2.989000,0.001311
2.989333,0.001284
2.989667,0.001252
2.990000,0.001216
2.990333,0.001175
2.990667,0.001131
2.991000,0.001083
2.991333,0.001032
2.991667,0.000978
2.992000,0.000921
2.992333,0.000862
2.992667,0.000800
2.993000,0.000737
2.993333,0.000672
2.993667,0.000606
2.994000,0.000539
2.994333,0.000471
2.994667,0.000403
2.995000,0.000334
2.995333,0.000266
2.995667,0.000198
2.996000,0.000131
2.996333,0.000065
2.996667,0.000000
2.997000,-0.000064
2.997333,-0.000125
2.997667,-0.000185
2.998000,-0.000243
2.998333,-0.000299
2.998667,-0.000352
2.999000,-0.000403
2.999333,-0.000451
2.999667,-0.000496
3.000000,-0.000538
3.000333,-0.000577
3.000667,-0.000613
3.001000,-0.000646
3.001333,-0.000675
3.001667,-0.000701
3.002000,-0.000723
3.002333,-0.000742
3.002667,-0.000758
3.003000,-0.000770
3.003333,-0.000779
3.003667,-0.000785
3.004000,-0.000787
3.004333,-0.000786
3.004667,-0.000782
3.005000,-0.000775
3.005333,-0.000765
3.005667,-0.000752
3.006000,-0.000736
3.006333,-0.000718
3.006667,-0.000697
3.007000,-0.000674
3.007333,-0.000649
3.007667,-0.000622
3.008000,-0.000592
3.008333,-0.000561
3.008667,-0.000529
3.009000,-0.000495
3.009333,-0.000459
3.009667,-0.000423
3.010000,-0.000386
3.010333,-0.000348
3.010667,-0.000309
3.011000,-0.000270
3.011333,-0.000231
3.011667,-0.000192
3.012000,-0.000153
3.012333,-0.000114
3.012667,-0.000075
3.013000,-0.000037
3.013333,-0.000000
3.013667,0.000036
3.014000,0.000072
3.014333,0.000106
3.014667,0.000140
3.015000,0.000172
3.015333,0.000202
3.015667,0.000231
3.016000,0.000259
3.016333,0.000285
3.016667,0.000309
3.017000,0.000331
3.017333,0.000352
3.017667,0.000370
3.018000,0.000387
3.018333,0.000402
3.018667,0.000415
3.019000,0.000426
3.019333,0.000435
3.019667,0.000442
3.020000,0.000447
3.020333,0.000450
3.020667,0.000452
3.021000,0.000451
3.021333,0.000449
3.021667,0.000445
3.022000,0.000439
3.022333,0.000432
3.022667,0.000423
3.023000,0.000412
3.023333,0.000400
3.023667,0.000387
3.024000,0.000372
3.024333,0.000357
3.024667,0.000340
3.025000,0.000322
3.025333,0.000303
3.025667,0.000284
3.026000,0.000264
3.026333,0.000243
3.026667,0.000221
3.027000,0.000200
3.027333,0.000177
3.027667,0.000155
3.028000,0.000133
3.028333,0.000110
3.028667,0.000088
3.029000,0.000065
3.029333,0.000043
3.029667,0.000021
3.030000,0.000000
3.030333,-0.000021
3.030667,-0.000041
3.031000,-0.000061
3.031333,-0.000080
3.031667,-0.000098
3.032000,-0.000116
3.032333,-0.000133
3.032667,-0.000148
3.033000,-0.000163
3.033333,-0.000177
3.033667,-0.000190
3.034000,-0.000202
3.034333,-0.000213
3.034667,-0.000222
3.035000,-0.000231
3.035333,-0.000238
3.035667,-0.000244
3.036000,-0.000250
3.036333,-0.000254
3.036667,-0.000257
3.037000,-0.000258
3.037333,-0.000259
3.037667,-0.000259
3.038000,-0.000258
3.038333,-0.000255
3.038667,-0.000252
3.039000,-0.000248
3.039333,-0.000242
3.039667,-0.000236
3.040000,-0.000230
3.040333,-0.000222
3.040667,-0.000214
3.041000,-0.000205
3.041333,-0.000195
3.041667,-0.000185
3.042000,-0.000174
3.042333,-0.000163
3.042667,-0.000151
3.043000,-0.000139
3.043333,-0.000127
3.043667,-0.000114
3.044000,-0.000102
3.044333,-0.000089
3.044667,-0.000076
3.045000,-0.000063
3.045333,-0.000050
3.045667,-0.000037
3.046000,-0.000025
3.046333,-0.000012
3.046667,-0.000000
3.047000,0.000012
3.047333,0.000024
3.047667,0.000035
3.048000,0.000046
3.048333,0.000057
3.048667,0.000067
3.049000,0.000076
3.049333,0.000085
3.049667,0.000094
3.050000,0.000102
3.050333,0.000109
3.050667,0.000116
3.051000,0.000122
3.051333,0.000127
3.051667,0.000132
3.052000,0.000137
3.052333,0.000140
3.052667,0.000143
3.053000,0.000146
3.053333,0.000147
3.053667,0.000148
3.054000,0.000149
3.054333,0.000149
3.054667,0.000148
3.055000,0.000146
3.055333,0.000145
3.055667,0.000142
3.056000,0.000139
3.056333,0.000136
3.056667,0.000132
3.057000,0.000127
3.057333,0.000123
3.057667,0.000117
3.058000,0.000112
3.058333,0.000106
3.058667,0.000100
3.059000,0.000093
3.059333,0.000087
3.059667,0.000080
3.060000,0.000073
3.060333,0.000066
3.060667,0.000058
3.061000,0.000051
3.061333,0.000044
3.061667,0.000036
3.062000,0.000029
3.062333,0.000021
3.062667,0.000014
3.063000,0.000007
3.063333,0.000000
3.063667,-0.000007
3.064000,-0.000014
3.064333,-0.000020
3.064667,-0.000026
3.065000,-0.000032
3.065333,-0.000038
3.065667,-0.000044
3.066000,-0.000049
3.066333,-0.000054
3.066667,-0.000058
3.067000,-0.000063
3.067333,-0.000066
3.067667,-0.000070
3.068000,-0.000073
3.068333,-0.000076
3.068667,-0.000078
3.069000,-0.000080
3.069333,-0.000082
3.069667,-0.000083
3.070000,-0.000084
3.070333,-0.000085
3.070667,-0.000085
3.071000,-0.000085
3.071333,-0.000085
3.071667,-0.000084
3.072000,-0.000083
3.072333,-0.000082
3.072667,-0.000080
3.073000,-0.000078
3.073333,-0.000076
3.073667,-0.000073
3.074000,-0.000070
3.074333,-0.000067
3.074667,-0.000064
3.075000,-0.000061
3.075333,-0.000057
3.075667,-0.000054
3.076000,-0.000050
3.076333,-0.000046
3.076667,-0.000042
3.077000,-0.000038
3.077333,-0.000034
3.077667,-0.000029
3.078000,-0.000025
3.078333,-0.000021
3.078667,-0.000017
3.079000,-0.000012
3.079333,-0.000008
3.079667,-0.000004
3.080000,-0.000000
3.080333,0.000004
3.080667,0.000008
3.081000,0.000012
3.081333,0.000015
3.081667,0.000019
3.082000,0.000022
3.082333,0.000025
3.082667,0.000028
3.083000,0.000031
3.083333,0.000033
3.083667,0.000036
3.084000,0.000038
3.084333,0.000040
3.084667,0.000042
3.085000,0.000044
3.085333,0.000045
3.085667,0.000046
3.086000,0.000047
3.086333,0.000048
3.086667,0.000048
3.087000,0.000049
3.087333,0.000049
3.087667,0.000049
3.088000,0.000049
3.088333,0.000048
3.088667,0.000048
3.089000,0.000047
3.089333,0.000046
3.089667,0.000045
3.090000,0.000043
3.090333,0.000042
3.090667,0.000040
3.091000,0.000039
3.091333,0.000037
3.091667,0.000035
3.092000,0.000033
3.092333,0.000031
3.092667,0.000029
3.093000,0.000026
3.093333,0.000024
3.093667,0.000022
3.094000,0.000019
3.094333,0.000017
3.094667,0.000014
3.095000,0.000012
3.095333,0.000009
3.095667,0.000007
3.096000,0.000005
3.096333,0.000002
3.096667,0.000000
3.097000,-0.000002
3.097333,-0.000004
3.097667,-0.000007
3.098000,-0.000009
3.098333,-0.000011
3.098667,-0.000013
3.099000,-0.000014
3.099333,-0.000016
3.099667,-0.000018
3.100000,-0.000019
3.100333,-0.000021
3.100667,-0.000022
3.101000,-0.000023
3.101333,-0.000024
3.101667,-0.000025
3.102000,-0.000026
3.102333,-0.000026
3.102667,-0.000027
3.103000,-0.000027
3.103333,-0.000028
3.103667,-0.000028
3.104000,-0.000028
3.104333,-0.000028
3.104667,-0.000028
3.105000,-0.000028
3.105333,-0.000027
3.105667,-0.000027
3.106000,-0.000026
3.106333,-0.000026
3.106667,-0.000025
3.107000,-0.000024
3.107333,-0.000023
3.107667,-0.000022
3.108000,-0.000021
3.108333,-0.000020
3.108667,-0.000019
3.109000,-0.000018
3.109333,-0.000016
3.109667,-0.000015
3.110000,-0.000014
3.110333,-0.000012
3.110667,-0.000011
3.111000,-0.000010
3.111333,-0.000008
3.111667,-0.000007
3.112000,-0.000005
3.112333,-0.000004
3.112667,-0.000003
3.113000,-0.000001
3.113333,-0.000000
3.113667,0.000001
3.114000,0.000003
3.114333,0.000004
3.114667,0.000005
3.115000,0.000006
3.115333,0.000007
3.115667,0.000008
3.116000,0.000009
3.116333,0.000010
3.116667,0.000011
3.117000,0.000012
3.117333,0.000013
3.117667,0.000013
3.118000,0.000014
3.118333,0.000014
3.118667,0.000015
3.119000,0.000015
3.119333,0.000016
3.119667,0.000016
3.120000,0.000016
3.120333,0.000016
3.120667,0.000016
3.121000,0.000016
3.121333,0.000016
3.121667,0.000016
3.122000,0.000016
3.122333,0.000015
3.122667,0.000015
3.123000,0.000015
3.123333,0.000014
3.123667,0.000014
3.124000,0.000013
3.124333,0.000013
3.124667,0.000012
3.125000,0.000011
3.125333,0.000011
3.125667,0.000010
3.126000,0.000009
3.126333,0.000009
3.126667,0.000008
3.127000,0.000007
3.127333,0.000006
3.127667,0.000006
3.128000,0.000005
3.128333,0.000004
3.128667,0.000003
3.129000,0.000002
3.129333,0.000002
3.129667,0.000001
3.130000,0.000000
3.130333,-0.000001
3.130667,-0.000001
3.131000,-0.000002
3.131333,-0.000003
3.131667,-0.000004
3.132000,-0.000004
3.132333,-0.000005
3.132667,-0.000005
3.133000,-0.000006
3.133333,-0.000006
3.133667,-0.000007
3.134000,-0.000007
3.134333,-0.000008
3.134667,-0.000008
3.135000,-0.000008
3.135333,-0.000008
3.135667,-0.000009
3.136000,-0.000009
3.136333,-0.000009
3.136667,-0.000009
3.137000,-0.000009
3.137333,-0.000009
3.137667,-0.000009
3.138000,-0.000009
3.138333,-0.000009
3.138667,-0.000009
3.139000,-0.000009
3.139333,-0.000009
3.139667,-0.000008
3.140000,-0.000008
3.140333,-0.000008
3.140667,-0.000008
3.141000,-0.000007
3.141333,-0.000007
3.141667,-0.000007
3.142000,-0.000006
3.142333,-0.000006
3.142667,-0.000005
3.143000,-0.000005
3.143333,-0.000005
3.143667,-0.000004
3.144000,-0.000004
3.144333,-0.000003
3.144667,-0.000003
3.145000,-0.000002
3.145333,-0.000002
3.145667,-0.000001
3.146000,-0.000001
3.146333,-0.000000
3.146667,-0.000000
3.147000,0.000000
3.147333,0.000001
3.147667,0.000001
3.148000,0.000002
3.148333,0.000002
3.148667,0.000002
3.149000,0.000003
3.149333,0.000003
3.149667,0.000003
3.150000,0.000004
3.150333,0.001246
3.150667,0.002456
3.151000,0.003629
3.151333,0.004762
3.151667,0.005851
3.152000,0.006893
3.152333,0.007883
3.152667,0.008821
3.153000,0.009702
3.153333,0.010525
3.153667,0.011287
3.154000,0.011987
3.154333,0.012624
3.154667,0.013196
3.155000,0.013702
3.155333,0.014141
3.155667,0.014515
3.156000,0.014821
3.156333,0.015061
3.156667,0.015236
3.157000,0.015345
3.157333,0.015390
3.157667,0.015372
3.158000,0.015292
3.158333,0.015153
3.158667,0.014956
3.159000,0.014703
3.159333,0.014396
3.159667,0.014038
3.160000,0.013632
3.160333,0.013179
3.160667,0.012684
3.161000,0.012148
3.161333,0.011575
3.161667,0.010968
3.162000,0.010331
3.162333,0.009666
3.162667,0.008976
3.163000,0.008266
3.163333,0.007538
3.163667,0.006795
3.164000,0.006042
3.164333,0.005280
3.164667,0.004515
3.165000,0.003747
3.165333,0.002982
3.165667,0.002222
3.166000,0.001469
3.166333,0.000727
3.166667,-0.000002
3.167000,-0.000715
3.167333,-0.001409
3.167667,-0.002082
3.168000,-0.002732
3.168333,-0.003357
3.168667,-0.003955
3.169000,-0.004523
3.169333,-0.005061
3.169667,-0.005567
3.170000,-0.006039
3.170333,-0.006476
3.170667,-0.006878
3.171000,-0.007243
3.171333,-0.007571
3.171667,-0.007861
3.172000,-0.008114
3.172333,-0.008328
3.172667,-0.008504
3.173000,-0.008641
3.173333,-0.008741
3.173667,-0.008804
3.174000,-0.008830
3.174333,-0.008820
3.174667,-0.008774
3.175000,-0.008694
3.175333,-0.008581
3.175667,-0.008436
3.176000,-0.008260
3.176333,-0.008055
3.176667,-0.007821
3.177000,-0.007562
3.177333,-0.007277
3.177667,-0.006970
3.178000,-0.006641
3.178333,-0.006293
3.178667,-0.005927
3.179000,-0.005546
3.179333,-0.005150
3.179667,-0.004742
3.180000,-0.004325
3.180333,-0.003899
3.180667,-0.003466
3.181000,-0.003030
3.181333,-0.002590
3.181667,-0.002150
3.182000,-0.001711
3.182333,-0.001275
3.182667,-0.000843
3.183000,-0.000417
3.183333,0.000001
3.183667,0.000410
3.184000,0.000808
3.184333,0.001195
3.184667,0.001568
3.185000,0.001926
3.185333,0.002269
3.185667,0.002595
3.186000,0.002904
3.186333,0.003194
3.186667,0.003465
3.187000,0.003716
3.187333,0.003946
3.187667,0.004156
3.188000,0.004344
3.188333,0.004510
3.188667,0.004655
3.189000,0.004778
3.189333,0.004879
3.189667,0.004958
3.190000,0.005015
3.190333,0.005051
3.190667,0.005066
3.191000,0.005060
3.191333,0.005034
3.191667,0.004988
3.192000,0.004923
3.192333,0.004840
3.192667,0.004739
3.193000,0.004621
3.193333,0.004488
3.193667,0.004339
3.194000,0.004175
3.194333,0.003999
3.194667,0.003811
3.195000,0.003611
3.195333,0.003401
3.195667,0.003182
3.196000,0.002955
3.196333,0.002721
3.196667,0.002481
3.197000,0.002237
3.197333,0.001989
3.197667,0.001738
3.198000,0.001486
3.198333,0.001234
3.198667,0.000982
3.199000,0.000731
3.199333,0.000484
3.199667,0.000239
3.200000,-0.000001
3.200333,-0.000235
3.200667,-0.000464
3.201000,-0.000685
3.201333,-0.000899
3.201667,-0.001105
3.202000,-0.001302
3.202333,-0.001489
3.202667,-0.001666
3.203000,-0.001832
3.203333,-0.001988
3.203667,-0.002132
3.204000,-0.002264
3.204333,-0.002384
3.204667,-0.002492
3.205000,-0.002588
3.205333,-0.002671
3.205667,-0.002741
3.206000,-0.002799
3.206333,-0.002845
3.206667,-0.002878
3.207000,-0.002898
3.207333,-0.002907
3.207667,-0.002903
3.208000,-0.002888
3.208333,-0.002862
3.208667,-0.002825
3.209000,-0.002777
3.209333,-0.002719
3.209667,-0.002651
3.210000,-0.002575
3.210333,-0.002489
3.210667,-0.002396
3.211000,-0.002294
3.211333,-0.002186
3.211667,-0.002072
3.212000,-0.001951
3.212333,-0.001826
3.212667,-0.001695
3.213000,-0.001561
3.213333,-0.001424
3.213667,-0.001283
3.214000,-0.001141
3.214333,-0.000997
3.214667,-0.000853
3.215000,-0.000708
3.215333,-0.000563
3.215667,-0.000420
3.216000,-0.000277
3.216333,-0.000137
3.216667,0.000000
3.217000,0.000135
3.217333,0.000266
3.217667,0.000393
3.218000,0.000516
3.218333,0.000634
3.218667,0.000747
3.219000,0.000854
3.219333,0.000956
3.219667,0.001051
3.220000,0.001141
3.220333,0.001223
3.220667,0.001299
3.221000,0.001368
3.221333,0.001430
3.221667,0.001485
3.222000,0.001532
3.222333,0.001573
3.222667,0.001606
3.223000,0.001632
3.223333,0.001651
3.223667,0.001663
3.224000,0.001668
3.224333,0.001666
3.224667,0.001657
3.225000,0.001642
3.225333,0.001621
3.225667,0.001593
3.226000,0.001560
3.226333,0.001521
3.226667,0.001477
3.227000,0.001428
3.227333,0.001375
3.227667,0.001316
3.228000,0.001254
3.228333,0.001189
3.228667,0.001120
3.229000,0.001047
3.229333,0.000973
3.229667,0.000896
3.230000,0.000817
3.230333,0.000736
3.230667,0.000655
3.231000,0.000572
3.231333,0.000489
3.231667,0.000406
3.232000,0.000323
3.232333,0.000241
3.232667,0.000159
3.233000,0.000079
3.233333,-0.000000
3.233667,-0.000077
3.234000,-0.000153
3.234333,-0.000226
3.234667,-0.000296
3.235000,-0.000364
3.235333,-0.000429
3.235667,-0.000490
3.236000,-0.000548
3.236333,-0.000603
3.236667,-0.000654
3.237000,-0.000702
3.237333,-0.000745
3.237667,-0.000785
3.238000,-0.000820
3.238333,-0.000852
3.238667,-0.000879
3.239000,-0.000902
3.239333,-0.000922
3.239667,-0.000936
3.240000,-0.000947
3.240333,-0.000954
3.240667,-0.000957
3.241000,-0.000956
3.241333,-0.000951
3.241667,-0.000942
3.242000,-0.000930
3.242333,-0.000914
3.242667,-0.000895
3.243000,-0.000873
3.243333,-0.000848
3.243667,-0.000819
3.244000,-0.000789
3.244333,-0.000755
3.244667,-0.000720
3.245000,-0.000682
3.245333,-0.000642
3.245667,-0.000601
3.246000,-0.000558
3.246333,-0.000514
3.246667,-0.000469
3.247000,-0.000422
3.247333,-0.000376
3.247667,-0.000328
3.248000,-0.000281
3.248333,-0.000233
3.248667,-0.000185
3.249000,-0.000138
3.249333,-0.000091
3.249667,-0.000045
3.250000,0.000000
3.250333,0.000044
3.250667,0.000088
3.251000,0.000129
3.251333,0.000170
3.251667,0.000209
3.252000,0.000246
3.252333,0.000281
3.252667,0.000315
3.253000,0.000346
3.253333,0.000375
3.253667,0.000403
3.254000,0.000428
3.254333,0.000450
3.254667,0.000471
3.255000,0.000489
3.255333,0.000504
3.255667,0.000518
3.256000,0.000529
3.256333,0.000537
3.256667,0.000544
3.257000,0.000547
3.257333,0.000549
3.257667,0.000548
3.258000,0.000546
3.258333,0.000541
3.258667,0.000534
3.259000,0.000525
3.259333,0.000514
3.259667,0.000501
3.260000,0.000486
3.260333,0.000470
3.260667,0.000452
3.261000,0.000433
3.261333,0.000413
3.261667,0.000391
3.262000,0.000369
3.262333,0.000345
3.262667,0.000320
3.263000,0.000295
3.263333,0.000269
3.263667,0.000242
3.264000,0.000216
3.264333,0.000188
3.264667,0.000161
3.265000,0.000134
3.265333,0.000106
3.265667,0.000079
3.266000,0.000052
3.266333,0.000026
3.266667,-0.000000
3.267000,-0.000025
3.267333,-0.000050
3.267667,-0.000074
3.268000,-0.000097
3.268333,-0.000120
3.268667,-0.000141
3.269000,-0.000161
3.269333,-0.000181
3.269667,-0.000199
3.270000,-0.000215
3.270333,-0.000231
3.270667,-0.000245
3.271000,-0.000258
3.271333,-0.000270
3.271667,-0.000280
3.272000,-0.000289
3.272333,-0.000297
3.272667,-0.000303
3.273000,-0.000308
3.273333,-0.000312
3.273667,-0.000314
3.274000,-0.000315
3.274333,-0.000315
3.274667,-0.000313
3.275000,-0.000310
3.275333,-0.000306
3.275667,-0.000301
3.276000,-0.000295
3.276333,-0.000287
3.276667,-0.000279
3.277000,-0.000270
3.277333,-0.000260
3.277667,-0.000249
3.278000,-0.000237
3.278333,-0.000225
3.278667,-0.000211
3.279000,-0.000198
3.279333,-0.000184
3.279667,-0.000169
3.280000,-0.000154
3.280333,-0.000139
3.280667,-0.000124
3.281000,-0.000108
3.281333,-0.000092
3.281667,-0.000077
3.282000,-0.000061
3.282333,-0.000045
3.282667,-0.000030
3.283000,-0.000015
3.283333,0.000000
3.283667,0.000015
3.284000,0.000029
3.284333,0.000043
3.284667,0.000056
3.285000,0.000069
3.285333,0.000081
3.285667,0.000093
3.286000,0.000104
3.286333,0.000114
3.286667,0.000124
3.287000,0.000133
3.287333,0.000141
3.287667,0.000148
3.288000,0.000155
3.288333,0.000161
3.288667,0.000166
3.289000,0.000170
3.289333,0.000174
3.289667,0.000177
3.290000,0.000179
3.290333,0.000180
3.290667,0.000181
3.291000,0.000181
3.291333,0.000180
3.291667,0.000178
3.292000,0.000176
3.292333,0.000173
3.292667,0.000169
3.293000,0.000165
3.293333,0.000160
3.293667,0.000155
3.294000,0.000149
3.294333,0.000143
3.294667,0.000136
3.295000,0.000129
3.295333,0.000121
3.295667,0.000114
3.296000,0.000105
3.296333,0.000097
3.296667,0.000089
3.297000,0.000080
3.297333,0.000071
3.297667,0.000062
3.298000,0.000053
3.298333,0.000044
3.298667,0.000035
3.299000,0.000026
3.299333,0.000017
3.299667,0.000009
3.300000,-0.000000
3.300333,-0.000008
3.300667,-0.000017
3.301000,-0.000024
3.301333,-0.000032
3.301667,-0.000039
3.302000,-0.000046
3.302333,-0.000053
3.302667,-0.000059
3.303000,-0.000065
3.303333,-0.000071
3.303667,-0.000076
3.304000,-0.000081
3.304333,-0.000085
3.304667,-0.000089
3.305000,-0.000092
3.305333,-0.000095
3.305667,-0.000098
3.306000,-0.000100
3.306333,-0.000101
3.306667,-0.000103
3.307000,-0.000103
3.307333,-0.000104
3.307667,-0.000104
3.308000,-0.000103
3.308333,-0.000102
3.308667,-0.000101
3.309000,-0.000099
3.309333,-0.000097
3.309667,-0.000095
3.310000,-0.000092
3.310333,-0.000089
3.310667,-0.000085
3.311000,-0.000082
3.311333,-0.000078
3.311667,-0.000074
3.312000,-0.000070
3.312333,-0.000065
3.312667,-0.000060
3.313000,-0.000056
3.313333,-0.000051
3.313667,-0.000046
3.314000,-0.000041
3.314333,-0.000036
3.314667,-0.000030
3.315000,-0.000025
3.315333,-0.000020
3.315667,-0.000015
3.316000,-0.000010
3.316333,-0.000005
3.316667,0.000000
3.317000,0.000005
3.317333,0.000009
3.317667,0.000014
3.318000,0.000018
3.318333,0.000023
3.318667,0.000027
3.319000,0.000030
3.319333,0.000034
3.319667,0.000038
3.320000,0.000041
3.320333,0.000044
3.320667,0.000046
3.321000,0.000049
3.321333,0.000051
3.321667,0.000053
3.322000,0.000055
3.322333,0.000056
3.322667,0.000057
3.323000,0.000058
3.323333,0.000059
3.323667,0.000059
3.324000,0.000059
3.324333,0.000059
3.324667,0.000059
3.325000,0.000059
3.325333,0.000058
3.325667,0.000057
3.326000,0.000056
3.326333,0.000054
3.326667,0.000053
3.327000,0.000051
3.327333,0.000049
3.327667,0.000047
3.328000,0.000045
3.328333,0.000042
3.328667,0.000040
3.329000,0.000037
3.329333,0.000035
3.329667,0.000032
3.330000,0.000029
3.330333,0.000026
3.330667,0.000023
3.331000,0.000020
3.331333,0.000017
3.331667,0.000014
3.332000,0.000012
3.332333,0.000009
3.332667,0.000006
3.333000,0.000003
3.333333,-0.000000
3.333667,-0.000003
3.334000,-0.000005
3.334333,-0.000008
3.334667,-0.000011
3.335000,-0.000013
3.335333,-0.000015
3.335667,-0.000017
3.336000,-0.000020
3.336333,-0.000022
3.336667,-0.000023
3.337000,-0.000025
3.337333,-0.000027
3.337667,-0.000028
3.338000,-0.000029
3.338333,-0.000030
3.338667,-0.000031
3.339000,-0.000032
3.339333,-0.000033
3.339667,-0.000033
3.340000,-0.000034
3.340333,-0.000034
3.340667,-0.000034
3.341000,-0.000034
3.341333,-0.000034
3.341667,-0.000034
3.342000,-0.000033
3.342333,-0.000033
3.342667,-0.000032
3.343000,-0.000031
3.343333,-0.000030
3.343667,-0.000029
3.344000,-0.000028
3.344333,-0.000027
3.344667,-0.000026
3.345000,-0.000024
3.345333,-0.000023
3.345667,-0.000021
3.346000,-0.000020
3.346333,-0.000018
3.346667,-0.000017
3.347000,-0.000015
3.347333,-0.000013
3.347667,-0.000012
3.348000,-0.000010
3.348333,-0.000008
3.348667,-0.000007
3.349000,-0.000005
3.349333,-0.000003
3.349667,-0.000002
3.350000,0.000000
3.350333,0.000002
3.350667,0.000003
3.351000,0.000005
3.351333,0.000006
3.351667,0.000007
3.352000,0.000009
3.352333,0.000010
3.352667,0.000011
3.353000,0.000012
3.353333,0.000013
3.353667,0.000014
3.354000,0.000015
3.354333,0.000016
3.354667,0.000017
3.355000,0.000017
3.355333,0.000018
3.355667,0.000018
3.356000,0.000019
3.356333,0.000019
3.356667,0.000019
3.357000,0.000020
3.357333,0.000020
3.357667,0.000020
3.358000,0.000019
3.358333,0.000019
3.358667,0.000019
3.359000,0.000019
3.359333,0.000018
3.359667,0.000018
3.360000,0.000017
3.360333,0.000017
3.360667,0.000016
3.361000,0.000015
3.361333,0.000015
3.361667,0.000014
3.362000,0.000013
3.362333,0.000012
3.362667,0.000011
3.363000,0.000011
3.363333,0.000010
3.363667,0.000009
3.364000,0.000008
3.364333,0.000007
3.364667,0.000006
3.365000,0.000005
3.365333,0.000004
3.365667,0.000003
3.366000,0.000002
3.366333,0.000001
3.366667,-0.000000
3.367000,-0.000001
3.367333,-0.000002
3.367667,-0.000003
3.368000,-0.000003
3.368333,-0.000004
3.368667,-0.000005
3.369000,-0.000006
3.369333,-0.000006
3.369667,-0.000007
3.370000,-0.000008
3.370333,-0.000008
3.370667,-0.000009
3.371000,-0.000009
3.371333,-0.000010
3.371667,-0.000010
3.372000,-0.000010
3.372333,-0.000011
3.372667,-0.000011
3.373000,-0.000011
3.373333,-0.000011
3.373667,-0.000011
3.374000,-0.000011
3.374333,-0.000011
3.374667,-0.000011
3.375000,-0.000011
3.375333,-0.000011
3.375667,-0.000011
3.376000,-0.000011
3.376333,-0.000010
3.376667,-0.000010
3.377000,-0.000010
3.377333,-0.000009
3.377667,-0.000009
3.378000,-0.000008
3.378333,-0.000008
3.378667,-0.000008
3.379000,-0.000007
3.379333,-0.000007
3.379667,-0.000006
3.380000,-0.000006
3.380333,-0.000005
3.380667,-0.000004
3.381000,-0.000004
3.381333,-0.000003
3.381667,-0.000003
3.382000,-0.000002
3.382333,-0.000002
3.382667,-0.000001
3.383000,-0.000001
3.383333,0.000000
3.383667,0.000001
3.384000,0.000001
3.384333,0.000002
3.384667,0.000002
3.385000,0.000002
3.385333,0.000003
3.385667,0.000003
3.386000,0.000004
3.386333,0.000004
3.386667,0.000004
3.387000,0.000005
3.387333,0.000005
3.387667,0.000005
3.388000,0.000006
3.388333,0.000006
3.388667,0.000006
3.389000,0.000006
3.389333,0.000006
3.389667,0.000006
3.390000,0.000006
3.390333,0.000006
3.390667,0.000006
3.391000,0.000006
3.391333,0.000006
3.391667,0.000006
3.392000,0.000006
3.392333,0.000006
3.392667,0.000006
3.393000,0.000006
3.393333,0.000006
3.393667,0.000006
3.394000,0.000005
3.394333,0.000005
3.394667,0.000005
3.395000,0.000005
3.395333,0.000004
3.395667,0.000004
3.396000,0.000004
3.396333,0.000003
3.396667,0.000003
3.397000,0.000003
3.397333,0.000003
3.397667,0.000002
3.398000,0.000002
3.398333,0.000002
3.398667,0.000001
3.399000,0.000001
3.399333,0.000001
3.399667,0.000000
3.400000,-0.000000
3.400333,-0.000000
3.400667,-0.000001
3.401000,-0.000001
3.401333,-0.000001
3.401667,-0.000001
3.402000,-0.000002
3.402333,-0.000002
3.402667,-0.000002
3.403000,-0.000002
3.403333,-0.000003
3.403667,-0.000003
3.404000,-0.000003
3.404333,-0.000003
3.404667,-0.000003
3.405000,-0.000003
3.405333,-0.000003
3.405667,-0.000003
3.406000,-0.000004
3.406333,-0.000004
3.406667,-0.000004
3.407000,-0.000004
3.407333,-0.000004
3.407667,-0.000004
3.408000,-0.000004
3.408333,-0.000004
3.408667,-0.000004
3.409000,-0.000004
3.409333,-0.000003
3.409667,-0.000003
3.410000,-0.000003
3.410333,-0.000003
3.410667,-0.000003
3.411000,-0.000003
3.411333,-0.000003
3.411667,-0.000003
3.412000,-0.000002
3.412333,-0.000002
3.412667,-0.000002
3.413000,-0.000002
3.413333,-0.000002
3.413667,-0.000002
3.414000,-0.000001
3.414333,-0.000001
3.414667,-0.000001
3.415000,-0.000001
3.415333,-0.000001
3.415667,-0.000001
3.416000,-0.000000
3.416333,-0.000000
3.416667,0.000000
3.417000,0.000000
3.417333,0.000000
3.417667,0.000001
3.418000,0.000001
3.418333,0.000001
3.418667,0.000001
3.419000,0.000001
3.419333,0.000001
3.419667,0.000001
3.420000,0.000001
3.420333,0.000002
3.420667,0.000002
3.421000,0.000002
3.421333,0.000002
3.421667,0.000002
3.422000,0.000002
3.422333,0.000002
3.422667,0.000002
3.423000,0.000002
3.423333,0.000002
3.423667,0.000002
3.424000,0.000002
3.424333,0.000002
3.424667,0.000002
3.425000,0.000002
3.425333,0.000002
3.425667,0.000002
3.426000,0.000002
3.426333,0.000002
3.426667,0.000002
3.427000,0.000002
3.427333,0.000002
3.427667,0.000002
3.428000,0.000002
3.428333,0.000002
3.428667,0.000001
3.429000,0.000001
3.429333,0.000001
3.429667,0.000001
3.430000,0.000001
3.430333,0.000001
3.430667,0.000001
3.431000,0.000001
3.431333,0.000001
3.431667,0.000001
3.432000,0.000000
3.432333,0.000000
3.432667,0.000000
3.433000,0.000000
3.433333,-0.000000
3.433667,-0.000000
3.434000,-0.000000
3.434333,-0.000000
3.434667,-0.000000
3.435000,-0.000000
3.435333,-0.000001
3.435667,-0.000001
3.436000,-0.000001
3.436333,-0.000001
3.436667,-0.000001
3.437000,-0.000001
3.437333,-0.000001
3.437667,-0.000001
3.438000,-0.000001
3.438333,-0.000001
3.438667,-0.000001
3.439000,-0.000001
3.439333,-0.000001
3.439667,-0.000001
3.440000,-0.000001
3.440333,-0.000001
3.440667,-0.000001
3.441000,-0.000001
3.441333,-0.000001
3.441667,-0.000001
3.442000,-0.000001
3.442333,-0.000001
3.442667,-0.000001
3.443000,-0.000001
3.443333,-0.000001
3.443667,-0.000001
3.444000,-0.000001
3.444333,-0.000001
3.444667,-0.000001
3.445000,-0.000001
3.445333,-0.000001
3.445667,-0.000001
3.446000,-0.000001
3.446333,-0.000001
3.446667,-0.000001
3.447000,-0.000001
3.447333,-0.000000
3.447667,-0.000000
3.448000,-0.000000
3.448333,-0.000000
3.448667,-0.000000
3.449000,-0.000000
3.449333,-0.000000
3.449667,-0.000000
3.450000,0.000000
3.450333,0.000000
3.450667,0.000000
3.451000,0.000000
3.451333,0.000000
3.451667,0.000000
3.452000,0.000000
3.452333,0.000000
3.452667,0.000000
3.453000,0.000000
3.453333,0.000000
3.453667,0.000001
3.454000,0.000001
3.454333,0.000001
3.454667,0.000001
3.455000,0.000001
3.455333,0.000001
3.455667,0.000001
3.456000,0.000001
3.456333,0.000001
3.456667,0.000001
3.457000,0.000001
3.457333,0.000001
3.457667,0.000001
3.458000,0.000001
3.458333,0.000001
3.458667,0.000001
3.459000,0.000001
3.459333,0.000001
3.459667,0.000001
3.460000,0.000001
3.460333,0.000001
3.460667,0.000001
3.461000,0.000001
3.461333,0.000001
3.461667,0.000000
3.462000,0.000000
3.462333,0.000000
3.462667,0.000000
3.463000,0.000000
3.463333,0.000000
3.463667,0.000000
3.464000,0.000000
3.464333,0.000000
3.464667,0.000000
3.465000,0.000000
3.465333,0.000000
3.465667,0.000000
3.466000,0.000000
3.466333,0.000000
3.466667,-0.000000
3.467000,-0.000000
3.467333,-0.000000
3.467667,-0.000000
3.468000,-0.000000
3.468333,-0.000000
3.468667,-0.000000
3.469000,-0.000000
3.469333,-0.000000
3.469667,-0.000000
3.470000,-0.000000
3.470333,-0.000000
3.470667,-0.000000
3.471000,-0.000000
3.471333,-0.000000
3.471667,-0.000000
3.472000,-0.000000
3.472333,-0.000000
3.472667,-0.000000
3.473000,-0.000000
3.473333,-0.000000
3.473667,-0.000000
3.474000,-0.000000
3.474333,-0.000000
3.474667,-0.000000
3.475000,-0.000000
3.475333,-0.000000
3.475667,-0.000000
3.476000,-0.000000
3.476333,-0.000000
3.476667,-0.000000
3.477000,-0.000000
3.477333,-0.000000
3.477667,-0.000000
3.478000,-0.000000
3.478333,-0.000000
3.478667,-0.000000
3.479000,-0.000000
3.479333,-0.000000
3.479667,-0.000000
3.480000,-0.000000
3.480333,-0.000000
3.480667,-0.000000
3.481000,-0.000000
3.481333,-0.000000
3.481667,-0.000000
3.482000,-0.000000
3.482333,-0.000000
3.482667,-0.000000
3.483000,-0.000000
3.483333,0.000000
3.483667,0.000000
3.484000,0.000000
3.484333,0.000000
3.484667,0.000000
3.485000,0.000000
3.485333,0.000000
3.485667,0.000000
3.486000,0.000000
3.486333,0.000000
3.486667,0.000000
3.487000,0.000000
3.487333,0.000000
3.487667,0.000000
3.488000,0.000000
3.488333,0.000000
3.488667,0.000000
3.489000,0.000000
3.489333,0.000000
3.489667,0.000000
3.490000,0.000000
3.490333,0.000000
3.490667,0.000000
3.491000,0.000000
3.491333,0.000000
3.491667,0.000000
3.492000,0.000000
3.492333,0.000000
3.492667,0.000000
3.493000,0.000000
3.493333,0.000000
3.493667,0.000000
3.494000,0.000000
3.494333,0.000000
3.494667,0.000000
3.495000,0.000000
3.495333,0.000000
3.495667,0.000000
3.496000,0.000000
3.496333,0.000000
3.496667,0.000000
3.497000,0.000000
3.497333,0.000000
3.497667,0.000000
3.498000,0.000000
3.498333,0.000000
3.498667,0.000000
3.499000,0.000000
3.499333,0.000000
3.499667,0.000000
3.500000,-0.000000
3.500333,-0.000000
3.500667,-0.000000
3.501000,-0.000000
3.501333,-0.000000
3.501667,-0.000000
3.502000,-0.000000
3.502333,-0.000000
3.502667,-0.000000
3.503000,-0.000000
3.503333,-0.000000
3.503667,-0.000000
3.504000,-0.000000
3.504333,-0.000000
3.504667,-0.000000
3.505000,-0.000000
3.505333,-0.000000
3.505667,-0.000000
3.506000,-0.000000
3.506333,-0.000000
3.506667,-0.000000
3.507000,-0.000000
3.507333,-0.000000
3.507667,-0.000000
3.508000,-0.000000
3.508333,-0.000000
3.508667,-0.000000
3.509000,-0.000000
3.509333,-0.000000
3.509667,-0.000000
3.510000,-0.000000
3.510333,-0.000000
3.510667,-0.000000
3.511000,-0.000000
3.511333,-0.000000
3.511667,-0.000000
3.512000,-0.000000
3.512333,-0.000000
3.512667,-0.000000
3.513000,-0.000000
3.513333,-0.000000
3.513667,-0.000000
3.514000,-0.000000
3.514333,-0.000000
3.514667,-0.000000
3.515000,-0.000000
3.515333,-0.000000
3.515667,-0.000000
3.516000,-0.000000
3.516333,-0.000000
3.516667,0.000000
3.517000,0.000000
3.517333,0.000000
3.517667,0.000000
3.518000,0.000000
3.518333,0.000000
3.518667,0.000000
3.519000,0.000000
3.519333,0.000000
3.519667,0.000000
3.520000,0.000000
3.520333,0.000000
3.520667,0.000000
3.521000,0.000000
3.521333,0.000000
3.521667,0.000000
3.522000,0.000000
3.522333,0.000000
3.522667,0.000000
3.523000,0.000000
3.523333,0.000000
3.523667,0.000000
3.524000,0.000000
3.524333,0.000000
3.524667,0.000000
3.525000,0.000000
3.525333,0.000000
3.525667,0.000000
3.526000,0.000000
3.526333,0.000000
3.526667,0.000000
3.527000,0.000000
3.527333,0.000000
3.527667,0.000000
3.528000,0.000000
3.528333,0.000000
3.528667,0.000000
3.529000,0.000000
3.529333,0.000000
3.529667,0.000000
3.530000,0.000000
3.530333,0.000000
3.530667,0.000000
3.531000,0.000000
3.531333,0.000000
3.531667,0.000000
3.532000,0.000000
3.532333,0.000000
3.532667,0.000000
3.533000,0.000000
3.533333,-0.000000
3.533667,-0.000000
3.534000,-0.000000
3.534333,-0.000000
3.534667,-0.000000
3.535000,-0.000000
3.535333,-0.000000
3.535667,-0.000000
3.536000,-0.000000
3.536333,-0.000000
3.536667,-0.000000
3.537000,-0.000000
3.537333,-0.000000
3.537667,-0.000000
3.538000,-0.000000
3.538333,-0.000000
3.538667,-0.000000
3.539000,-0.000000
3.539333,-0.000000
3.539667,-0.000000
3.540000,-0.000000
3.540333,-0.000000
3.540667,-0.000000
3.541000,-0.000000
3.541333,-0.000000
3.541667,-0.000000
3.542000,-0.000000
3.542333,-0.000000
3.542667,-0.000000
3.543000,-0.000000
3.543333,-0.000000
3.543667,-0.000000
3.544000,-0.000000
3.544333,-0.000000
3.544667,-0.000000
3.545000,-0.000000
3.545333,-0.000000
3.545667,-0.000000
3.546000,-0.000000
3.546333,-0.000000
3.546667,-0.000000
3.547000,-0.000000
3.547333,-0.000000
3.547667,-0.000000
3.548000,-0.000000
3.548333,-0.000000
3.548667,-0.000000
3.549000,-0.000000
3.549333,-0.000000
3.549667,-0.000000
3.550000,0.000000
3.550333,0.000000
3.550667,0.000000
3.551000,0.000000
3.551333,0.000000
3.551667,0.000000
3.552000,0.000000
3.552333,0.000000
3.552667,0.000000
3.553000,0.000000
3.553333,0.000000
3.553667,0.000000
3.554000,0.000000
3.554333,0.000000
3.554667,0.000000
3.555000,0.000000
3.555333,0.000000
3.555667,0.000000
3.556000,0.000000
3.556333,0.000000
3.556667,0.000000
3.557000,0.000000
3.557333,0.000000
3.557667,0.000000
3.558000,0.000000
3.558333,0.000000
3.558667,0.000000
3.559000,0.000000
3.559333,0.000000
3.559667,0.000000
3.560000,0.000000
3.560333,0.000000
3.560667,0.000000
3.561000,0.000000
3.561333,0.000000
3.561667,0.000000
3.562000,0.000000
3.562333,0.000000
3.562667,0.000000
3.563000,0.000000
3.563333,0.000000
3.563667,0.000000
3.564000,0.000000
3.564333,0.000000
3.564667,0.000000
3.565000,0.000000
3.565333,0.000000
3.565667,0.000000
3.566000,0.000000
3.566333,0.000000
3.566667,-0.000000
3.567000,-0.000000
3.567333,-0.000000
3.567667,-0.000000
3.568000,-0.000000
3.568333,-0.000000
3.568667,-0.000000
3.569000,-0.000000
3.569333,-0.000000
3.569667,-0.000000
3.570000,-0.000000
3.570333,-0.000000
3.570667,-0.000000
3.571000,-0.000000
3.571333,-0.000000
3.571667,-0.000000
3.572000,-0.000000
3.572333,-0.000000
3.572667,-0.000000
3.573000,-0.000000
3.573333,-0.000000
3.573667,-0.000000
3.574000,-0.000000
3.574333,-0.000000
3.574667,-0.000000
3.575000,-0.000000
3.575333,-0.000000
3.575667,-0.000000
3.576000,-0.000000
3.576333,-0.000000
3.576667,-0.000000
3.577000,-0.000000
3.577333,-0.000000
3.577667,-0.000000
3.578000,-0.000000
3.578333,-0.000000
3.578667,-0.000000
3.579000,-0.000000
3.579333,-0.000000
3.579667,-0.000000
3.580000,-0.000000
3.580333,-0.000000
3.580667,-0.000000
3.581000,-0.000000
3.581333,-0.000000
3.581667,-0.000000
3.582000,-0.000000
3.582333,-0.000000
3.582667,-0.000000
3.583000,-0.000000
3.583333,0.000000
3.583667,0.000000
3.584000,0.000000
3.584333,0.000000
3.584667,0.000000
3.585000,0.000000
3.585333,0.000000
3.585667,0.000000
3.586000,0.000000
3.586333,0.000000
3.586667,0.000000
3.587000,0.000000
3.587333,0.000000
3.587667,0.000000
3.588000,0.000000
3.588333,0.000000
3.588667,0.000000
3.589000,0.000000
3.589333,0.000000
3.589667,0.000000
3.590000,0.000000
3.590333,0.000000
3.590667,0.000000
3.591000,0.000000
3.591333,0.000000
3.591667,0.000000
3.592000,0.000000
3.592333,0.000000
3.592667,0.000000
3.593000,0.000000
3.593333,0.000000
3.593667,0.000000
3.594000,0.000000
3.594333,0.000000
3.594667,0.000000
3.595000,0.000000
3.595333,0.000000
3.595667,0.000000
3.596000,0.000000
3.596333,0.000000
3.596667,0.000000
3.597000,0.000000
3.597333,0.000000
3.597667,0.000000
3.598000,0.000000
3.598333,0.000000
3.598667,0.000000
3.599000,0.000000
3.599333,0.000000
3.599667,0.000000
3.600000,-0.000000
3.600333,-0.000000
3.600667,-0.000000
3.601000,-0.000000
3.601333,-0.000000
3.601667,-0.000000
3.602000,-0.000000
3.602333,-0.000000
3.602667,-0.000000
3.603000,-0.000000
3.603333,-0.000000
3.603667,-0.000000
3.604000,-0.000000
3.604333,-0.000000
3.604667,-0.000000
3.605000,-0.000000
3.605333,-0.000000
3.605667,-0.000000
3.606000,-0.000000
3.606333,-0.000000
3.606667,-0.000000
3.607000,-0.000000
3.607333,-0.000000
3.607667,-0.000000
3.608000,-0.000000
3.608333,-0.000000
3.608667,-0.000000
3.609000,-0.000000
3.609333,-0.000000
3.609667,-0.000000
3.610000,-0.000000
3.610333,-0.000000
3.610667,-0.000000
3.611000,-0.000000
3.611333,-0.000000
3.611667,-0.000000
3.612000,-0.000000
3.612333,-0.000000
3.612667,-0.000000
3.613000,-0.000000
3.613333,-0.000000
3.613667,-0.000000
3.614000,-0.000000
3.614333,-0.000000
3.614667,-0.000000
3.615000,-0.000000
3.615333,-0.000000
3.615667,-0.000000
3.616000,-0.000000
3.616333,-0.000000
3.616667,0.000000
3.617000,0.000000
3.617333,0.000000
3.617667,0.000000
3.618000,0.000000
3.618333,0.000000
3.618667,0.000000
3.619000,0.000000
3.619333,0.000000
3.619667,0.000000
3.620000,0.000000
3.620333,0.000000
3.620667,0.000000
3.621000,0.000000
3.621333,0.000000
3.621667,0.000000
3.622000,0.000000
3.622333,0.000000
3.622667,0.000000
3.623000,0.000000
3.623333,0.000000
3.623667,0.000000
3.624000,0.000000
3.624333,0.000000
3.624667,0.000000
3.625000,0.000000
3.625333,0.000000
3.625667,0.000000
3.626000,0.000000
3.626333,0.000000
3.626667,0.000000
3.627000,0.000000
3.627333,0.000000
3.627667,0.000000
3.628000,0.000000
3.628333,0.000000
3.628667,0.000000
3.629000,0.000000
3.629333,0.000000
3.629667,0.000000
3.630000,0.000000
3.630333,0.000000
3.630667,0.000000
3.631000,0.000000
3.631333,0.000000
3.631667,0.000000
3.632000,0.000000
3.632333,0.000000
3.632667,0.000000
3.633000,0.000000
3.633333,-0.000000
3.633667,-0.000000
3.634000,-0.000000
3.634333,-0.000000
3.634667,-0.000000
3.635000,-0.000000
3.635333,-0.000000
3.635667,-0.000000
3.636000,-0.000000
3.636333,-0.000000
3.636667,-0.000000
3.637000,-0.000000
3.637333,-0.000000
3.637667,-0.000000
3.638000,-0.000000
3.638333,-0.000000
3.638667,-0.000000
3.639000,-0.000000
3.639333,-0.000000
3.639667,-0.000000
3.640000,-0.000000
3.640333,-0.000000
3.640667,-0.000000
3.641000,-0.000000
3.641333,-0.000000
3.641667,-0.000000
3.642000,-0.000000
3.642333,-0.000000
3.642667,-0.000000
3.643000,-0.000000
3.643333,-0.000000
3.643667,-0.000000
3.644000,-0.000000
3.644333,-0.000000
3.644667,-0.000000
3.645000,-0.000000
3.645333,-0.000000
3.645667,-0.000000
3.646000,-0.000000
3.646333,-0.000000
3.646667,-0.000000
3.647000,-0.000000
3.647333,-0.000000
3.647667,-0.000000
3.648000,-0.000000
3.648333,-0.000000
3.648667,-0.000000
3.649000,-0.000000
3.649333,-0.000000
3.649667,-0.000000
3.650000,0.000000
3.650333,0.000000
3.650667,0.000000
3.651000,0.000000
3.651333,0.000000
3.651667,0.000000
3.652000,0.000000
3.652333,0.000000
3.652667,0.000000
3.653000,0.000000
3.653333,0.000000
3.653667,0.000000
3.654000,0.000000
3.654333,0.000000
3.654667,0.000000
3.655000,0.000000
3.655333,0.000000
3.655667,0.000000
3.656000,0.000000
3.656333,0.000000
3.656667,0.000000
3.657000,0.000000
3.657333,0.000000
3.657667,0.000000
3.658000,0.000000
3.658333,0.000000
3.658667,0.000000
3.659000,0.000000
3.659333,0.000000
3.659667,0.000000
3.660000,0.000000
3.660333,0.000000
3.660667,0.000000
3.661000,0.000000
3.661333,0.000000
3.661667,0.000000
3.662000,0.000000
3.662333,0.000000
3.662667,0.000000
3.663000,0.000000
3.663333,0.000000
3.663667,0.000000
3.664000,0.000000
3.664333,0.000000
3.664667,0.000000
3.665000,0.000000
3.665333,0.000000
3.665667,0.000000
3.666000,0.000000
3.666333,0.000000
3.666667,-0.000000
3.667000,-0.000000
3.667333,-0.000000
3.667667,-0.000000
3.668000,-0.000000
3.668333,-0.000000
3.668667,-0.000000
3.669000,-0.000000
3.669333,-0.000000
3.669667,-0.000000
3.670000,-0.000000
3.670333,-0.000000
3.670667,-0.000000
3.671000,-0.000000
3.671333,-0.000000
3.671667,-0.000000
3.672000,-0.000000
3.672333,-0.000000
3.672667,-0.000000
3.673000,-0.000000
3.673333,-0.000000
3.673667,-0.000000
3.674000,-0.000000
3.674333,-0.000000
3.674667,-0.000000
3.675000,-0.000000
3.675333,-0.000000
3.675667,-0.000000
3.676000,-0.000000
3.676333,-0.000000
3.676667,-0.000000
3.677000,-0.000000
3.677333,-0.000000
3.677667,-0.000000
3.678000,-0.000000
3.678333,-0.000000
3.678667,-0.000000
3.679000,-0.000000
3.679333,-0.000000
3.679667,-0.000000
3.680000,-0.000000
3.680333,-0.000000
3.680667,-0.000000
3.681000,-0.000000
3.681333,-0.000000
3.681667,-0.000000
3.682000,-0.000000
3.682333,-0.000000
3.682667,-0.000000
3.683000,-0.000000
3.683333,0.000000
3.683667,0.000000
3.684000,0.000000
3.684333,0.000000
3.684667,0.000000
3.685000,0.000000
3.685333,0.000000
3.685667,0.000000
3.686000,0.000000
3.686333,0.000000
3.686667,0.000000
3.687000,0.000000
3.687333,0.000000
3.687667,0.000000
3.688000,0.000000
3.688333,0.000000
3.688667,0.000000
3.689000,0.000000
3.689333,0.000000
3.689667,0.000000
3.690000,0.000000
3.690333,0.000000
3.690667,0.000000
3.691000,0.000000
3.691333,0.000000
3.691667,0.000000
3.692000,0.000000
3.692333,0.000000
3.692667,0.000000
3.693000,0.000000
3.693333,0.000000
3.693667,0.000000
3.694000,0.000000
3.694333,0.000000
3.694667,0.000000
3.695000,0.000000
3.695333,0.000000
3.695667,0.000000
3.696000,0.000000
3.696333,0.000000
3.696667,0.000000
3.697000,0.000000
3.697333,0.000000
3.697667,0.000000
3.698000,0.000000
3.698333,0.000000
3.698667,0.000000
3.699000,0.000000
3.699333,0.000000
3.699667,0.000000
3.700000,-0.000000
3.700333,-0.000000
3.700667,-0.000000
3.701000,-0.000000
3.701333,-0.000000
3.701667,-0.000000
3.702000,-0.000000
3.702333,-0.000000
3.702667,-0.000000
3.703000,-0.000000
3.703333,-0.000000
3.703667,-0.000000
3.704000,-0.000000
3.704333,-0.000000
3.704667,-0.000000
3.705000,-0.000000
3.705333,-0.000000
3.705667,-0.000000
3.706000,-0.000000
3.706333,-0.000000
3.706667,-0.000000
3.707000,-0.000000
3.707333,-0.000000
3.707667,-0.000000
3.708000,-0.000000
3.708333,-0.000000
3.708667,-0.000000
3.709000,-0.000000
3.709333,-0.000000
3.709667,-0.000000
3.710000,-0.000000
3.710333,-0.000000
3.710667,-0.000000
3.711000,-0.000000
3.711333,-0.000000
3.711667,-0.000000
3.712000,-0.000000
3.712333,-0.000000
3.712667,-0.000000
3.713000,-0.000000
3.713333,-0.000000
3.713667,0.003105
3.714000,0.006129
3.714333,0.009062
3.714667,0.011894
3.715000,0.014616
3.715333,0.017219
3.715667,0.019696
3.716000,0.022039
3.716333,0.024242
3.716667,0.026299
3.717000,0.028204
3.717333,0.029955
3.717667,0.031546
3.718000,0.032976
3.718333,0.034241
3.718667,0.035341
3.719000,0.036274
3.719333,0.037040
3.719667,0.037641
3.720000,0.038077
3.720333,0.038351
3.720667,0.038463
3.721000,0.038419
3.721333,0.038221
3.721667,0.037873
3.722000,0.037381
3.722333,0.036749
3.722667,0.035983
3.723000,0.035089
3.723333,0.034073
3.723667,0.032943
3.724000,0.031704
3.724333,0.030366
3.724667,0.028934
3.725000,0.027418
3.725333,0.025825
3.725667,0.024162
3.726000,0.022439
3.726333,0.020664
3.726667,0.018844
3.727000,0.016988
3.727333,0.015105
3.727667,0.013203
3.728000,0.011289
3.728333,0.009371
3.728667,0.007459
3.729000,0.005558
3.729333,0.003676
3.729667,0.001821
3.730000,0.000000
3.730333,-0.001781
3.730667,-0.003516
3.731000,-0.005199
3.731333,-0.006824
3.731667,-0.008386
3.732000,-0.009880
3.732333,-0.011301
3.732667,-0.012645
3.733000,-0.013909
3.733333,-0.015089
3.733667,-0.016182
3.734000,-0.017187
3.734333,-0.018100
3.734667,-0.018920
3.735000,-0.019646
3.735333,-0.020277
3.735667,-0.020812
3.736000,-0.021252
3.736333,-0.021597
3.736667,-0.021847
3.737000,-0.022004
3.737333,-0.022069
3.737667,-0.022043
3.738000,-0.021929
3.738333,-0.021730
3.738667,-0.021447
3.739000,-0.021085
3.739333,-0.020645
3.739667,-0.020132
3.740000,-0.019550
3.740333,-0.018901
3.740667,-0.018191
3.741000,-0.017422
3.741333,-0.016601
3.741667,-0.015731
3.742000,-0.014817
3.742333,-0.013863
3.742667,-0.012874
3.743000,-0.011856
3.743333,-0.010812
3.743667,-0.009747
3.744000,-0.008667
3.744333,-0.007575
3.744667,-0.006477
3.745000,-0.005377
3.745333,-0.004279
3.745667,-0.003189
3.746000,-0.002109
3.746333,-0.001045
3.746667,-0.000000
3.747000,0.001022
3.747333,0.002018
3.747667,0.002983
3.748000,0.003915
3.748333,0.004811
3.748667,0.005668
3.749000,0.006484
3.749333,0.007255
3.749667,0.007980
3.750000,0.008657
3.750333,0.009285
3.750667,0.009861
3.751000,0.010385
3.751333,0.010855
3.751667,0.011272
3.752000,0.011634
3.752333,0.011941
3.752667,0.012193
3.753000,0.012391
3.753333,0.012535
3.753667,0.012625
3.754000,0.012662
3.754333,0.012647
3.754667,0.012582
3.755000,0.012468
3.755333,0.012306
3.755667,0.012097
3.756000,0.011845
3.756333,0.011551
3.756667,0.011217
3.757000,0.010844
3.757333,0.010437
3.757667,0.009996
3.758000,0.009525
3.758333,0.009026
3.758667,0.008501
3.759000,0.007954
3.759333,0.007387
3.759667,0.006802
3.760000,0.006203
3.760333,0.005592
3.760667,0.004973
3.761000,0.004346
3.761333,0.003716
3.761667,0.003085
3.762000,0.002455
3.762333,0.001830
3.762667,0.001210
3.763000,0.000600
3.763333,0.000000
3.763667,-0.000586
3.764000,-0.001158
3.764333,-0.001712
3.764667,-0.002246
3.765000,-0.002761
3.765333,-0.003252
3.765667,-0.003720
3.766000,-0.004163
3.766333,-0.004579
3.766667,-0.004967
3.767000,-0.005327
3.767333,-0.005658
3.767667,-0.005958
3.768000,-0.006228
3.768333,-0.006467
3.768667,-0.006675
3.769000,-0.006851
3.769333,-0.006996
3.769667,-0.007110
3.770000,-0.007192
3.770333,-0.007243
3.770667,-0.007265
3.771000,-0.007256
3.771333,-0.007219
3.771667,-0.007153
3.772000,-0.007060
3.772333,-0.006941
3.772667,-0.006796
3.773000,-0.006627
3.773333,-0.006436
3.773667,-0.006222
3.774000,-0.005988
3.774333,-0.005735
3.774667,-0.005465
3.775000,-0.005179
3.775333,-0.004878
3.775667,-0.004564
3.776000,-0.004238
3.776333,-0.003903
3.776667,-0.003559
3.777000,-0.003209
3.777333,-0.002853
3.777667,-0.002494
3.778000,-0.002132
3.778333,-0.001770
3.778667,-0.001409
3.779000,-0.001050
3.779333,-0.000694
3.779667,-0.000344
3.780000,-0.000000
3.780333,0.000336
3.780667,0.000664
3.781000,0.000982
3.781333,0.001289
3.781667,0.001584
3.782000,0.001866
3.782333,0.002134
3.782667,0.002388
3.783000,0.002627
3.783333,0.002850
3.783667,0.003056
3.784000,0.003246
3.784333,0.003419
3.784667,0.003574
3.785000,0.003711
3.785333,0.003830
3.785667,0.003931
3.786000,0.004014
3.786333,0.004079
3.786667,0.004126
3.787000,0.004156
3.787333,0.004168
3.787667,0.004163
3.788000,0.004142
3.788333,0.004104
3.788667,0.004051
3.789000,0.003982
3.789333,0.003899
3.789667,0.003802
3.790000,0.003692
3.790333,0.003570
3.790667,0.003436
3.791000,0.003291
3.791333,0.003136
3.791667,0.002971
3.792000,0.002799
3.792333,0.002618
3.792667,0.002432
3.793000,0.002239
3.793333,0.002042
3.793667,0.001841
3.794000,0.001637
3.794333,0.001431
3.794667,0.001223
3.795000,0.001016
3.795333,0.000808
3.795667,0.000602
3.796000,0.000398
3.796333,0.000197
3.796667,0.000000
3.797000,-0.000193
3.797333,-0.000381
3.797667,-0.000563
3.798000,-0.000740
3.798333,-0.000909
3.798667,-0.001071
3.799000,-0.001225
3.799333,-0.001370
3.799667,-0.001507
3.800000,-0.001635
3.800333,-0.001754
3.800667,-0.001862
3.801000,-0.001961
3.801333,-0.002050
3.801667,-0.002129
3.802000,-0.002197
3.802333,-0.002255
3.802667,-0.002303
3.803000,-0.002340
3.803333,-0.002368
3.803667,-0.002385
3.804000,-0.002392
3.804333,-0.002389
3.804667,-0.002376
3.805000,-0.002355
3.805333,-0.002324
3.805667,-0.002285
3.806000,-0.002237
3.806333,-0.002182
3.806667,-0.002119
3.807000,-0.002048
3.807333,-0.001971
3.807667,-0.001888
3.808000,-0.001799
3.808333,-0.001705
3.808667,-0.001606
3.809000,-0.001502
3.809333,-0.001395
3.809667,-0.001285
3.810000,-0.001172
3.810333,-0.001056
3.810667,-0.000939
3.811000,-0.000821
3.811333,-0.000702
3.811667,-0.000583
3.812000,-0.000464
3.812333,-0.000346
3.812667,-0.000229
3.813000,-0.000113
3.813333,-0.000000
3.813667,0.000111
3.814000,0.000219
3.814333,0.000323
3.814667,0.000424
3.815000,0.000521
3.815333,0.000614
3.815667,0.000703
3.816000,0.000786
3.816333,0.000865
3.816667,0.000938
3.817000,0.001006
3.817333,0.001069
3.817667,0.001125
3.818000,0.001176
3.818333,0.001222
3.818667,0.001261
3.819000,0.001294
3.819333,0.001321
3.819667,0.001343
3.820000,0.001358
3.820333,0.001368
3.820667,0.001372
3.821000,0.001371
3.821333,0.001363
3.821667,0.001351
3.822000,0.001334
3.822333,0.001311
3.822667,0.001284
3.823000,0.001252
3.823333,0.001216
3.823667,0.001175
3.824000,0.001131
3.824333,0.001083
3.824667,0.001032
3.825000,0.000978
3.825333,0.000921
3.825667,0.000862
3.826000,0.000800
3.826333,0.000737
3.826667,0.000672
3.827000,0.000606
3.827333,0.000539
3.827667,0.000471
3.828000,0.000403
3.828333,0.000334
3.828667,0.000266
3.829000,0.000198
3.829333,0.000131
3.829667,0.000065
3.830000,0.000000
3.830333,-0.000064
3.830667,-0.000125
3.831000,-0.000185
3.831333,-0.000243
3.831667,-0.000299
3.832000,-0.000352
3.832333,-0.000403
3.832667,-0.000451
3.833000,-0.000496
3.833333,-0.000538
3.833667,-0.000577
3.834000,-0.000613
3.834333,-0.000646
3.834667,-0.000675
3.835000,-0.000701
3.835333,-0.000723
3.835667,-0.000742
3.836000,-0.000758
3.836333,-0.000770
3.836667,-0.000779
3.837000,-0.000785
3.837333,-0.000787
3.837667,-0.000786
3.838000,-0.000782
3.838333,-0.000775
3.838667,-0.000765
3.839000,-0.000752
3.839333,-0.000736
3.839667,-0.000718
3.840000,-0.000697
3.840333,-0.000674
3.840667,-0.000649
3.841000,-0.000622
3.841333,-0.000592
3.841667,-0.000561
3.842000,-0.000529
3.842333,-0.000495
3.842667,-0.000459
3.843000,-0.000423
3.843333,-0.000386
3.843667,-0.000348
3.844000,-0.000309
3.844333,-0.000270
3.844667,-0.000231
3.845000,-0.000192
3.845333,-0.000153
3.845667,-0.000114
3.846000,-0.000075
3.846333,-0.000037
3.846667,-0.000000
3.847000,0.000036
3.847333,0.000072
3.847667,0.000106
3.848000,0.000140
3.848333,0.000172
3.848667,0.000202
3.849000,0.000231
3.849333,0.000259
3.849667,0.000285
3.850000,0.000309
3.850333,0.000331
3.850667,0.000352
3.851000,0.000370
3.851333,0.000387
3.851667,0.000402
3.852000,0.000415
3.852333,0.000426
3.852667,0.000435
3.853000,0.000442
3.853333,0.000447
3.853667,0.000450
3.854000,0.000452
3.854333,0.000451
3.854667,0.000449
3.855000,0.000445
3.855333,0.000439
3.855667,0.000432
3.856000,0.000423
3.856333,0.000412
3.856667,0.000400
3.857000,0.000387
3.857333,0.000372
3.857667,0.000357
3.858000,0.000340
3.858333,0.000322
3.858667,0.000303
3.859000,0.000284
3.859333,0.000264
3.859667,0.000243
3.860000,0.000221
3.860333,0.000200
3.860667,0.000177
3.861000,0.000155
3.861333,0.000133
3.861667,0.000110
3.862000,0.000088
3.862333,0.000065
3.862667,0.000043
3.863000,0.000021
3.863333,0.000000
3.863667,-0.000021
3.864000,-0.000041
3.864333,-0.000061
3.864667,-0.000080
3.865000,-0.000098
3.865333,-0.000116
3.865667,-0.000133
3.866000,-0.000148
3.866333,-0.000163
3.866667,-0.000177
3.867000,-0.000190
3.867333,-0.000202
3.867667,-0.000213
3.868000,-0.000222
3.868333,-0.000231
3.868667,-0.000238
3.869000,-0.000244
3.869333,-0.000250
3.869667,-0.000254
3.870000,-0.000257
3.870333,-0.000258
3.870667,-0.000259
3.871000,-0.000259
3.871333,-0.000258
3.871667,-0.000255
3.872000,-0.000252
3.872333,-0.000248
3.872667,-0.000242
3.873000,-0.000236
3.873333,-0.000230
3.873667,-0.000222
3.874000,-0.000214
3.874333,-0.000205
3.874667,-0.000195
3.875000,-0.000185
3.875333,-0.000174
3.875667,-0.000163
3.876000,-0.000151
3.876333,-0.000139
3.876667,-0.000127
3.877000,-0.000114
3.877333,-0.000102
3.877667,-0.000089
3.878000,-0.000076
3.878333,-0.000063
3.878667,-0.000050
3.879000,-0.000037
3.879333,-0.000025
3.879667,-0.000012
3.880000,-0.000000
3.880333,0.000012
3.880667,0.000024
3.881000,0.000035
3.881333,0.000046
3.881667,0.000057
3.882000,0.000067
3.882333,0.000076
3.882667,0.000085
3.883000,0.000094
3.883333,0.000102
3.883667,0.000109
3.884000,0.000116
3.884333,0.000122
3.884667,0.000127
3.885000,0.000132
3.885333,0.000137
3.885667,0.000140
3.886000,0.000143
3.886333,0.000146
3.886667,0.000147
3.887000,0.000148
3.887333,0.000149
3.887667,0.000149
3.888000,0.000148
3.888333,0.000146
3.888667,0.000145
3.889000,0.000142
3.889333,0.000139
3.889667,0.000136
3.890000,0.000132
3.890333,0.000127
3.890667,0.000123
3.891000,0.000117
3.891333,0.000112
3.891667,0.000106
3.892000,0.000100
3.892333,0.000093
3.892667,0.000087
3.893000,0.000080
3.893333,0.000073
3.893667,0.000066
3.894000,0.000058
3.894333,0.000051
3.894667,0.000044
3.895000,0.000036
3.895333,0.000029
3.895667,0.000021
3.896000,0.000014
3.896333,0.000007
3.896667,0.000000
3.897000,-0.000007
3.897333,-0.000014
3.897667,-0.000020
3.898000,-0.000026
3.898333,-0.000032
3.898667,-0.000038
3.899000,-0.000044
3.899333,-0.000049
3.899667,-0.000054
3.900000,-0.000058
3.900333,-0.000063
3.900667,-0.000066
3.901000,-0.000070
3.901333,-0.000073
3.901667,-0.000076
3.902000,-0.000078
3.902333,-0.000080
3.902667,-0.000082
3.903000,-0.000083
3.903333,-0.000084
3.903667,-0.000085
3.904000,-0.000085
3.904333,-0.000085
3.904667,-0.000085
3.905000,-0.000084
3.905333,-0.000083
3.905667,-0.000082
3.906000,-0.000080
3.906333,-0.000078
3.906667,-0.000076
3.907000,-0.000073
3.907333,-0.000070
3.907667,-0.000067
3.908000,-0.000064
3.908333,-0.000061
3.908667,-0.000057
3.909000,-0.000054
3.909333,-0.000050
3.909667,-0.000046
3.910000,-0.000042
3.910333,-0.000038
3.910667,-0.000034
3.911000,-0.000029
3.911333,-0.000025
3.911667,-0.000021
3.912000,-0.000017
3.912333,-0.000012
3.912667,-0.000008
3.913000,-0.000004
3.913333,-0.000000
3.913667,0.000004
3.914000,0.000008
3.914333,0.000012
3.914667,0.000015
3.915000,0.000019
3.915333,0.000022
3.915667,0.000025
3.916000,0.000028
3.916333,0.000031
3.916667,0.000033
3.917000,0.000036
3.917333,0.000038
3.917667,0.000040
3.918000,0.000042
3.918333,0.000044
3.918667,0.000045
3.919000,0.000046
3.919333,0.000047
3.919667,0.000048
3.920000,0.000048
3.920333,0.000049
3.920667,0.000049
3.921000,0.000049
3.921333,0.000049
3.921667,0.000048
3.922000,0.000048
3.922333,0.000047
3.922667,0.000046
3.923000,0.000045
3.923333,0.000043
3.923667,0.000042
3.924000,0.000040
3.924333,0.000039
3.924667,0.000037
3.925000,0.000035
3.925333,0.000033
3.925667,0.000031
3.926000,0.000029
3.926333,0.000026
3.926667,0.000024
3.927000,0.000022
3.927333,0.000019
3.927667,0.000017
3.928000,0.000014
3.928333,0.000012
3.928667,0.000009
3.929000,0.000007
3.929333,0.000005
3.929667,0.000002
3.930000,0.000000
3.930333,-0.000002
3.930667,-0.000004
3.931000,-0.000007
3.931333,-0.000009
3.931667,-0.000011
3.932000,-0.000013
3.932333,-0.000014
3.932667,-0.000016
3.933000,-0.000018
3.933333,-0.000019
3.933667,-0.000021
3.934000,-0.000022
3.934333,-0.000023
3.934667,-0.000024
3.935000,-0.000025
3.935333,-0.000026
3.935667,-0.000026
3.936000,-0.000027
3.936333,-0.000027
3.936667,-0.000028
3.937000,-0.000028
3.937333,-0.000028
3.937667,-0.000028
3.938000,-0.000028
3.938333,-0.000028
3.938667,-0.000027
3.939000,-0.000027
3.939333,-0.000026
3.939667,-0.000026
3.940000,-0.000025
3.940333,-0.000024
3.940667,-0.000023
3.941000,-0.000022
3.941333,-0.000021
3.941667,-0.000020
3.942000,-0.000019
3.942333,-0.000018
3.942667,-0.000016
3.943000,-0.000015
3.943333,-0.000014
3.943667,-0.000012
3.944000,-0.000011
3.944333,-0.000010
3.944667,-0.000008
3.945000,-0.000007
3.945333,-0.000005
3.945667,-0.000004
3.946000,-0.000003
3.946333,-0.000001
3.946667,-0.000000
3.947000,0.000001
3.947333,0.000003
3.947667,0.000004
3.948000,0.000005
3.948333,0.000006
3.948667,0.000007
3.949000,0.000008
3.949333,0.000009
3.949667,0.000010
3.950000,0.000011
3.950333,0.000012
3.950667,0.000013
3.951000,0.000013
3.951333,0.000014
3.951667,0.000014
3.952000,0.000015
3.952333,0.000015
3.952667,0.000016
3.953000,0.000016
3.953333,0.000016
3.953667,0.000016
3.954000,0.000016
3.954333,0.000016
3.954667,0.000016
3.955000,0.000016
3.955333,0.000016
3.955667,0.000015
3.956000,0.000015
3.956333,0.000015
3.956667,0.000014
3.957000,0.000014
3.957333,0.000013
3.957667,0.000013
3.958000,0.000012
3.958333,0.000011
3.958667,0.000011
3.959000,0.000010
3.959333,0.000009
3.959667,0.000009
3.960000,0.000008
3.960333,0.000007
3.960667,0.000006
3.961000,0.000006
3.961333,0.000005
3.961667,0.000004
3.962000,0.000003
3.962333,0.000002
3.962667,0.000002
3.963000,0.000001
3.963333,0.000000
3.963667,-0.000001
3.964000,-0.000001
3.964333,-0.000002
3.964667,-0.000003
3.965000,-0.000004
3.965333,-0.000004
3.965667,-0.000005
3.966000,-0.000005
3.966333,-0.000006
3.966667,-0.000006
3.967000,-0.000007
3.967333,-0.000007
3.967667,-0.000008
3.968000,-0.000008
3.968333,-0.000008
3.968667,-0.000008
3.969000,-0.000009
3.969333,-0.000009
3.969667,-0.000009
3.970000,-0.000009
3.970333,-0.000009
3.970667,-0.000009
3.971000,-0.000009
3.971333,-0.000009
3.971667,-0.000009
3.972000,-0.000009
3.972333,-0.000009
3.972667,-0.000009
3.973000,-0.000008
3.973333,-0.000008
3.973667,-0.000008
3.974000,-0.000008
3.974333,-0.000007
3.974667,-0.000007
3.975000,-0.000007
3.975333,-0.000006
3.975667,-0.000006
3.976000,-0.000005
3.976333,-0.000005
3.976667,-0.000005
3.977000,-0.000004
3.977333,-0.000004
3.977667,-0.000003
3.978000,-0.000003
3.978333,-0.000002
3.978667,-0.000002
3.979000,-0.000001
3.979333,-0.000001
3.979667,-0.000000
3.980000,-0.000000
3.980333,0.000000
3.980667,0.000001
3.981000,0.000001
3.981333,0.000002
3.981667,0.000002
3.982000,0.000002
3.982333,0.000003
3.982667,0.000003
3.983000,0.000003
3.983333,0.000004
3.983667,0.001246
3.984000,0.002456
3.984333,0.003629
3.984667,0.004762
3.985000,0.005851
3.985333,0.006893
3.985667,0.007883
3.986000,0.008821
3.986333,0.009702
3.986667,0.010525
3.987000,0.011287
3.987333,0.011987
3.987667,0.012624
3.988000,0.013196
3.988333,0.013702
3.988667,0.014141
3.989000,0.014515
3.989333,0.014821
3.989667,0.015061
3.990000,0.015236
3.990333,0.015345
3.990667,0.015390
3.991000,0.015372
3.991333,0.015292
3.991667,0.015153
3.992000,0.014956
3.992333,0.014703
3.992667,0.014396
3.993000,0.014038
3.993333,0.013632
3.993667,0.013179
3.994000,0.012684
3.994333,0.012148
3.994667,0.011575
3.995000,0.010968
3.995333,0.010331
3.995667,0.009666
3.996000,0.008976
3.996333,0.008266
3.996667,0.007538
3.997000,0.006795
3.997333,0.006042
3.997667,0.005280
3.998000,0.004515
3.998333,0.003747
3.998667,0.002982
3.999000,0.002222
3.999333,0.001469
3.999667,0.000727
4.000000,-0.000002
4.000333,-0.000715
4.000667,-0.001409
4.001000,-0.002082
4.001333,-0.002732
4.001667,-0.003357
4.002000,-0.003955
4.002333,-0.004523
4.002667,-0.005061
4.003000,-0.005567
4.003333,-0.006039
4.003667,-0.006476
4.004000,-0.006878
4.004333,-0.007243
4.004667,-0.007571
4.005000,-0.007861
4.005333,-0.008114
4.005667,-0.008328
4.006000,-0.008504
4.006333,-0.008641
4.006667,-0.008741
4.007000,-0.008804
4.007333,-0.008830
4.007667,-0.008820
4.008000,-0.008774
4.008333,-0.008694
4.008667,-0.008581
4.009000,-0.008436
4.009333,-0.008260
4.009667,-0.008055
4.010000,-0.007821
4.010333,-0.007562
4.010667,-0.007277
4.011000,-0.006970
4.011333,-0.006641
4.011667,-0.006293
4.012000,-0.005927
4.012333,-0.005546
4.012667,-0.005150
4.013000,-0.004742
4.013333,-0.004325
4.013667,-0.003899
4.014000,-0.003466
4.014333,-0.003030
4.014667,-0.002590
4.015000,-0.002150
4.015333,-0.001711
4.015667,-0.001275
4.016000,-0.000843
4.016333,-0.000417
4.016667,0.000001
4.017000,0.000410
4.017333,0.000808
4.017667,0.001195
4.018000,0.001568
4.018333,0.001926
4.018667,0.002269
4.019000,0.002595
4.019333,0.002904
4.019667,0.003194
4.020000,0.003465
4.020333,0.003716
4.020667,0.003946
4.021000,0.004156
4.021333,0.004344
4.021667,0.004510
4.022000,0.004655
4.022333,0.004778
4.022667,0.004879
4.023000,0.004958
4.023333,0.005015
4.023667,0.005051
4.024000,0.005066
4.024333,0.005060
4.024667,0.005034
4.025000,0.004988
4.025333,0.004923
4.025667,0.004840
4.026000,0.004739
4.026333,0.004621
4.026667,0.004488
4.027000,0.004339
4.027333,0.004175
4.027667,0.003999
4.028000,0.003811
4.028333,0.003611
4.028667,0.003401
4.029000,0.003182
4.029333,0.002955
4.029667,0.002721
4.030000,0.002481
4.030333,0.002237
4.030667,0.001989
4.031000,0.001738
4.031333,0.001486
4.031667,0.001234
4.032000,0.000982
4.032333,0.000731
4.032667,0.000484
4.033000,0.000239
4.033333,-0.000001
4.033667,-0.000235
4.034000,-0.000464
4.034333,-0.000685
4.034667,-0.000899
4.035000,-0.001105
4.035333,-0.001302
4.035667,-0.001489
4.036000,-0.001666
4.036333,-0.001832
4.036667,-0.001988
4.037000,-0.002132
4.037333,-0.002264
4.037667,-0.002384
4.038000,-0.002492
4.038333,-0.002588
4.038667,-0.002671
4.039000,-0.002741
4.039333,-0.002799
4.039667,-0.002845
4.040000,-0.002878
4.040333,-0.002898
4.040667,-0.002907
4.041000,-0.002903
4.041333,-0.002888
4.041667,-0.002862
4.042000,-0.002825
4.042333,-0.002777
4.042667,-0.002719
4.043000,-0.002651
4.043333,-0.002575
4.043667,-0.002489
4.044000,-0.002396
4.044333,-0.002294
4.044667,-0.002186
4.045000,-0.002072
4.045333,-0.001951
4.045667,-0.001826
4.046000,-0.001695
4.046333,-0.001561
4.046667,-0.001424
4.047000,-0.001283
4.047333,-0.001141
4.047667,-0.000997
4.048000,-0.000853
4.048333,-0.000708
4.048667,-0.000563
4.049000,-0.000420
4.049333,-0.000277
4.049667,-0.000137
4.050000,0.000000
4.050333,0.000135
4.050667,0.000266
4.051000,0.000393
4.051333,0.000516
4.051667,0.000634
4.052000,0.000747
4.052333,0.000854
4.052667,0.000956
4.053000,0.001051
4.053333,0.001141
4.053667,0.001223
4.054000,0.001299
4.054333,0.001368
4.054667,0.001430
4.055000,0.001485
4.055333,0.001532
4.055667,0.001573
4.056000,0.001606
4.056333,0.001632
4.056667,0.001651
4.057000,0.001663
4.057333,0.001668
4.057667,0.001666
4.058000,0.001657
4.058333,0.001642
4.058667,0.001621
4.059000,0.001593
4.059333,0.001560
4.059667,0.001521
4.060000,0.001477
4.060333,0.001428
4.060667,0.001375
4.061000,0.001316
4.061333,0.001254
4.061667,0.001189
4.062000,0.001120
4.062333,0.001047
4.062667,0.000973
4.063000,0.000896
4.063333,0.000817
4.063667,0.000736
4.064000,0.000655
4.064333,0.000572
4.064667,0.000489
4.065000,0.000406
4.065333,0.000323
4.065667,0.000241
4.066000,0.000159
4.066333,0.000079
4.066667,-0.000000
4.067000,-0.000077
4.067333,-0.000153
4.067667,-0.000226
4.068000,-0.000296
4.068333,-0.000364
4.068667,-0.000429
4.069000,-0.000490
4.069333,-0.000548
4.069667,-0.000603
4.070000,-0.000654
4.070333,-0.000702
4.070667,-0.000745
4.071000,-0.000785
4.071333,-0.000820
4.071667,-0.000852
4.072000,-0.000879
4.072333,-0.000902
4.072667,-0.000922
4.073000,-0.000936
4.073333,-0.000947
4.073667,-0.000954
4.074000,-0.000957
4.074333,-0.000956
4.074667,-0.000951
4.075000,-0.000942
4.075333,-0.000930
4.075667,-0.000914
4.076000,-0.000895
4.076333,-0.000873
4.076667,-0.000848
4.077000,-0.000819
4.077333,-0.000789
4.077667,-0.000755
4.078000,-0.000720
4.078333,-0.000682
4.078667,-0.000642
4.079000,-0.000601
4.079333,-0.000558
4.079667,-0.000514
4.080000,-0.000469
4.080333,-0.000422
4.080667,-0.000376
4.081000,-0.000328
4.081333,-0.000281
4.081667,-0.000233
4.082000,-0.000185
4.082333,-0.000138
4.082667,-0.000091
4.083000,-0.000045
4.083333,0.000000
4.083667,0.000044
4.084000,0.000088
4.084333,0.000129
4.084667,0.000170
4.085000,0.000209
4.085333,0.000246
4.085667,0.000281
4.086000,0.000315
4.086333,0.000346
4.086667,0.000375
4.087000,0.000403
4.087333,0.000428
4.087667,0.000450
4.088000,0.000471
4.088333,0.000489
4.088667,0.000504
4.089000,0.000518
4.089333,0.000529
4.089667,0.000537
4.090000,0.000544
4.090333,0.000547
4.090667,0.000549
4.091000,0.000548
4.091333,0.000546
4.091667,0.000541
4.092000,0.000534
4.092333,0.000525
4.092667,0.000514
4.093000,0.000501
4.093333,0.000486
4.093667,0.000470
4.094000,0.000452
4.094333,0.000433
4.094667,0.000413
4.095000,0.000391
4.095333,0.000369
4.095667,0.000345
4.096000,0.000320
4.096333,0.000295
4.096667,0.000269
4.097000,0.000242
4.097333,0.000216
4.097667,0.000188
4.098000,0.000161
4.098333,0.000134
4.098667,0.000106
4.099000,0.000079
4.099333,0.000052
4.099667,0.000026
4.100000,-0.000000
4.100333,-0.000025
4.100667,-0.000050
4.101000,-0.000074
4.101333,-0.000097
4.101667,-0.000120
4.102000,-0.000141
4.102333,-0.000161
4.102667,-0.000181
4.103000,-0.000199
4.103333,-0.000215
4.103667,-0.000231
4.104000,-0.000245
4.104333,-0.000258
4.104667,-0.000270
4.105000,-0.000280
4.105333,-0.000289
4.105667,-0.000297
4.106000,-0.000303
4.106333,-0.000308
4.106667,-0.000312
4.107000,-0.000314
4.107333,-0.000315
4.107667,-0.000315
4.108000,-0.000313
4.108333,-0.000310
4.108667,-0.000306
4.109000,-0.000301
4.109333,-0.000295
4.109667,-0.000287
4.110000,-0.000279
4.110333,-0.000270
4.110667,-0.000260
4.111000,-0.000249
4.111333,-0.000237
4.111667,-0.000225
4.112000,-0.000211
4.112333,-0.000198
4.112667,-0.000184
4.113000,-0.000169
4.113333,-0.000154
4.113667,-0.000139
4.114000,-0.000124
4.114333,-0.000108
4.114667,-0.000092
4.115000,-0.000077
4.115333,-0.000061
4.115667,-0.000045
4.116000,-0.000030
4.116333,-0.000015
4.116667,0.000000
4.117000,0.000015
4.117333,0.000029
4.117667,0.000043
4.118000,0.000056
4.118333,0.000069
4.118667,0.000081
4.119000,0.000093
4.119333,0.000104
4.119667,0.000114
4.120000,0.000124
4.120333,0.000133
4.120667,0.000141
4.121000,0.000148
4.121333,0.000155
4.121667,0.000161
4.122000,0.000166
4.122333,0.000170
4.122667,0.000174
4.123000,0.000177
4.123333,0.000179
4.123667,0.000180
4.124000,0.000181
4.124333,0.000181
4.124667,0.000180
4.125000,0.000178
4.125333,0.000176
4.125667,0.000173
4.126000,0.000169
4.126333,0.000165
4.126667,0.000160
4.127000,0.000155
4.127333,0.000149
4.127667,0.000143
4.128000,0.000136
4.128333,0.000129
4.128667,0.000121
4.129000,0.000114
4.129333,0.000105
4.129667,0.000097
4.130000,0.000089
4.130333,0.000080
4.130667,0.000071
4.131000,0.000062
4.131333,0.000053
4.131667,0.000044
4.132000,0.000035
4.132333,0.000026
4.132667,0.000017
4.133000,0.000009
4.133333,-0.000000
4.133667,-0.000008
4.134000,-0.000017
4.134333,-0.000024
4.134667,-0.000032
4.135000,-0.000039
4.135333,-0.000046
4.135667,-0.000053
4.136000,-0.000059
4.136333,-0.000065
4.136667,-0.000071
4.137000,-0.000076
4.137333,-0.000081
4.137667,-0.000085
4.138000,-0.000089
4.138333,-0.000092
4.138667,-0.000095
4.139000,-0.000098
4.139333,-0.000100
4.139667,-0.000101
4.140000,-0.000103
4.140333,-0.000103
4.140667,-0.000104
4.141000,-0.000104
4.141333,-0.000103
4.141667,-0.000102
4.142000,-0.000101
4.142333,-0.000099
4.142667,-0.000097
4.143000,-0.000095
4.143333,-0.000092
4.143667,-0.000089
4.144000,-0.000085
4.144333,-0.000082
4.144667,-0.000078
4.145000,-0.000074
4.145333,-0.000070
4.145667,-0.000065
4.146000,-0.000060
4.146333,-0.000056
4.146667,-0.000051
4.147000,-0.000046
4.147333,-0.000041
4.147667,-0.000036
4.148000,-0.000030
4.148333,-0.000025
4.148667,-0.000020
4.149000,-0.000015
4.149333,-0.000010
4.149667,-0.000005
4.150000,0.000000
4.150333,0.000005
4.150667,0.000009
4.151000,0.000014
4.151333,0.000018
4.151667,0.000023
4.152000,0.000027
4.152333,0.000030
4.152667,0.000034
4.153000,0.000038
4.153333,0.000041
4.153667,0.000044
4.154000,0.000046
4.154333,0.000049
4.154667,0.000051
4.155000,0.000053
4.155333,0.000055
4.155667,0.000056
4.156000,0.000057
4.156333,0.000058
4.156667,0.000059
4.157000,0.000059
4.157333,0.000059
4.157667,0.000059
4.158000,0.000059
4.158333,0.000059
4.158667,0.000058
4.159000,0.000057
4.159333,0.000056
4.159667,0.000054
4.160000,0.000053
4.160333,0.000051
4.160667,0.000049
4.161000,0.000047
4.161333,0.000045
4.161667,0.000042
4.162000,0.000040
4.162333,0.000037
4.162667,0.000035
4.163000,0.000032
4.163333,0.000029
4.163667,0.000026
4.164000,0.000023
4.164333,0.000020
4.164667,0.000017
4.165000,0.000014
4.165333,0.000012
4.165667,0.000009
4.166000,0.000006
4.166333,0.000003
4.166667,-0.000000
4.167000,-0.000003
4.167333,-0.000005
4.167667,-0.000008
4.168000,-0.000011
4.168333,-0.000013
4.168667,-0.000015
4.169000,-0.000017
4.169333,-0.000020
4.169667,-0.000022
4.170000,-0.000023
4.170333,-0.000025
4.170667,-0.000027
4.171000,-0.000028
4.171333,-0.000029
4.171667,-0.000030
4.172000,-0.000031
4.172333,-0.000032
4.172667,-0.000033
4.173000,-0.000033
4.173333,-0.000034
4.173667,-0.000034
4.174000,-0.000034
4.174333,-0.000034
4.174667,-0.000034
4.175000,-0.000034
4.175333,-0.000033
4.175667,-0.000033
4.176000,-0.000032
4.176333,-0.000031
4.176667,-0.000030
4.177000,-0.000029
4.177333,-0.000028
4.177667,-0.000027
4.178000,-0.000026
4.178333,-0.000024
4.178667,-0.000023
4.179000,-0.000021
4.179333,-0.000020
4.179667,-0.000018
4.180000,-0.000017
4.180333,-0.000015
4.180667,-0.000013
4.181000,-0.000012
4.181333,-0.000010
4.181667,-0.000008
4.182000,-0.000007
4.182333,-0.000005
4.182667,-0.000003
4.183000,-0.000002
4.183333,0.000000
4.183667,0.000002
4.184000,0.000003
4.184333,0.000005
4.184667,0.000006
4.185000,0.000007
4.185333,0.000009
4.185667,0.000010
4.186000,0.000011
4.186333,0.000012
4.186667,0.000013
4.187000,0.000014
4.187333,0.000015
4.187667,0.000016
4.188000,0.000017
4.188333,0.000017
4.188667,0.000018
4.189000,0.000018
4.189333,0.000019
4.189667,0.000019
4.190000,0.000019
4.190333,0.000020
4.190667,0.000020
4.191000,0.000020
4.191333,0.000019
4.191667,0.000019
4.192000,0.000019
4.192333,0.000019
4.192667,0.000018
4.193000,0.000018
4.193333,0.000017
4.193667,0.000017
4.194000,0.000016
4.194333,0.000015
4.194667,0.000015
4.195000,0.000014
4.195333,0.000013
4.195667,0.000012
4.196000,0.000011
4.196333,0.000011
4.196667,0.000010
4.197000,0.000009
4.197333,0.000008
4.197667,0.000007
4.198000,0.000006
4.198333,0.000005
4.198667,0.000004
4.199000,0.000003
4.199333,0.000002
4.199667,0.000001
4.200000,-0.000000
4.200333,-0.000001
4.200667,-0.000002
4.201000,-0.000003
4.201333,-0.000003
4.201667,-0.000004
4.202000,-0.000005
4.202333,-0.000006
4.202667,-0.000006
4.203000,-0.000007
4.203333,-0.000008
4.203667,-0.000008
4.204000,-0.000009
4.204333,-0.000009
4.204667,-0.000010
4.205000,-0.000010
4.205333,-0.000010
4.205667,-0.000011
4.206000,-0.000011
4.206333,-0.000011
4.206667,-0.000011
4.207000,-0.000011
4.207333,-0.000011
4.207667,-0.000011
4.208000,-0.000011
4.208333,-0.000011
4.208667,-0.000011
4.209000,-0.000011
4.209333,-0.000011
4.209667,-0.000010
4.210000,-0.000010
4.210333,-0.000010
4.210667,-0.000009
4.211000,-0.000009
4.211333,-0.000008
4.211667,-0.000008
4.212000,-0.000008
4.212333,-0.000007
4.212667,-0.000007
4.213000,-0.000006
4.213333,-0.000006
4.213667,-0.000005
4.214000,-0.000004
4.214333,-0.000004
4.214667,-0.000003
4.215000,-0.000003
4.215333,-0.000002
4.215667,-0.000002
4.216000,-0.000001
4.216333,-0.000001
4.216667,0.000000
4.217000,0.000001
4.217333,0.000001
4.217667,0.000002
4.218000,0.000002
4.218333,0.000002
4.218667,0.000003
4.219000,0.000003
4.219333,0.000004
4.219667,0.000004
4.220000,0.000004
4.220333,0.000005
4.220667,0.000005
4.221000,0.000005
4.221333,0.000006
4.221667,0.000006
4.222000,0.000006
4.222333,0.000006
4.222667,0.000006
4.223000,0.000006
4.223333,0.000006
4.223667,0.000006
4.224000,0.000006
4.224333,0.000006
4.224667,0.000006
4.225000,0.000006
4.225333,0.000006
4.225667,0.000006
4.226000,0.000006
4.226333,0.000006
4.226667,0.000006
4.227000,0.000006
4.227333,0.000005
4.227667,0.000005
4.228000,0.000005
4.228333,0.000005
4.228667,0.000004
4.229000,0.000004
4.229333,0.000004
4.229667,0.000003
4.230000,0.000003
4.230333,0.000003
4.230667,0.000003
4.231000,0.000002
4.231333,0.000002
4.231667,0.000002
4.232000,0.000001
4.232333,0.000001
4.232667,0.000001
4.233000,0.000000
4.233333,-0.000000
4.233667,-0.000000
4.234000,-0.000001
4.234333,-0.000001
4.234667,-0.000001
4.235000,-0.000001
4.235333,-0.000002
4.235667,-0.000002
4.236000,-0.000002
4.236333,-0.000002
4.236667,-0.000003
4.237000,-0.000003
4.237333,-0.000003
4.237667,-0.000003
4.238000,-0.000003
4.238333,-0.000003
4.238667,-0.000003
4.239000,-0.000003
4.239333,-0.000004
4.239667,-0.000004
4.240000,-0.000004
4.240333,-0.000004
4.240667,-0.000004
4.241000,-0.000004
4.241333,-0.000004
4.241667,-0.000004
4.242000,-0.000004
4.242333,-0.000004
4.242667,-0.000003
4.243000,-0.000003
4.243333,-0.000003
4.243667,-0.000003
4.244000,-0.000003
4.244333,-0.000003
4.244667,-0.000003
4.245000,-0.000003
4.245333,-0.000002
4.245667,-0.000002
4.246000,-0.000002
4.246333,-0.000002
4.246667,-0.000002
4.247000,-0.000002
4.247333,-0.000001
4.247667,-0.000001
4.248000,-0.000001
4.248333,-0.000001
4.248667,-0.000001
4.249000,-0.000001
4.249333,-0.000000
4.249667,-0.000000
4.250000,0.000000
4.250333,0.000000
4.250667,0.000000
4.251000,0.000001
4.251333,0.000001
4.251667,0.000001
4.252000,0.000001
4.252333,0.000001
4.252667,0.000001
4.253000,0.000001
4.253333,0.000001
4.253667,0.000002
4.254000,0.000002
4.254333,0.000002
4.254667,0.000002
4.255000,0.000002
4.255333,0.000002
4.255667,0.000002
4.256000,0.000002
4.256333,0.000002
4.256667,0.000002
4.257000,0.000002
4.257333,0.000002
4.257667,0.000002
4.258000,0.000002
4.258333,0.000002
4.258667,0.000002
4.259000,0.000002
4.259333,0.000002
4.259667,0.000002
4.260000,0.000002
4.260333,0.000002
4.260667,0.000002
4.261000,0.000002
4.261333,0.000002
4.261667,0.000002
4.262000,0.000001
4.262333,0.000001
4.262667,0.000001
4.263000,0.000001
4.263333,0.000001
4.263667,0.000001
4.264000,0.000001
4.264333,0.000001
4.264667,0.000001
4.265000,0.000001
4.265333,0.000000
4.265667,0.000000
4.266000,0.000000
4.266333,0.000000
4.266667,-0.000000
4.267000,-0.000000
4.267333,-0.000000
4.267667,-0.000000
4.268000,-0.000000
4.268333,-0.000000
4.268667,-0.000001
4.269000,-0.000001
4.269333,-0.000001
4.269667,-0.000001
4.270000,-0.000001
4.270333,-0.000001
4.270667,-0.000001
4.271000,-0.000001
4.271333,-0.000001
4.271667,-0.000001
4.272000,-0.000001
4.272333,-0.000001
4.272667,-0.000001
4.273000,-0.000001
4.273333,-0.000001
4.273667,-0.000001
4.274000,-0.000001
4.274333,-0.000001
4.274667,-0.000001
4.275000,-0.000001
4.275333,-0.000001
4.275667,-0.000001
4.276000,-0.000001
4.276333,-0.000001
4.276667,-0.000001
4.277000,-0.000001
4.277333,-0.000001
4.277667,-0.000001
4.278000,-0.000001
4.278333,-0.000001
4.278667,-0.000001
4.279000,-0.000001
4.279333,-0.000001
4.279667,-0.000001
4.280000,-0.000001
4.280333,-0.000001
4.280667,-0.000000
4.281000,-0.000000
4.281333,-0.000000
4.281667,-0.000000
4.282000,-0.000000
4.282333,-0.000000
4.282667,-0.000000
4.283000,-0.000000
4.283333,0.000000
4.283667,0.000000
4.284000,0.000000
4.284333,0.000000
4.284667,0.000000
4.285000,0.000000
4.285333,0.000000
4.285667,0.000000
4.286000,0.000000
4.286333,0.000000
4.286667,0.000000
4.287000,0.000001
4.287333,0.000001
4.287667,0.000001
4.288000,0.000001
4.288333,0.000001
4.288667,0.000001
4.289000,0.000001
4.289333,0.000001
4.289667,0.000001
4.290000,0.000001
4.290333,0.000001
4.290667,0.000001
4.291000,0.000001
4.291333,0.000001
4.291667,0.000001
4.292000,0.000001
4.292333,0.000001
4.292667,0.000001
4.293000,0.000001
4.293333,0.000001
4.293667,0.000001
4.294000,0.000001
4.294333,0.000001
4.294667,0.000001
4.295000,0.000000
4.295333,0.000000
4.295667,0.000000
4.296000,0.000000
4.296333,0.000000
4.296667,0.000000
4.297000,0.000000
4.297333,0.000000
4.297667,0.000000
4.298000,0.000000
4.298333,0.000000
4.298667,0.000000
4.299000,0.000000
4.299333,0.000000
4.299667,0.000000
4.300000,-0.000000
4.300333,-0.000000
4.300667,-0.000000
4.301000,-0.000000
4.301333,-0.000000
4.301667,-0.000000
4.302000,-0.000000
4.302333,-0.000000
4.302667,-0.000000
4.303000,-0.000000
4.303333,-0.000000
4.303667,-0.000000
4.304000,-0.000000
4.304333,-0.000000
4.304667,-0.000000
4.305000,-0.000000
4.305333,-0.000000
4.305667,-0.000000
4.306000,-0.000000
4.306333,-0.000000
4.306667,-0.000000
4.307000,-0.000000
4.307333,-0.000000
4.307667,-0.000000
4.308000,-0.000000
4.308333,-0.000000
4.308667,-0.000000
4.309000,-0.000000
4.309333,-0.000000
4.309667,-0.000000
4.310000,-0.000000
4.310333,-0.000000
4.310667,-0.000000
4.311000,-0.000000
4.311333,-0.000000
4.311667,-0.000000
4.312000,-0.000000
4.312333,-0.000000
4.312667,-0.000000
4.313000,-0.000000
4.313333,-0.000000
4.313667,-0.000000
4.314000,-0.000000
4.314333,-0.000000
4.314667,-0.000000
4.315000,-0.000000
4.315333,-0.000000
4.315667,-0.000000
4.316000,-0.000000
4.316333,-0.000000
4.316667,0.000000
4.317000,0.000000
4.317333,0.000000
4.317667,0.000000
4.318000,0.000000
4.318333,0.000000
4.318667,0.000000
4.319000,0.000000
4.319333,0.000000
4.319667,0.000000
4.320000,0.000000
4.320333,0.000000
4.320667,0.000000
4.321000,0.000000
4.321333,0.000000
4.321667,0.000000
4.322000,0.000000
4.322333,0.000000
4.322667,0.000000
4.323000,0.000000
4.323333,0.000000
4.323667,0.000000
4.324000,0.000000
4.324333,0.000000
4.324667,0.000000
4.325000,0.000000
4.325333,0.000000
4.325667,0.000000
4.326000,0.000000
4.326333,0.000000
4.326667,0.000000
4.327000,0.000000
4.327333,0.000000
4.327667,0.000000
4.328000,0.000000
4.328333,0.000000
4.328667,0.000000
4.329000,0.000000
4.329333,0.000000
4.329667,0.000000
4.330000,0.000000
4.330333,0.000000
4.330667,0.000000
4.331000,0.000000
4.331333,0.000000
4.331667,0.000000
4.332000,0.000000
4.332333,0.000000
4.332667,0.000000
4.333000,0.000000
4.333333,-0.000000
4.333667,-0.000000
4.334000,-0.000000
4.334333,-0.000000
4.334667,-0.000000
4.335000,-0.000000
4.335333,-0.000000
4.335667,-0.000000
4.336000,-0.000000
4.336333,-0.000000
4.336667,-0.000000
4.337000,-0.000000
4.337333,-0.000000
4.337667,-0.000000
4.338000,-0.000000
4.338333,-0.000000
4.338667,-0.000000
4.339000,-0.000000
4.339333,-0.000000
4.339667,-0.000000
4.340000,-0.000000
4.340333,-0.000000
4.340667,-0.000000
4.341000,-0.000000
4.341333,-0.000000
4.341667,-0.000000
4.342000,-0.000000
4.342333,-0.000000
4.342667,-0.000000
4.343000,-0.000000
4.343333,-0.000000
4.343667,-0.000000
4.344000,-0.000000
4.344333,-0.000000
4.344667,-0.000000
4.345000,-0.000000
4.345333,-0.000000
4.345667,-0.000000
4.346000,-0.000000
4.346333,-0.000000
4.346667,-0.000000
4.347000,-0.000000
4.347333,-0.000000
4.347667,-0.000000
4.348000,-0.000000
4.348333,-0.000000
4.348667,-0.000000
4.349000,-0.000000
4.349333,-0.000000
4.349667,-0.000000
4.350000,0.000000
4.350333,0.000000
4.350667,0.000000
4.351000,0.000000
4.351333,0.000000
4.351667,0.000000
4.352000,0.000000
4.352333,0.000000
4.352667,0.000000
4.353000,0.000000
4.353333,0.000000
4.353667,0.000000
4.354000,0.000000
4.354333,0.000000
4.354667,0.000000
4.355000,0.000000
4.355333,0.000000
4.355667,0.000000
4.356000,0.000000
4.356333,0.000000
4.356667,0.000000
4.357000,0.000000
4.357333,0.000000
4.357667,0.000000
4.358000,0.000000
4.358333,0.000000
4.358667,0.000000
4.359000,0.000000
4.359333,0.000000
4.359667,0.000000
4.360000,0.000000
4.360333,0.000000
4.360667,0.000000
4.361000,0.000000
4.361333,0.000000
4.361667,0.000000
4.362000,0.000000
4.362333,0.000000
4.362667,0.000000
4.363000,0.000000
4.363333,0.000000
4.363667,0.000000
4.364000,0.000000
4.364333,0.000000
4.364667,0.000000
4.365000,0.000000
4.365333,0.000000
4.365667,0.000000
4.366000,0.000000
4.366333,0.000000
4.366667,-0.000000
4.367000,-0.000000
4.367333,-0.000000
4.367667,-0.000000
4.368000,-0.000000
4.368333,-0.000000
4.368667,-0.000000
4.369000,-0.000000
4.369333,-0.000000
4.369667,-0.000000
4.370000,-0.000000
4.370333,-0.000000
4.370667,-0.000000
4.371000,-0.000000
4.371333,-0.000000
4.371667,-0.000000
4.372000,-0.000000
4.372333,-0.000000
4.372667,-0.000000
4.373000,-0.000000
4.373333,-0.000000
4.373667,-0.000000
4.374000,-0.000000
4.374333,-0.000000
4.374667,-0.000000
4.375000,-0.000000
4.375333,-0.000000
4.375667,-0.000000
4.376000,-0.000000
4.376333,-0.000000
4.376667,-0.000000
4.377000,-0.000000
4.377333,-0.000000
4.377667,-0.000000
4.378000,-0.000000
4.378333,-0.000000
4.378667,-0.000000
4.379000,-0.000000
4.379333,-0.000000
4.379667,-0.000000
4.380000,-0.000000
4.380333,-0.000000
4.380667,-0.000000
4.381000,-0.000000
4.381333,-0.000000
4.381667,-0.000000
4.382000,-0.000000
4.382333,-0.000000
4.382667,-0.000000
4.383000,-0.000000
4.383333,0.000000
4.383667,0.000000
4.384000,0.000000
4.384333,0.000000
4.384667,0.000000
4.385000,0.000000
4.385333,0.000000
4.385667,0.000000
4.386000,0.000000
4.386333,0.000000
4.386667,0.000000
4.387000,0.000000
4.387333,0.000000
4.387667,0.000000
4.388000,0.000000
4.388333,0.000000
4.388667,0.000000
4.389000,0.000000
4.389333,0.000000
4.389667,0.000000
4.390000,0.000000
4.390333,0.000000
4.390667,0.000000
4.391000,0.000000
4.391333,0.000000
4.391667,0.000000
4.392000,0.000000
4.392333,0.000000
4.392667,0.000000
4.393000,0.000000
4.393333,0.000000
4.393667,0.000000
4.394000,0.000000
4.394333,0.000000
4.394667,0.000000
4.395000,0.000000
4.395333,0.000000
4.395667,0.000000
4.396000,0.000000
4.396333,0.000000
4.396667,0.000000
4.397000,0.000000
4.397333,0.000000
4.397667,0.000000
4.398000,0.000000
4.398333,0.000000
4.398667,0.000000
4.399000,0.000000
4.399333,0.000000
4.399667,0.000000
4.400000,-0.000000
4.400333,-0.000000
4.400667,-0.000000
4.401000,-0.000000
4.401333,-0.000000
4.401667,-0.000000
4.402000,-0.000000
4.402333,-0.000000
4.402667,-0.000000
4.403000,-0.000000
4.403333,-0.000000
4.403667,-0.000000
4.404000,-0.000000
4.404333,-0.000000
4.404667,-0.000000
4.405000,-0.000000
4.405333,-0.000000
4.405667,-0.000000
4.406000,-0.000000
4.406333,-0.000000
4.406667,-0.000000
4.407000,-0.000000
4.407333,-0.000000
4.407667,-0.000000
4.408000,-0.000000
4.408333,-0.000000
4.408667,-0.000000
4.409000,-0.000000
4.409333,-0.000000
4.409667,-0.000000
4.410000,-0.000000
4.410333,-0.000000
4.410667,-0.000000
4.411000,-0.000000
4.411333,-0.000000
4.411667,-0.000000
4.412000,-0.000000
4.412333,-0.000000
4.412667,-0.000000
4.413000,-0.000000
4.413333,-0.000000
4.413667,-0.000000
4.414000,-0.000000
4.414333,-0.000000
4.414667,-0.000000
4.415000,-0.000000
4.415333,-0.000000
4.415667,-0.000000
4.416000,-0.000000
4.416333,-0.000000
4.416667,0.000000
4.417000,0.000000
4.417333,0.000000
4.417667,0.000000
4.418000,0.000000
4.418333,0.000000
4.418667,0.000000
4.419000,0.000000
4.419333,0.000000
4.419667,0.000000
4.420000,0.000000
4.420333,0.000000
4.420667,0.000000
4.421000,0.000000
4.421333,0.000000
4.421667,0.000000
4.422000,0.000000
4.422333,0.000000
4.422667,0.000000
4.423000,0.000000
4.423333,0.000000
4.423667,0.000000
4.424000,0.000000
4.424333,0.000000
4.424667,0.000000
4.425000,0.000000
4.425333,0.000000
4.425667,0.000000
4.426000,0.000000
4.426333,0.000000
4.426667,0.000000
4.427000,0.000000
4.427333,0.000000
4.427667,0.000000
4.428000,0.000000
4.428333,0.000000
4.428667,0.000000
4.429000,0.000000
4.429333,0.000000
4.429667,0.000000
4.430000,0.000000
4.430333,0.000000
4.430667,0.000000
4.431000,0.000000
4.431333,0.000000
4.431667,0.000000
4.432000,0.000000
4.432333,0.000000
4.432667,0.000000
4.433000,0.000000
4.433333,-0.000000
4.433667,-0.000000
4.434000,-0.000000
4.434333,-0.000000
4.434667,-0.000000
4.435000,-0.000000
4.435333,-0.000000
4.435667,-0.000000
4.436000,-0.000000
4.436333,-0.000000
4.436667,-0.000000
4.437000,-0.000000
4.437333,-0.000000
4.437667,-0.000000
4.438000,-0.000000
4.438333,-0.000000
4.438667,-0.000000
4.439000,-0.000000
4.439333,-0.000000
4.439667,-0.000000
4.440000,-0.000000
4.440333,-0.000000
4.440667,-0.000000
4.441000,-0.000000
4.441333,-0.000000
4.441667,-0.000000
4.442000,-0.000000
4.442333,-0.000000
4.442667,-0.000000
4.443000,-0.000000
4.443333,-0.000000
4.443667,-0.000000
4.444000,-0.000000
4.444333,-0.000000
4.444667,-0.000000
4.445000,-0.000000
4.445333,-0.000000
4.445667,-0.000000
4.446000,-0.000000
4.446333,-0.000000
4.446667,-0.000000
4.447000,-0.000000
4.447333,-0.000000
4.447667,-0.000000
4.448000,-0.000000
4.448333,-0.000000
4.448667,-0.000000
4.449000,-0.000000
4.449333,-0.000000
4.449667,-0.000000
4.450000,0.000000
4.450333,0.000000
4.450667,0.000000
4.451000,0.000000
4.451333,0.000000
4.451667,0.000000
4.452000,0.000000
4.452333,0.000000
4.452667,0.000000
4.453000,0.000000
4.453333,0.000000
4.453667,0.000000
4.454000,0.000000
4.454333,0.000000
4.454667,0.000000
4.455000,0.000000
4.455333,0.000000
4.455667,0.000000
4.456000,0.000000
4.456333,0.000000
4.456667,0.000000
4.457000,0.000000
4.457333,0.000000
4.457667,0.000000
4.458000,0.000000
4.458333,0.000000
4.458667,0.000000
4.459000,0.000000
4.459333,0.000000
4.459667,0.000000
4.460000,0.000000
4.460333,0.000000
4.460667,0.000000
4.461000,0.000000
4.461333,0.000000
4.461667,0.000000
4.462000,0.000000
4.462333,0.000000
4.462667,0.000000
4.463000,0.000000
4.463333,0.000000
4.463667,0.000000
4.464000,0.000000
4.464333,0.000000
4.464667,0.000000
4.465000,0.000000
4.465333,0.000000
4.465667,0.000000
4.466000,0.000000
4.466333,0.000000
4.466667,-0.000000
4.467000,-0.000000
4.467333,-0.000000
4.467667,-0.000000
4.468000,-0.000000
4.468333,-0.000000
4.468667,-0.000000
4.469000,-0.000000
4.469333,-0.000000
4.469667,-0.000000
4.470000,-0.000000
4.470333,-0.000000
4.470667,-0.000000
4.471000,-0.000000
4.471333,-0.000000
4.471667,-0.000000
4.472000,-0.000000
4.472333,-0.000000
4.472667,-0.000000
4.473000,-0.000000
4.473333,-0.000000
4.473667,-0.000000
4.474000,-0.000000
4.474333,-0.000000
4.474667,-0.000000
4.475000,-0.000000
4.475333,-0.000000
4.475667,-0.000000
4.476000,-0.000000
4.476333,-0.000000
4.476667,-0.000000
4.477000,-0.000000
4.477333,-0.000000
4.477667,-0.000000
4.478000,-0.000000
4.478333,-0.000000
4.478667,-0.000000
4.479000,-0.000000
4.479333,-0.000000
4.479667,-0.000000
4.480000,-0.000000
4.480333,-0.000000
4.480667,-0.000000
4.481000,-0.000000
4.481333,-0.000000
4.481667,-0.000000
4.482000,-0.000000
4.482333,-0.000000
4.482667,-0.000000
4.483000,-0.000000
4.483333,0.000000
4.483667,0.000000
4.484000,0.000000
4.484333,0.000000
4.484667,0.000000
4.485000,0.000000
4.485333,0.000000
4.485667,0.000000
4.486000,0.000000
4.486333,0.000000
4.486667,0.000000
4.487000,0.000000
4.487333,0.000000
4.487667,0.000000
4.488000,0.000000
4.488333,0.000000
4.488667,0.000000
4.489000,0.000000
4.489333,0.000000
4.489667,0.000000
4.490000,0.000000
4.490333,0.000000
4.490667,0.000000
4.491000,0.000000
4.491333,0.000000
4.491667,0.000000
4.492000,0.000000
4.492333,0.000000
4.492667,0.000000
4.493000,0.000000
4.493333,0.000000
4.493667,0.000000
4.494000,0.000000
4.494333,0.000000
4.494667,0.000000
4.495000,0.000000
4.495333,0.000000
4.495667,0.000000
4.496000,0.000000
4.496333,0.000000
4.496667,0.000000
4.497000,0.000000
4.497333,0.000000
4.497667,0.000000
4.498000,0.000000
4.498333,0.000000
4.498667,0.000000
4.499000,0.000000
4.499333,0.000000
4.499667,0.000000
4.500000,-0.000000
4.500333,-0.000000
4.500667,-0.000000
4.501000,-0.000000
4.501333,-0.000000
4.501667,-0.000000
4.502000,-0.000000
4.502333,-0.000000
4.502667,-0.000000
4.503000,-0.000000
4.503333,-0.000000
4.503667,-0.000000
4.504000,-0.000000
4.504333,-0.000000
4.504667,-0.000000
4.505000,-0.000000
4.505333,-0.000000
4.505667,-0.000000
4.506000,-0.000000
4.506333,-0.000000
4.506667,-0.000000
4.507000,-0.000000
4.507333,-0.000000
4.507667,-0.000000
4.508000,-0.000000
4.508333,-0.000000
4.508667,-0.000000
4.509000,-0.000000
4.509333,-0.000000
4.509667,-0.000000
4.510000,-0.000000
4.510333,-0.000000
4.510667,-0.000000
4.511000,-0.000000
4.511333,-0.000000
4.511667,-0.000000
4.512000,-0.000000
4.512333,-0.000000
4.512667,-0.000000
4.513000,-0.000000
4.513333,-0.000000
4.513667,-0.000000
4.514000,-0.000000
4.514333,-0.000000
4.514667,-0.000000
4.515000,-0.000000
4.515333,-0.000000
4.515667,-0.000000
4.516000,-0.000000
4.516333,-0.000000
4.516667,0.000000
4.517000,0.000000
4.517333,0.000000
4.517667,0.000000
4.518000,0.000000
4.518333,0.000000
4.518667,0.000000
4.519000,0.000000
4.519333,0.000000
4.519667,0.000000
4.520000,0.000000
4.520333,0.000000
4.520667,0.000000
4.521000,0.000000
4.521333,0.000000
4.521667,0.000000
4.522000,0.000000
4.522333,0.000000
4.522667,0.000000
4.523000,0.000000
4.523333,0.000000
4.523667,0.000000
4.524000,0.000000
4.524333,0.000000
4.524667,0.000000
4.525000,0.000000
4.525333,0.000000
4.525667,0.000000
4.526000,0.000000
4.526333,0.000000
4.526667,0.000000
4.527000,0.000000
4.527333,0.000000
4.527667,0.000000
4.528000,0.000000
4.528333,0.000000
4.528667,0.000000
4.529000,0.000000
4.529333,0.000000
4.529667,0.000000
4.530000,0.000000
4.530333,0.000000
4.530667,0.000000
4.531000,0.000000
4.531333,0.000000
4.531667,0.000000
4.532000,0.000000
4.532333,0.000000
4.532667,0.000000
4.533000,0.000000
4.533333,-0.000000
4.533667,-0.000000
4.534000,-0.000000
4.534333,-0.000000
4.534667,-0.000000
4.535000,-0.000000
4.535333,-0.000000
4.535667,-0.000000
4.536000,-0.000000
4.536333,-0.000000
4.536667,-0.000000
4.537000,-0.000000
4.537333,-0.000000
4.537667,-0.000000
4.538000,-0.000000
4.538333,-0.000000
4.538667,-0.000000
4.539000,-0.000000
4.539333,-0.000000
4.539667,-0.000000
4.540000,-0.000000
4.540333,-0.000000
4.540667,-0.000000
4.541000,-0.000000
4.541333,-0.000000
4.541667,-0.000000
4.542000,-0.000000
4.542333,-0.000000
4.542667,-0.000000
4.543000,-0.000000
4.543333,-0.000000
4.543667,-0.000000
4.544000,-0.000000
4.544333,-0.000000
4.544667,-0.000000
4.545000,-0.000000
4.545333,-0.000000
4.545667,-0.000000
4.546000,-0.000000
4.546333,-0.000000
4.546667,-0.000000
4.547000,0.003105
4.547333,0.006129
4.547667,0.009062
4.548000,0.011894
4.548333,0.014616
4.548667,0.017219
4.549000,0.019696
4.549333,0.022039
4.549667,0.024242
4.550000,0.026299
4.550333,0.028204
4.550667,0.029955
4.551000,0.031546
4.551333,0.032976
4.551667,0.034241
4.552000,0.035341
4.552333,0.036274
4.552667,0.037040
4.553000,0.037641
4.553333,0.038077
4.553667,0.038351
4.554000,0.038463
4.554333,0.038419
4.554667,0.038221
4.555000,0.037873
4.555333,0.037381
4.555667,0.036749
4.556000,0.035983
4.556333,0.035089
4.556667,0.034073
4.557000,0.032943
4.557333,0.031704
4.557667,0.030366
4.558000,0.028934
4.558333,0.027418
4.558667,0.025825
4.559000,0.024162
4.559333,0.022439
4.559667,0.020664
4.560000,0.018844
4.560333,0.016988
4.560667,0.015105
4.561000,0.013203
4.561333,0.011289
4.561667,0.009371
4.562000,0.007459
4.562333,0.005558
4.562667,0.003676
4.563000,0.001821
4.563333,0.000000
4.563667,-0.001781
4.564000,-0.003516
4.564333,-0.005199
4.564667,-0.006824
4.565000,-0.008386
4.565333,-0.009880
4.565667,-0.011301
4.566000,-0.012645
4.566333,-0.013909
4.566667,-0.015089
4.567000,-0.016182
4.567333,-0.017187
4.567667,-0.018100
4.568000,-0.018920
4.568333,-0.019646
4.568667,-0.020277
4.569000,-0.020812
4.569333,-0.021252
4.569667,-0.021597
4.570000,-0.021847
4.570333,-0.022004
4.570667,-0.022069
4.571000,-0.022043
4.571333,-0.021929
4.571667,-0.021730
4.572000,-0.021447
4.572333,-0.021085
4.572667,-0.020645
4.573000,-0.020132
4.573333,-0.019550
4.573667,-0.018901
4.574000,-0.018191
4.574333,-0.017422
4.574667,-0.016601
4.575000,-0.015731
4.575333,-0.014817
4.575667,-0.013863
4.576000,-0.012874
4.576333,-0.011856
4.576667,-0.010812
4.577000,-0.009747
4.577333,-0.008667
4.577667,-0.007575
4.578000,-0.006477
4.578333,-0.005377
4.578667,-0.004279
4.579000,-0.003189
4.579333,-0.002109
4.579667,-0.001045
4.580000,-0.000000
4.580333,0.001022
4.580667,0.002018
4.581000,0.002983
4.581333,0.003915
4.581667,0.004811
4.582000,0.005668
4.582333,0.006484
4.582667,0.007255
4.583000,0.007980
4.583333,0.008657
4.583667,0.009285
4.584000,0.009861
4.584333,0.010385
4.584667,0.010855
4.585000,0.011272
4.585333,0.011634
4.585667,0.011941
4.586000,0.012193
4.586333,0.012391
4.586667,0.012535
4.587000,0.012625
4.587333,0.012662
4.587667,0.012647
4.588000,0.012582
4.588333,0.012468
4.588667,0.012306
4.589000,0.012097
4.589333,0.011845
4.589667,0.011551
4.590000,0.011217
4.590333,0.010844
4.590667,0.010437
4.591000,0.009996
4.591333,0.009525
4.591667,0.009026
4.592000,0.008501
4.592333,0.007954
4.592667,0.007387
4.593000,0.006802
4.593333,0.006203
4.593667,0.005592
4.594000,0.004973
4.594333,0.004346
4.594667,0.003716
4.595000,0.003085
4.595333,0.002455
4.595667,0.001830
4.596000,0.001210
4.596333,0.000600
4.596667,0.000000
4.597000,-0.000586
4.597333,-0.001158
4.597667,-0.001712
4.598000,-0.002246
4.598333,-0.002761
4.598667,-0.003252
4.599000,-0.003720
4.599333,-0.004163
4.599667,-0.004579
4.600000,-0.004967
4.600333,-0.005327
4.600667,-0.005658
4.601000,-0.005958
4.601333,-0.006228
4.601667,-0.006467
4.602000,-0.006675
4.602333,-0.006851
4.602667,-0.006996
4.603000,-0.007110
4.603333,-0.007192
4.603667,-0.007243
4.604000,-0.007265
4.604333,-0.007256
4.604667,-0.007219
4.605000,-0.007153
4.605333,-0.007060
4.605667,-0.006941
4.606000,-0.006796
4.606333,-0.006627
4.606667,-0.006436
4.607000,-0.006222
4.607333,-0.005988
4.607667,-0.005735
4.608000,-0.005465
4.608333,-0.005179
4.608667,-0.004878
4.609000,-0.004564
4.609333,-0.004238
4.609667,-0.003903
4.610000,-0.003559
4.610333,-0.003209
4.610667,-0.002853
4.611000,-0.002494
4.611333,-0.002132
4.611667,-0.001770
4.612000,-0.001409
4.612333,-0.001050
4.612667,-0.000694
4.613000,-0.000344
4.613333,-0.000000
4.613667,0.000336
4.614000,0.000664
4.614333,0.000982
4.614667,0.001289
4.615000,0.001584
4.615333,0.001866
4.615667,0.002134
4.616000,0.002388
4.616333,0.002627
4.616667,0.002850
4.617000,0.003056
4.617333,0.003246
4.617667,0.003419
4.618000,0.003574
4.618333,0.003711
4.618667,0.003830
4.619000,0.003931
4.619333,0.004014
4.619667,0.004079
4.620000,0.004126
4.620333,0.004156
4.620667,0.004168
4.621000,0.004163
4.621333,0.004142
4.621667,0.004104
4.622000,0.004051
4.622333,0.003982
4.622667,0.003899
4.623000,0.003802
4.623333,0.003692
4.623667,0.003570
4.624000,0.003436
4.624333,0.003291
4.624667,0.003136
4.625000,0.002971
4.625333,0.002799
4.625667,0.002618
4.626000,0.002432
4.626333,0.002239
4.626667,0.002042
4.627000,0.001841
4.627333,0.001637
4.627667,0.001431
4.628000,0.001223
4.628333,0.001016
4.628667,0.000808
4.629000,0.000602
4.629333,0.000398
4.629667,0.000197
4.630000,0.000000
4.630333,-0.000193
4.630667,-0.000381
4.631000,-0.000563
4.631333,-0.000740
4.631667,-0.000909
4.632000,-0.001071
4.632333,-0.001225
4.632667,-0.001370
4.633000,-0.001507
4.633333,-0.001635
4.633667,-0.001754
4.634000,-0.001862
4.634333,-0.001961
4.634667,-0.002050
4.635000,-0.002129
4.635333,-0.002197
4.635667,-0.002255
4.636000,-0.002303
4.636333,-0.002340
4.636667,-0.002368
4.637000,-0.002385
4.637333,-0.002392
4.637667,-0.002389
4.638000,-0.002376
4.638333,-0.002355
4.638667,-0.002324
4.639000,-0.002285
4.639333,-0.002237
4.639667,-0.002182
4.640000,-0.002119
4.640333,-0.002048
4.640667,-0.001971
4.641000,-0.001888
4.641333,-0.001799
4.641667,-0.001705
4.642000,-0.001606
4.642333,-0.001502
4.642667,-0.001395
4.643000,-0.001285
4.643333,-0.001172
4.643667,-0.001056
4.644000,-0.000939
4.644333,-0.000821
4.644667,-0.000702
4.645000,-0.000583
4.645333,-0.000464
4.645667,-0.000346
4.646000,-0.000229
4.646333,-0.000113
4.646667,-0.000000
4.647000,0.000111
4.647333,0.000219
4.647667,0.000323
4.648000,0.000424
4.648333,0.000521
4.648667,0.000614
4.649000,0.000703
4.649333,0.000786
4.649667,0.000865
4.650000,0.000938
4.650333,0.001006
4.650667,0.001069
4.651000,0.001125
4.651333,0.001176
4.651667,0.001222
4.652000,0.001261
4.652333,0.001294
4.652667,0.001321
4.653000,0.001343
4.653333,0.001358
4.653667,0.001368
4.654000,0.001372
4.654333,0.001371
4.654667,0.001363
4.655000,0.001351
4.655333,0.001334
4.655667,0.001311
4.656000,0.001284
4.656333,0.001252
4.656667,0.001216
4.657000,0.001175
4.657333,0.001131
4.657667,0.001083
4.658000,0.001032
4.658333,0.000978
4.658667,0.000921
4.659000,0.000862
4.659333,0.000800
4.659667,0.000737
4.660000,0.000672
4.660333,0.000606
4.660667,0.000539
4.661000,0.000471
4.661333,0.000403
4.661667,0.000334
4.662000,0.000266
4.662333,0.000198
4.662667,0.000131
4.663000,0.000065
4.663333,0.000000
4.663667,-0.000064
4.664000,-0.000125
4.664333,-0.000185
4.664667,-0.000243
4.665000,-0.000299
4.665333,-0.000352
4.665667,-0.000403
4.666000,-0.000451
4.666333,-0.000496
4.666667,-0.000538
4.667000,-0.000577
4.667333,-0.000613
4.667667,-0.000646
4.668000,-0.000675
4.668333,-0.000701
4.668667,-0.000723
4.669000,-0.000742
4.669333,-0.000758
4.669667,-0.000770
4.670000,-0.000779
4.670333,-0.000785
4.670667,-0.000787
4.671000,-0.000786
4.671333,-0.000782
4.671667,-0.000775
4.672000,-0.000765
4.672333,-0.000752
4.672667,-0.000736
4.673000,-0.000718
4.673333,-0.000697
4.673667,-0.000674
4.674000,-0.000649
4.674333,-0.000622
4.674667,-0.000592
4.675000,-0.000561
4.675333,-0.000529
4.675667,-0.000495
4.676000,-0.000459
4.676333,-0.000423
4.676667,-0.000386
4.677000,-0.000348
4.677333,-0.000309
4.677667,-0.000270
4.678000,-0.000231
4.678333,-0.000192
4.678667,-0.000153
4.679000,-0.000114
4.679333,-0.000075
4.679667,-0.000037
4.680000,-0.000000
4.680333,0.000036
4.680667,0.000072
4.681000,0.000106
4.681333,0.000140
4.681667,0.000172
4.682000,0.000202
4.682333,0.000231
4.682667,0.000259
4.683000,0.000285
4.683333,0.000309
4.683667,0.000331
4.684000,0.000352
4.684333,0.000370
4.684667,0.000387
4.685000,0.000402
4.685333,0.000415
4.685667,0.000426
4.686000,0.000435
4.686333,0.000442
4.686667,0.000447
4.687000,0.000450
4.687333,0.000452
4.687667,0.000451
4.688000,0.000449
4.688333,0.000445
4.688667,0.000439
4.689000,0.000432
4.689333,0.000423
4.689667,0.000412
4.690000,0.000400
4.690333,0.000387
4.690667,0.000372
4.691000,0.000357
4.691333,0.000340
4.691667,0.000322
4.692000,0.000303
4.692333,0.000284
4.692667,0.000264
4.693000,0.000243
4.693333,0.000221
4.693667,0.000200
4.694000,0.000177
4.694333,0.000155
4.694667,0.000133
4.695000,0.000110
4.695333,0.000088
4.695667,0.000065
4.696000,0.000043
4.696333,0.000021
4.696667,0.000000
4.697000,-0.000021
4.697333,-0.000041
4.697667,-0.000061
4.698000,-0.000080
4.698333,-0.000098
4.698667,-0.000116
4.699000,-0.000133
4.699333,-0.000148
4.699667,-0.000163
4.700000,-0.000177
4.700333,-0.000190
4.700667,-0.000202
4.701000,-0.000213
4.701333,-0.000222
4.701667,-0.000231
4.702000,-0.000238
4.702333,-0.000244
4.702667,-0.000250
4.703000,-0.000254
4.703333,-0.000257
4.703667,-0.000258
4.704000,-0.000259
4.704333,-0.000259
4.704667,-0.000258
4.705000,-0.000255
4.705333,-0.000252
4.705667,-0.000248
4.706000,-0.000242
4.706333,-0.000236
4.706667,-0.000230
4.707000,-0.000222
4.707333,-0.000214
4.707667,-0.000205
4.708000,-0.000195
4.708333,-0.000185
4.708667,-0.000174
4.709000,-0.000163
4.709333,-0.000151
4.709667,-0.000139
4.710000,-0.000127
4.710333,-0.000114
4.710667,-0.000102
4.711000,-0.000089
4.711333,-0.000076
4.711667,-0.000063
4.712000,-0.000050
4.712333,-0.000037
4.712667,-0.000025
4.713000,-0.000012
4.713333,-0.000000
4.713667,0.000012
4.714000,0.000024
4.714333,0.000035
4.714667,0.000046
4.715000,0.000057
4.715333,0.000067
4.715667,0.000076
4.716000,0.000085
4.716333,0.000094
4.716667,0.000102
4.717000,0.000109
4.717333,0.000116
4.717667,0.000122
4.718000,0.000127
4.718333,0.000132
4.718667,0.000137
4.719000,0.000140
4.719333,0.000143
4.719667,0.000146
4.720000,0.000147
4.720333,0.000148
4.720667,0.000149
4.721000,0.000149
4.721333,0.000148
4.721667,0.000146
4.722000,0.000145
4.722333,0.000142
4.722667,0.000139
4.723000,0.000136
4.723333,0.000132
4.723667,0.000127
4.724000,0.000123
4.724333,0.000117
4.724667,0.000112
4.725000,0.000106
4.725333,0.000100
4.725667,0.000093
4.726000,0.000087
4.726333,0.000080
4.726667,0.000073
4.727000,0.000066
4.727333,0.000058
4.727667,0.000051
4.728000,0.000044
4.728333,0.000036
4.728667,0.000029
4.729000,0.000021
4.729333,0.000014
4.729667,0.000007
4.730000,0.000000
4.730333,-0.000007
4.730667,-0.000014
4.731000,-0.000020
4.731333,-0.000026
4.731667,-0.000032
4.732000,-0.000038
4.732333,-0.000044
4.732667,-0.000049
4.733000,-0.000054
4.733333,-0.000058
4.733667,-0.000063
4.734000,-0.000066
4.734333,-0.000070
4.734667,-0.000073
4.735000,-0.000076
4.735333,-0.000078
4.735667,-0.000080
4.736000,-0.000082
4.736333,-0.000083
4.736667,-0.000084
4.737000,-0.000085
4.737333,-0.000085
4.737667,-0.000085
4.738000,-0.000085
4.738333,-0.000084
4.738667,-0.000083
4.739000,-0.000082
4.739333,-0.000080
4.739667,-0.000078
4.740000,-0.000076
4.740333,-0.000073
4.740667,-0.000070
4.741000,-0.000067
4.741333,-0.000064
4.741667,-0.000061
4.742000,-0.000057
4.742333,-0.000054
4.742667,-0.000050
4.743000,-0.000046
4.743333,-0.000042
4.743667,-0.000038
4.744000,-0.000034
4.744333,-0.000029
4.744667,-0.000025
4.745000,-0.000021
4.745333,-0.000017
4.745667,-0.000012
4.746000,-0.000008
4.746333,-0.000004
4.746667,-0.000000
4.747000,0.000004
4.747333,0.000008
4.747667,0.000012
4.748000,0.000015
4.748333,0.000019
4.748667,0.000022
4.749000,0.000025
4.749333,0.000028
4.749667,0.000031
4.750000,0.000033
4.750333,0.000036
4.750667,0.000038
4.751000,0.000040
4.751333,0.000042
4.751667,0.000044
4.752000,0.000045
4.752333,0.000046
4.752667,0.000047
4.753000,0.000048
4.753333,0.000048
4.753667,0.000049
4.754000,0.000049
4.754333,0.000049
4.754667,0.000049
4.755000,0.000048
4.755333,0.000048
4.755667,0.000047
4.756000,0.000046
4.756333,0.000045
4.756667,0.000043
4.757000,0.000042
4.757333,0.000040
4.757667,0.000039
4.758000,0.000037
4.758333,0.000035
4.758667,0.000033
4.759000,0.000031
4.759333,0.000029
4.759667,0.000026
4.760000,0.000024
4.760333,0.000022
4.760667,0.000019
4.761000,0.000017
4.761333,0.000014
4.761667,0.000012
4.762000,0.000009
4.762333,0.000007
4.762667,0.000005
4.763000,0.000002
4.763333,0.000000
4.763667,-0.000002
4.764000,-0.000004
4.764333,-0.000007
4.764667,-0.000009
4.765000,-0.000011
4.765333,-0.000013
4.765667,-0.000014
4.766000,-0.000016
4.766333,-0.000018
4.766667,-0.000019
4.767000,-0.000021
4.767333,-0.000022
4.767667,-0.000023
4.768000,-0.000024
4.768333,-0.000025
4.768667,-0.000026
4.769000,-0.000026
4.769333,-0.000027
4.769667,-0.000027
4.770000,-0.000028
4.770333,-0.000028
4.770667,-0.000028
4.771000,-0.000028
4.771333,-0.000028
4.771667,-0.000028
4.772000,-0.000027
4.772333,-0.000027
4.772667,-0.000026
4.773000,-0.000026
4.773333,-0.000025
4.773667,-0.000024
4.774000,-0.000023
4.774333,-0.000022
4.774667,-0.000021
4.775000,-0.000020
4.775333,-0.000019
4.775667,-0.000018
4.776000,-0.000016
4.776333,-0.000015
4.776667,-0.000014
4.777000,-0.000012
4.777333,-0.000011
4.777667,-0.000010
4.778000,-0.000008
4.778333,-0.000007
4.778667,-0.000005
4.779000,-0.000004
4.779333,-0.000003
4.779667,-0.000001
4.780000,-0.000000
4.780333,0.000001
4.780667,0.000003
4.781000,0.000004
4.781333,0.000005
4.781667,0.000006
4.782000,0.000007
4.782333,0.000008
4.782667,0.000009
4.783000,0.000010
4.783333,0.000011
4.783667,0.000012
4.784000,0.000013
4.784333,0.000013
4.784667,0.000014
4.785000,0.000014
4.785333,0.000015
4.785667,0.000015
4.786000,0.000016
4.786333,0.000016
4.786667,0.000016
4.787000,0.000016
4.787333,0.000016
4.787667,0.000016
4.788000,0.000016
4.788333,0.000016
4.788667,0.000016
4.789000,0.000015
4.789333,0.000015
4.789667,0.000015
4.790000,0.000014
4.790333,0.000014
4.790667,0.000013
4.791000,0.000013
4.791333,0.000012
4.791667,0.000011
4.792000,0.000011
4.792333,0.000010
4.792667,0.000009
4.793000,0.000009
4.793333,0.000008
4.793667,0.000007
4.794000,0.000006
4.794333,0.000006
4.794667,0.000005
4.795000,0.000004
4.795333,0.000003
4.795667,0.000002
4.796000,0.000002
4.796333,0.000001
4.796667,0.000000
4.797000,-0.000001
4.797333,-0.000001
4.797667,-0.000002
4.798000,-0.000003
4.798333,-0.000004
4.798667,-0.000004
4.799000,-0.000005
4.799333,-0.000005
4.799667,-0.000006
4.800000,-0.000006
4.800333,-0.000007
4.800667,-0.000007
4.801000,-0.000008
4.801333,-0.000008
4.801667,-0.000008
4.802000,-0.000008
4.802333,-0.000009
4.802667,-0.000009
4.803000,-0.000009
4.803333,-0.000009
4.803667,-0.000009
4.804000,-0.000009
4.804333,-0.000009
4.804667,-0.000009
4.805000,-0.000009
4.805333,-0.000009
4.805667,-0.000009
4.806000,-0.000009
4.806333,-0.000008
4.806667,-0.000008
4.807000,-0.000008
4.807333,-0.000008
4.807667,-0.000007
4.808000,-0.000007
4.808333,-0.000007
4.808667,-0.000006
4.809000,-0.000006
4.809333,-0.000005
4.809667,-0.000005
4.810000,-0.000005
4.810333,-0.000004
4.810667,-0.000004
4.811000,-0.000003
4.811333,-0.000003
4.811667,-0.000002
4.812000,-0.000002
4.812333,-0.000001
4.812667,-0.000001
4.813000,-0.000000
4.813333,-0.000000
4.813667,0.000000
4.814000,0.000001
4.814333,0.000001
4.814667,0.000002
4.815000,0.000002
4.815333,0.000002
4.815667,0.000003
4.816000,0.000003
4.816333,0.000003
4.816667,0.000004
4.817000,0.001246
4.817333,0.002456
4.817667,0.003629
4.818000,0.004762
4.818333,0.005851
4.818667,0.006893
4.819000,0.007883
4.819333,0.008821
4.819667,0.009702
4.820000,0.010525
4.820333,0.011287
4.820667,0.011987
4.821000,0.012624
4.821333,0.013196
4.821667,0.013702
4.822000,0.014141
4.822333,0.014515
4.822667,0.014821
4.823000,0.015061
4.823333,0.015236
4.823667,0.015345
4.824000,0.015390
4.824333,0.015372
4.824667,0.015292
4.825000,0.015153
4.825333,0.014956
4.825667,0.014703
4.826000,0.014396
4.826333,0.014038
4.826667,0.013632
4.827000,0.013179
4.827333,0.012684
4.827667,0.012148
4.828000,0.011575
4.828333,0.010968
4.828667,0.010331
4.829000,0.009666
4.829333,0.008976
4.829667,0.008266
4.830000,0.007538
4.830333,0.006795
4.830667,0.006042
4.831000,0.005280
4.831333,0.004515
4.831667,0.003747
4.832000,0.002982
4.832333,0.002222
4.832667,0.001469
4.833000,0.000727
4.833333,-0.000002
4.833667,-0.000715
4.834000,-0.001409
4.834333,-0.002082
4.834667,-0.002732
4.835000,-0.003357
4.835333,-0.003955
4.835667,-0.004523
4.836000,-0.005061
4.836333,-0.005567
4.836667,-0.006039
4.837000,-0.006476
4.837333,-0.006878
4.837667,-0.007243
4.838000,-0.007571
4.838333,-0.007861
4.838667,-0.008114
4.839000,-0.008328
4.839333,-0.008504
4.839667,-0.008641
4.840000,-0.008741
4.840333,-0.008804
4.840667,-0.008830
4.841000,-0.008820
4.841333,-0.008774
4.841667,-0.008694
4.842000,-0.008581
4.842333,-0.008436
4.842667,-0.008260
4.843000,-0.008055
4.843333,-0.007821
4.843667,-0.007562
4.844000,-0.007277
4.844333,-0.006970
4.844667,-0.006641
4.845000,-0.006293
4.845333,-0.005927
4.845667,-0.005546
4.846000,-0.005150
4.846333,-0.004742
4.846667,-0.004325
4.847000,-0.003899
4.847333,-0.003466
4.847667,-0.003030
4.848000,-0.002590
4.848333,-0.002150
4.848667,-0.001711
4.849000,-0.001275
4.849333,-0.000843
4.849667,-0.000417
4.850000,0.000001
4.850333,0.000410
4.850667,0.000808
4.851000,0.001195
4.851333,0.001568
4.851667,0.001926
4.852000,0.002269
4.852333,0.002595
4.852667,0.002904
4.853000,0.003194
4.853333,0.003465
4.853667,0.003716
4.854000,0.003946
4.854333,0.004156
4.854667,0.004344
4.855000,0.004510
4.855333,0.004655
4.855667,0.004778
4.856000,0.004879
4.856333,0.004958
4.856667,0.005015
4.857000,0.005051
4.857333,0.005066
4.857667,0.005060
4.858000,0.005034
4.858333,0.004988
4.858667,0.004923
4.859000,0.004840
4.859333,0.004739
4.859667,0.004621
4.860000,0.004488
4.860333,0.004339
4.860667,0.004175
4.861000,0.003999
4.861333,0.003811
4.861667,0.003611
4.862000,0.003401
4.862333,0.003182
4.862667,0.002955
4.863000,0.002721
4.863333,0.002481
4.863667,0.002237
4.864000,0.001989
4.864333,0.001738
4.864667,0.001486
4.865000,0.001234
4.865333,0.000982
4.865667,0.000731
4.866000,0.000484
4.866333,0.000239
4.866667,-0.000001
4.867000,-0.000235
4.867333,-0.000464
4.867667,-0.000685
4.868000,-0.000899
4.868333,-0.001105
4.868667,-0.001302
4.869000,-0.001489
4.869333,-0.001666
4.869667,-0.001832
4.870000,-0.001988
4.870333,-0.002132
4.870667,-0.002264
4.871000,-0.002384
4.871333,-0.002492
4.871667,-0.002588
4.872000,-0.002671
4.872333,-0.002741
4.872667,-0.002799
4.873000,-0.002845
4.873333,-0.002878
4.873667,-0.002898
4.874000,-0.002907
4.874333,-0.002903
4.874667,-0.002888
4.875000,-0.002862
4.875333,-0.002825
4.875667,-0.002777
4.876000,-0.002719
4.876333,-0.002651
4.876667,-0.002575
4.877000,-0.002489
4.877333,-0.002396
4.877667,-0.002294
4.878000,-0.002186
4.878333,-0.002072
4.878667,-0.001951
4.879000,-0.001826
4.879333,-0.001695
4.879667,-0.001561
4.880000,-0.001424
4.880333,-0.001283
4.880667,-0.001141
4.881000,-0.000997
4.881333,-0.000853
4.881667,-0.000708
4.882000,-0.000563
4.882333,-0.000420
4.882667,-0.000277
4.883000,-0.000137
4.883333,0.000000
4.883667,0.000135
4.884000,0.000266
4.884333,0.000393
4.884667,0.000516
4.885000,0.000634
4.885333,0.000747
4.885667,0.000854
4.886000,0.000956
4.886333,0.001051
4.886667,0.001141
4.887000,0.001223
4.887333,0.001299
4.887667,0.001368
4.888000,0.001430
4.888333,0.001485
4.888667,0.001532
4.889000,0.001573
4.889333,0.001606
4.889667,0.001632
4.890000,0.001651
4.890333,0.001663
4.890667,0.001668
4.891000,0.001666
4.891333,0.001657
4.891667,0.001642
4.892000,0.001621
4.892333,0.001593
4.892667,0.001560
4.893000,0.001521
4.893333,0.001477
4.893667,0.001428
4.894000,0.001375
4.894333,0.001316
4.894667,0.001254
4.895000,0.001189
4.895333,0.001120
4.895667,0.001047
4.896000,0.000973
4.896333,0.000896
4.896667,0.000817
4.897000,0.000736
4.897333,0.000655
4.897667,0.000572
4.898000,0.000489
4.898333,0.000406
4.898667,0.000323
4.899000,0.000241
4.899333,0.000159
4.899667,0.000079
4.900000,-0.000000
4.900333,-0.000077
4.900667,-0.000153
4.901000,-0.000226
4.901333,-0.000296
4.901667,-0.000364
4.902000,-0.000429
4.902333,-0.000490
4.902667,-0.000548
4.903000,-0.000603
4.903333,-0.000654
4.903667,-0.000702
4.904000,-0.000745
4.904333,-0.000785
4.904667,-0.000820
4.905000,-0.000852
4.905333,-0.000879
4.905667,-0.000902
4.906000,-0.000922
4.906333,-0.000936
4.906667,-0.000947
4.907000,-0.000954
4.907333,-0.000957
4.907667,-0.000956
4.908000,-0.000951
4.908333,-0.000942
4.908667,-0.000930
4.909000,-0.000914
4.909333,-0.000895
4.909667,-0.000873
4.910000,-0.000848
4.910333,-0.000819
4.910667,-0.000789
4.911000,-0.000755
4.911333,-0.000720
4.911667,-0.000682
4.912000,-0.000642
4.912333,-0.000601
4.912667,-0.000558
4.913000,-0.000514
4.913333,-0.000469
4.913667,-0.000422
4.914000,-0.000376
4.914333,-0.000328
4.914667,-0.000281
4.915000,-0.000233
4.915333,-0.000185
4.915667,-0.000138
4.916000,-0.000091
4.916333,-0.000045
4.916667,0.000000
4.917000,0.000044
4.917333,0.000088
4.917667,0.000129
4.918000,0.000170
4.918333,0.000209
4.918667,0.000246
4.919000,0.000281
4.919333,0.000315
4.919667,0.000346
4.920000,0.000375
4.920333,0.000403
4.920667,0.000428
4.921000,0.000450
4.921333,0.000471
4.921667,0.000489
4.922000,0.000504
4.922333,0.000518
4.922667,0.000529
4.923000,0.000537
4.923333,0.000544
4.923667,0.000547
4.924000,0.000549
4.924333,0.000548
4.924667,0.000546
4.925000,0.000541
4.925333,0.000534
4.925667,0.000525
4.926000,0.000514
4.926333,0.000501
4.926667,0.000486
4.927000,0.000470
4.927333,0.000452
4.927667,0.000433
4.928000,0.000413
4.928333,0.000391
4.928667,0.000369
4.929000,0.000345
4.929333,0.000320
4.929667,0.000295
4.930000,0.000269
4.930333,0.000242
4.930667,0.000216
4.931000,0.000188
4.931333,0.000161
4.931667,0.000134
4.932000,0.000106
4.932333,0.000079
4.932667,0.000052
4.933000,0.000026
4.933333,-0.000000
4.933667,-0.000025
4.934000,-0.000050
4.934333,-0.000074
4.934667,-0.000097
4.935000,-0.000120
4.935333,-0.000141
4.935667,-0.000161
4.936000,-0.000181
4.936333,-0.000199
4.936667,-0.000215
4.937000,-0.000231
4.937333,-0.000245
4.937667,-0.000258
4.938000,-0.000270
4.938333,-0.000280
4.938667,-0.000289
4.939000,-0.000297
4.939333,-0.000303
4.939667,-0.000308
4.940000,-0.000312
4.940333,-0.000314
4.940667,-0.000315
4.941000,-0.000315
4.941333,-0.000313
4.941667,-0.000310
4.942000,-0.000306
4.942333,-0.000301
4.942667,-0.000295
4.943000,-0.000287
4.943333,-0.000279
4.943667,-0.000270
4.944000,-0.000260
4.944333,-0.000249
4.944667,-0.000237
4.945000,-0.000225
4.945333,-0.000211
4.945667,-0.000198
4.946000,-0.000184
4.946333,-0.000169
4.946667,-0.000154
4.947000,-0.000139
4.947333,-0.000124
4.947667,-0.000108
4.948000,-0.000092
4.948333,-0.000077
4.948667,-0.000061
4.949000,-0.000045
4.949333,-0.000030
4.949667,-0.000015
4.950000,0.000000
4.950333,0.000015
4.950667,0.000029
4.951000,0.000043
4.951333,0.000056
4.951667,0.000069
4.952000,0.000081
4.952333,0.000093
4.952667,0.000104
4.953000,0.000114
4.953333,0.000124
4.953667,0.000133
4.954000,0.000141
4.954333,0.000148
4.954667,0.000155
4.955000,0.000161
4.955333,0.000166
4.955667,0.000170
4.956000,0.000174
4.956333,0.000177
4.956667,0.000179
4.957000,0.000180
4.957333,0.000181
4.957667,0.000181
4.958000,0.000180
4.958333,0.000178
4.958667,0.000176
4.959000,0.000173
4.959333,0.000169
4.959667,0.000165
4.960000,0.000160
4.960333,0.000155
4.960667,0.000149
4.961000,0.000143
4.961333,0.000136
4.961667,0.000129
4.962000,0.000121
4.962333,0.000114
4.962667,0.000105
4.963000,0.000097
4.963333,0.000089
4.963667,0.000080
4.964000,0.000071
4.964333,0.000062
4.964667,0.000053
4.965000,0.000044
4.965333,0.000035
4.965667,0.000026
4.966000,0.000017
4.966333,0.000009
4.966667,-0.000000
4.967000,-0.000008
4.967333,-0.000017
4.967667,-0.000024
4.968000,-0.000032
4.968333,-0.000039
4.968667,-0.000046
4.969000,-0.000053
4.969333,-0.000059
4.969667,-0.000065
4.970000,-0.000071
4.970333,-0.000076
4.970667,-0.000081
4.971000,-0.000085
4.971333,-0.000089
4.971667,-0.000092
4.972000,-0.000095
4.972333,-0.000098
4.972667,-0.000100
4.973000,-0.000101
4.973333,-0.000103
4.973667,-0.000103
4.974000,-0.000104
4.974333,-0.000104
4.974667,-0.000103
4.975000,-0.000102
4.975333,-0.000101
4.975667,-0.000099
4.976000,-0.000097
4.976333,-0.000095
4.976667,-0.000092
4.977000,-0.000089
4.977333,-0.000085
4.977667,-0.000082
4.978000,-0.000078
4.978333,-0.000074
4.978667,-0.000070
4.979000,-0.000065
4.979333,-0.000060
4.979667,-0.000056
4.980000,-0.000051
4.980333,-0.000046
4.980667,-0.000041
4.981000,-0.000036
4.981333,-0.000030
4.981667,-0.000025
4.982000,-0.000020
4.982333,-0.000015
4.982667,-0.000010
4.983000,-0.000005
4.983333,0.000000
4.983667,0.000005
4.984000,0.000009
4.984333,0.000014
4.984667,0.000018
4.985000,0.000023
4.985333,0.000027
4.985667,0.000030
4.986000,0.000034
4.986333,0.000038
4.986667,0.000041
4.987000,0.000044
4.987333,0.000046
4.987667,0.000049
4.988000,0.000051
4.988333,0.000053
4.988667,0.000055
4.989000,0.000056
4.989333,0.000057
4.989667,0.000058
4.990000,0.000059
4.990333,0.000059
4.990667,0.000059
4.991000,0.000059
4.991333,0.000059
4.991667,0.000059
4.992000,0.000058
4.992333,0.000057
4.992667,0.000056
4.993000,0.000054
4.993333,0.000053
4.993667,0.000051
4.994000,0.000049
4.994333,0.000047
4.994667,0.000045
4.995000,0.000042
4.995333,0.000040
4.995667,0.000037
4.996000,0.000035
4.996333,0.000032
4.996667,0.000029
4.997000,0.000026
4.997333,0.000023
4.997667,0.000020
4.998000,0.000017
4.998333,0.000014
4.998667,0.000012
4.999000,0.000009
4.999333,0.000006
4.999667,0.000003
5.000000,-0.000000
5.000333,-0.000003
5.000667,-0.000005
5.001000,-0.000008
5.001333,-0.000011
5.001667,-0.000013
5.002000,-0.000015
5.002333,-0.000017
5.002667,-0.000020
5.003000,-0.000022
5.003333,-0.000023
5.003667,-0.000025
5.004000,-0.000027
5.004333,-0.000028
5.004667,-0.000029
5.005000,-0.000030
5.005333,-0.000031
5.005667,-0.000032
5.006000,-0.000033
5.006333,-0.000033
5.006667,-0.000034
5.007000,-0.000034
5.007333,-0.000034
5.007667,-0.000034
5.008000,-0.000034
5.008333,-0.000034
5.008667,-0.000033
5.009000,-0.000033
5.009333,-0.000032
5.009667,-0.000031
5.010000,-0.000030
5.010333,-0.000029
5.010667,-0.000028
5.011000,-0.000027
5.011333,-0.000026
5.011667,-0.000024
5.012000,-0.000023
5.012333,-0.000021
5.012667,-0.000020
5.013000,-0.000018
5.013333,-0.000017
5.013667,-0.000015
5.014000,-0.000013
5.014333,-0.000012
5.014667,-0.000010
5.015000,-0.000008
5.015333,-0.000007
5.015667,-0.000005
5.016000,-0.000003
5.016333,-0.000002
5.016667,0.000000
5.017000,0.000002
5.017333,0.000003
5.017667,0.000005
5.018000,0.000006
5.018333,0.000007
5.018667,0.000009
5.019000,0.000010
5.019333,0.000011
5.019667,0.000012
5.020000,0.000013
5.020333,0.000014
5.020667,0.000015
5.021000,0.000016
5.021333,0.000017
5.021667,0.000017
5.022000,0.000018
5.022333,0.000018
5.022667,0.000019
5.023000,0.000019
5.023333,0.000019
5.023667,0.000020
5.024000,0.000020
5.024333,0.000020
5.024667,0.000019
5.025000,0.000019
5.025333,0.000019
5.025667,0.000019
5.026000,0.000018
5.026333,0.000018
5.026667,0.000017
5.027000,0.000017
5.027333,0.000016
5.027667,0.000015
5.028000,0.000015
5.028333,0.000014
5.028667,0.000013
5.029000,0.000012
5.029333,0.000011
5.029667,0.000011
5.030000,0.000010
5.030333,0.000009
5.030667,0.000008
5.031000,0.000007
5.031333,0.000006
5.031667,0.000005
5.032000,0.000004
5.032333,0.000003
5.032667,0.000002
5.033000,0.000001
5.033333,-0.000000
5.033667,-0.000001
5.034000,-0.000002
5.034333,-0.000003
5.034667,-0.000003
5.035000,-0.000004
5.035333,-0.000005
5.035667,-0.000006
5.036000,-0.000006
5.036333,-0.000007
5.036667,-0.000008
5.037000,-0.000008
5.037333,-0.000009
5.037667,-0.000009
5.038000,-0.000010
5.038333,-0.000010
5.038667,-0.000010
5.039000,-0.000011
5.039333,-0.000011
5.039667,-0.000011
5.040000,-0.000011
5.040333,-0.000011
5.040667,-0.000011
5.041000,-0.000011
5.041333,-0.000011
5.041667,-0.000011
5.042000,-0.000011
5.042333,-0.000011
5.042667,-0.000011
5.043000,-0.000010
5.043333,-0.000010
5.043667,-0.000010
5.044000,-0.000009
5.044333,-0.000009
5.044667,-0.000008
5.045000,-0.000008
5.045333,-0.000008
5.045667,-0.000007
5.046000,-0.000007
5.046333,-0.000006
5.046667,-0.000006
5.047000,-0.000005
5.047333,-0.000004
5.047667,-0.000004
5.048000,-0.000003
5.048333,-0.000003
5.048667,-0.000002
5.049000,-0.000002
5.049333,-0.000001
5.049667,-0.000001
5.050000,0.000000
5.050333,0.000001
5.050667,0.000001
5.051000,0.000002
5.051333,0.000002
5.051667,0.000002
5.052000,0.000003
5.052333,0.000003
5.052667,0.000004
5.053000,0.000004
5.053333,0.000004
5.053667,0.000005
5.054000,0.000005
5.054333,0.000005
5.054667,0.000006
5.055000,0.000006
5.055333,0.000006
5.055667,0.000006
5.056000,0.000006
5.056333,0.000006
5.056667,0.000006
5.057000,0.000006
5.057333,0.000006
5.057667,0.000006
5.058000,0.000006
5.058333,0.000006
5.058667,0.000006
5.059000,0.000006
5.059333,0.000006
5.059667,0.000006
5.060000,0.000006
5.060333,0.000006
5.060667,0.000005
5.061000,0.000005
5.061333,0.000005
5.061667,0.000005
5.062000,0.000004
5.062333,0.000004
5.062667,0.000004
5.063000,0.000003
5.063333,0.000003
5.063667,0.000003
5.064000,0.000003
5.064333,0.000002
5.064667,0.000002
5.065000,0.000002
5.065333,0.000001
5.065667,0.000001
5.066000,0.000001
5.066333,0.000000
5.066667,-0.000000
5.067000,-0.000000
5.067333,-0.000001
5.067667,-0.000001
5.068000,-0.000001
5.068333,-0.000001
5.068667,-0.000002
5.069000,-0.000002
5.069333,-0.000002
5.069667,-0.000002
5.070000,-0.000003
5.070333,-0.000003
5.070667,-0.000003
5.071000,-0.000003
5.071333,-0.000003
5.071667,-0.000003
5.072000,-0.000003
5.072333,-0.000003
5.072667,-0.000004
5.073000,-0.000004
5.073333,-0.000004
5.073667,-0.000004
5.074000,-0.000004
5.074333,-0.000004
5.074667,-0.000004
5.075000,-0.000004
5.075333,-0.000004
5.075667,-0.000004
5.076000,-0.000003
5.076333,-0.000003
5.076667,-0.000003
5.077000,-0.000003
5.077333,-0.000003
5.077667,-0.000003
5.078000,-0.000003
5.078333,-0.000003
5.078667,-0.000002
5.079000,-0.000002
5.079333,-0.000002
5.079667,-0.000002
5.080000,-0.000002
5.080333,-0.000002
5.080667,-0.000001
5.081000,-0.000001
5.081333,-0.000001
5.081667,-0.000001
5.082000,-0.000001
5.082333,-0.000001
5.082667,-0.000000
5.083000,-0.000000
5.083333,0.000000
5.083667,0.000000
5.084000,0.000000
5.084333,0.000001
5.084667,0.000001
5.085000,0.000001
5.085333,0.000001
5.085667,0.000001
5.086000,0.000001
5.086333,0.000001
5.086667,0.000001
5.087000,0.000002
5.087333,0.000002
5.087667,0.000002
5.088000,0.000002
5.088333,0.000002
5.088667,0.000002
5.089000,0.000002
5.089333,0.000002
5.089667,0.000002
5.090000,0.000002
5.090333,0.000002
5.090667,0.000002
5.091000,0.000002
5.091333,0.000002
5.091667,0.000002
5.092000,0.000002
5.092333,0.000002
5.092667,0.000002
5.093000,0.000002
5.093333,0.000002
5.093667,0.000002
5.094000,0.000002
5.094333,0.000002
5.094667,0.000002
5.095000,0.000002
5.095333,0.000001
5.095667,0.000001
5.096000,0.000001
5.096333,0.000001
5.096667,0.000001
5.097000,0.000001
5.097333,0.000001
5.097667,0.000001
5.098000,0.000001
5.098333,0.000001
5.098667,0.000000
5.099000,0.000000
5.099333,0.000000
5.099667,0.000000
5.100000,-0.000000
5.100333,-0.000000
5.100667,-0.000000
5.101000,-0.000000
5.101333,-0.000000
5.101667,-0.000000
5.102000,-0.000001
5.102333,-0.000001
5.102667,-0.000001
5.103000,-0.000001
5.103333,-0.000001
5.103667,-0.000001
5.104000,-0.000001
5.104333,-0.000001
5.104667,-0.000001
5.105000,-0.000001
5.105333,-0.000001
5.105667,-0.000001
5.106000,-0.000001
5.106333,-0.000001
5.106667,-0.000001
5.107000,-0.000001
5.107333,-0.000001
5.107667,-0.000001
5.108000,-0.000001
5.108333,-0.000001
5.108667,-0.000001
5.109000,-0.000001
5.109333,-0.000001
5.109667,-0.000001
5.110000,-0.000001
5.110333,-0.000001
5.110667,-0.000001
5.111000,-0.000001
5.111333,-0.000001
5.111667,-0.000001
5.112000,-0.000001
5.112333,-0.000001
5.112667,-0.000001
5.113000,-0.000001
5.113333,-0.000001
5.113667,-0.000001
5.114000,-0.000000
5.114333,-0.000000
5.114667,-0.000000
5.115000,-0.000000
5.115333,-0.000000
5.115667,-0.000000
5.116000,-0.000000
5.116333,-0.000000
5.116667,0.000000
5.117000,0.000000
5.117333,0.000000
5.117667,0.000000
5.118000,0.000000
5.118333,0.000000
5.118667,0.000000
5.119000,0.000000
5.119333,0.000000
5.119667,0.000000
5.120000,0.000000
5.120333,0.000001
5.120667,0.000001
5.121000,0.000001
5.121333,0.000001
5.121667,0.000001
5.122000,0.000001
5.122333,0.000001
5.122667,0.000001
5.123000,0.000001
5.123333,0.000001
5.123667,0.000001
5.124000,0.000001
5.124333,0.000001
5.124667,0.000001
5.125000,0.000001
5.125333,0.000001
5.125667,0.000001
5.126000,0.000001
5.126333,0.000001
5.126667,0.000001
5.127000,0.000001
5.127333,0.000001
5.127667,0.000001
5.128000,0.000001
5.128333,0.000000
5.128667,0.000000
5.129000,0.000000
5.129333,0.000000
5.129667,0.000000
5.130000,0.000000
5.130333,0.000000
5.130667,0.000000
5.131000,0.000000
5.131333,0.000000
5.131667,0.000000
5.132000,0.000000
5.132333,0.000000
5.132667,0.000000
5.133000,0.000000
5.133333,-0.000000
5.133667,-0.000000
5.134000,-0.000000
5.134333,-0.000000
5.134667,-0.000000
5.135000,-0.000000
5.135333,-0.000000
5.135667,-0.000000
5.136000,-0.000000
5.136333,-0.000000
5.136667,-0.000000
5.137000,-0.000000
5.137333,-0.000000
5.137667,-0.000000
5.138000,-0.000000
5.138333,-0.000000
5.138667,-0.000000
5.139000,-0.000000
5.139333,-0.000000
5.139667,-0.000000
5.140000,-0.000000
5.140333,-0.000000
5.140667,-0.000000
5.141000,-0.000000
5.141333,-0.000000
5.141667,-0.000000
5.142000,-0.000000
5.142333,-0.000000
5.142667,-0.000000
5.143000,-0.000000
5.143333,-0.000000
5.143667,-0.000000
5.144000,-0.000000
5.144333,-0.000000
5.144667,-0.000000
5.145000,-0.000000
5.145333,-0.000000
5.145667,-0.000000
5.146000,-0.000000
5.146333,-0.000000
5.146667,-0.000000
5.147000,-0.000000
5.147333,-0.000000
5.147667,-0.000000
5.148000,-0.000000
5.148333,-0.000000
5.148667,-0.000000
5.149000,-0.000000
5.149333,-0.000000
5.149667,-0.000000
5.150000,0.000000
5.150333,0.000000
5.150667,0.000000
5.151000,0.000000
5.151333,0.000000
5.151667,0.000000
5.152000,0.000000
5.152333,0.000000
5.152667,0.000000
5.153000,0.000000
5.153333,0.000000
5.153667,0.000000
5.154000,0.000000
5.154333,0.000000
5.154667,0.000000
5.155000,0.000000
5.155333,0.000000
5.155667,0.000000
5.156000,0.000000
5.156333,0.000000
5.156667,0.000000
5.157000,0.000000
5.157333,0.000000
5.157667,0.000000
5.158000,0.000000
5.158333,0.000000
5.158667,0.000000
5.159000,0.000000
5.159333,0.000000
5.159667,0.000000
5.160000,0.000000
5.160333,0.000000
5.160667,0.000000
5.161000,0.000000
5.161333,0.000000
5.161667,0.000000
5.162000,0.000000
5.162333,0.000000
5.162667,0.000000
5.163000,0.000000
5.163333,0.000000
5.163667,0.000000
5.164000,0.000000
5.164333,0.000000
5.164667,0.000000
5.165000,0.000000
5.165333,0.000000
5.165667,0.000000
5.166000,0.000000
5.166333,0.000000
5.166667,-0.000000
5.167000,-0.000000
5.167333,-0.000000
5.167667,-0.000000
5.168000,-0.000000
5.168333,-0.000000
5.168667,-0.000000
5.169000,-0.000000
5.169333,-0.000000
5.169667,-0.000000
5.170000,-0.000000
5.170333,-0.000000
5.170667,-0.000000
5.171000,-0.000000
5.171333,-0.000000
5.171667,-0.000000
5.172000,-0.000000
5.172333,-0.000000
5.172667,-0.000000
5.173000,-0.000000
5.173333,-0.000000
5.173667,-0.000000
5.174000,-0.000000
5.174333,-0.000000
5.174667,-0.000000
5.175000,-0.000000
5.175333,-0.000000
5.175667,-0.000000
5.176000,-0.000000
5.176333,-0.000000
5.176667,-0.000000
5.177000,-0.000000
5.177333,-0.000000
5.177667,-0.000000
5.178000,-0.000000
5.178333,-0.000000
5.178667,-0.000000
5.179000,-0.000000
5.179333,-0.000000
5.179667,-0.000000
5.180000,-0.000000
5.180333,-0.000000
5.180667,-0.000000
5.181000,-0.000000
5.181333,-0.000000
5.181667,-0.000000
5.182000,-0.000000
5.182333,-0.000000
5.182667,-0.000000
5.183000,-0.000000
5.183333,0.000000
5.183667,0.000000
5.184000,0.000000
5.184333,0.000000
5.184667,0.000000
5.185000,0.000000
5.185333,0.000000
5.185667,0.000000
5.186000,0.000000
5.186333,0.000000
5.186667,0.000000
5.187000,0.000000
5.187333,0.000000
5.187667,0.000000
5.188000,0.000000
5.188333,0.000000
5.188667,0.000000
5.189000,0.000000
5.189333,0.000000
5.189667,0.000000
5.190000,0.000000
5.190333,0.000000
5.190667,0.000000
5.191000,0.000000
5.191333,0.000000
5.191667,0.000000
5.192000,0.000000
5.192333,0.000000
5.192667,0.000000
5.193000,0.000000
5.193333,0.000000
5.193667,0.000000
5.194000,0.000000
5.194333,0.000000
5.194667,0.000000
5.195000,0.000000
5.195333,0.000000
5.195667,0.000000
5.196000,0.000000
5.196333,0.000000
5.196667,0.000000
5.197000,0.000000
5.197333,0.000000
5.197667,0.000000
5.198000,0.000000
5.198333,0.000000
5.198667,0.000000
5.199000,0.000000
5.199333,0.000000
5.199667,0.000000
5.200000,-0.000000
5.200333,-0.000000
5.200667,-0.000000
5.201000,-0.000000
5.201333,-0.000000
5.201667,-0.000000
5.202000,-0.000000
5.202333,-0.000000
5.202667,-0.000000
5.203000,-0.000000
5.203333,-0.000000
5.203667,-0.000000
5.204000,-0.000000
5.204333,-0.000000
5.204667,-0.000000
5.205000,-0.000000
5.205333,-0.000000
5.205667,-0.000000
5.206000,-0.000000
5.206333,-0.000000
5.206667,-0.000000
5.207000,-0.000000
5.207333,-0.000000
5.207667,-0.000000
5.208000,-0.000000
5.208333,-0.000000
5.208667,-0.000000
5.209000,-0.000000
5.209333,-0.000000
5.209667,-0.000000
5.210000,-0.000000
5.210333,-0.000000
5.210667,-0.000000
5.211000,-0.000000
5.211333,-0.000000
5.211667,-0.000000
5.212000,-0.000000
5.212333,-0.000000
5.212667,-0.000000
5.213000,-0.000000
5.213333,-0.000000
5.213667,-0.000000
5.214000,-0.000000
5.214333,-0.000000
5.214667,-0.000000
5.215000,-0.000000
5.215333,-0.000000
5.215667,-0.000000
5.216000,-0.000000
5.216333,-0.000000
5.216667,0.000000
5.217000,0.000000
5.217333,0.000000
5.217667,0.000000
5.218000,0.000000
5.218333,0.000000
5.218667,0.000000
5.219000,0.000000
5.219333,0.000000
5.219667,0.000000
5.220000,0.000000
5.220333,0.000000
5.220667,0.000000
5.221000,0.000000
5.221333,0.000000
5.221667,0.000000
5.222000,0.000000
5.222333,0.000000
5.222667,0.000000
5.223000,0.000000
5.223333,0.000000
5.223667,0.000000
5.224000,0.000000
5.224333,0.000000
5.224667,0.000000
5.225000,0.000000
5.225333,0.000000
5.225667,0.000000
5.226000,0.000000
5.226333,0.000000
5.226667,0.000000
5.227000,0.000000
5.227333,0.000000
5.227667,0.000000
5.228000,0.000000
5.228333,0.000000
5.228667,0.000000
5.229000,0.000000
5.229333,0.000000
5.229667,0.000000
5.230000,0.000000
5.230333,0.000000
5.230667,0.000000
5.231000,0.000000
5.231333,0.000000
5.231667,0.000000
5.232000,0.000000
5.232333,0.000000
5.232667,0.000000
5.233000,0.000000
5.233333,-0.000000
5.233667,-0.000000
5.234000,-0.000000
5.234333,-0.000000
5.234667,-0.000000
5.235000,-0.000000
5.235333,-0.000000
5.235667,-0.000000
5.236000,-0.000000
5.236333,-0.000000
5.236667,-0.000000
5.237000,-0.000000
5.237333,-0.000000
5.237667,-0.000000
5.238000,-0.000000
5.238333,-0.000000
5.238667,-0.000000
5.239000,-0.000000
5.239333,-0.000000
5.239667,-0.000000
5.240000,-0.000000
5.240333,-0.000000
5.240667,-0.000000
5.241000,-0.000000
5.241333,-0.000000
5.241667,-0.000000
5.242000,-0.000000
5.242333,-0.000000
5.242667,-0.000000
5.243000,-0.000000
5.243333,-0.000000
5.243667,-0.000000
5.244000,-0.000000
5.244333,-0.000000
5.244667,-0.000000
5.245000,-0.000000
5.245333,-0.000000
5.245667,-0.000000
5.246000,-0.000000
5.246333,-0.000000
5.246667,-0.000000
5.247000,-0.000000
5.247333,-0.000000
5.247667,-0.000000
5.248000,-0.000000
5.248333,-0.000000
5.248667,-0.000000
5.249000,-0.000000
5.249333,-0.000000
5.249667,-0.000000
5.250000,0.000000
5.250333,0.000000
5.250667,0.000000
5.251000,0.000000
5.251333,0.000000
5.251667,0.000000
5.252000,0.000000
5.252333,0.000000
5.252667,0.000000
5.253000,0.000000
5.253333,0.000000
5.253667,0.000000
5.254000,0.000000
5.254333,0.000000
5.254667,0.000000
5.255000,0.000000
5.255333,0.000000
5.255667,0.000000
5.256000,0.000000
5.256333,0.000000
5.256667,0.000000
5.257000,0.000000
5.257333,0.000000
5.257667,0.000000
5.258000,0.000000
5.258333,0.000000
5.258667,0.000000
5.259000,0.000000
5.259333,0.000000
5.259667,0.000000
5.260000,0.000000
5.260333,0.000000
5.260667,0.000000
5.261000,0.000000
5.261333,0.000000
5.261667,0.000000
5.262000,0.000000
5.262333,0.000000
5.262667,0.000000
5.263000,0.000000
5.263333,0.000000
5.263667,0.000000
5.264000,0.000000
5.264333,0.000000
5.264667,0.000000
5.265000,0.000000
5.265333,0.000000
5.265667,0.000000
5.266000,0.000000
5.266333,0.000000
5.266667,-0.000000
5.267000,-0.000000
5.267333,-0.000000
5.267667,-0.000000
5.268000,-0.000000
5.268333,-0.000000
5.268667,-0.000000
5.269000,-0.000000
5.269333,-0.000000
5.269667,-0.000000
5.270000,-0.000000
5.270333,-0.000000
5.270667,-0.000000
5.271000,-0.000000
5.271333,-0.000000
5.271667,-0.000000
5.272000,-0.000000
5.272333,-0.000000
5.272667,-0.000000
5.273000,-0.000000
5.273333,-0.000000
5.273667,-0.000000
5.274000,-0.000000
5.274333,-0.000000
5.274667,-0.000000
5.275000,-0.000000
5.275333,-0.000000
5.275667,-0.000000
5.276000,-0.000000
5.276333,-0.000000
5.276667,-0.000000
5.277000,-0.000000
5.277333,-0.000000
5.277667,-0.000000
5.278000,-0.000000
5.278333,-0.000000
5.278667,-0.000000
5.279000,-0.000000
5.279333,-0.000000
5.279667,-0.000000
5.280000,-0.000000
5.280333,-0.000000
5.280667,-0.000000
5.281000,-0.000000
5.281333,-0.000000
5.281667,-0.000000
5.282000,-0.000000
5.282333,-0.000000
5.282667,-0.000000
5.283000,-0.000000
5.283333,0.000000
5.283667,0.000000
5.284000,0.000000
5.284333,0.000000
5.284667,0.000000
5.285000,0.000000
5.285333,0.000000
5.285667,0.000000
5.286000,0.000000
5.286333,0.000000
5.286667,0.000000
5.287000,0.000000
5.287333,0.000000
5.287667,0.000000
5.288000,0.000000
5.288333,0.000000
5.288667,0.000000
5.289000,0.000000
5.289333,0.000000
5.289667,0.000000
5.290000,0.000000
5.290333,0.000000
5.290667,0.000000
5.291000,0.000000
5.291333,0.000000
5.291667,0.000000
5.292000,0.000000
5.292333,0.000000
5.292667,0.000000
5.293000,0.000000
5.293333,0.000000
5.293667,0.000000
5.294000,0.000000
5.294333,0.000000
5.294667,0.000000
5.295000,0.000000
5.295333,0.000000
5.295667,0.000000
5.296000,0.000000
5.296333,0.000000
5.296667,0.000000
5.297000,0.000000
5.297333,0.000000
5.297667,0.000000
5.298000,0.000000
5.298333,0.000000
5.298667,0.000000
5.299000,0.000000
5.299333,0.000000
5.299667,0.000000
5.300000,-0.000000
5.300333,-0.000000
5.300667,-0.000000
5.301000,-0.000000
5.301333,-0.000000
5.301667,-0.000000
5.302000,-0.000000
5.302333,-0.000000
5.302667,-0.000000
5.303000,-0.000000
5.303333,-0.000000
5.303667,-0.000000
5.304000,-0.000000
5.304333,-0.000000
5.304667,-0.000000
5.305000,-0.000000
5.305333,-0.000000
5.305667,-0.000000
5.306000,-0.000000
5.306333,-0.000000
5.306667,-0.000000
5.307000,-0.000000
5.307333,-0.000000
5.307667,-0.000000
5.308000,-0.000000
5.308333,-0.000000
5.308667,-0.000000
5.309000,-0.000000
5.309333,-0.000000
5.309667,-0.000000
5.310000,-0.000000
5.310333,-0.000000
5.310667,-0.000000
5.311000,-0.000000
5.311333,-0.000000
5.311667,-0.000000
5.312000,-0.000000
5.312333,-0.000000
5.312667,-0.000000
5.313000,-0.000000
5.313333,-0.000000
5.313667,-0.000000
5.314000,-0.000000
5.314333,-0.000000
5.314667,-0.000000
5.315000,-0.000000
5.315333,-0.000000
5.315667,-0.000000
5.316000,-0.000000
5.316333,-0.000000
5.316667,0.000000
5.317000,0.000000
5.317333,0.000000
5.317667,0.000000
5.318000,0.000000
5.318333,0.000000
5.318667,0.000000
5.319000,0.000000
5.319333,0.000000
5.319667,0.000000
5.320000,0.000000
5.320333,0.000000
5.320667,0.000000
5.321000,0.000000
5.321333,0.000000
5.321667,0.000000
5.322000,0.000000
5.322333,0.000000
5.322667,0.000000
5.323000,0.000000
5.323333,0.000000
5.323667,0.000000
5.324000,0.000000
5.324333,0.000000
5.324667,0.000000
5.325000,0.000000
5.325333,0.000000
5.325667,0.000000
5.326000,0.000000
5.326333,0.000000
5.326667,0.000000
5.327000,0.000000
5.327333,0.000000
5.327667,0.000000
5.328000,0.000000
5.328333,0.000000
5.328667,0.000000
5.329000,0.000000
5.329333,0.000000
5.329667,0.000000
5.330000,0.000000
5.330333,0.000000
5.330667,0.000000
5.331000,0.000000
5.331333,0.000000
5.331667,0.000000
5.332000,0.000000
5.332333,0.000000
5.332667,0.000000
5.333000,0.000000
5.333333,-0.000000
5.333667,-0.000000
5.334000,-0.000000
5.334333,-0.000000
5.334667,-0.000000
5.335000,-0.000000
5.335333,-0.000000
5.335667,-0.000000
5.336000,-0.000000
5.336333,-0.000000
5.336667,-0.000000
5.337000,-0.000000
5.337333,-0.000000
5.337667,-0.000000
5.338000,-0.000000
5.338333,-0.000000
5.338667,-0.000000
5.339000,-0.000000
5.339333,-0.000000
5.339667,-0.000000
5.340000,-0.000000
5.340333,-0.000000
5.340667,-0.000000
5.341000,-0.000000
5.341333,-0.000000
5.341667,-0.000000
5.342000,-0.000000
5.342333,-0.000000
5.342667,-0.000000
5.343000,-0.000000
5.343333,-0.000000
5.343667,-0.000000
5.344000,-0.000000
5.344333,-0.000000
5.344667,-0.000000
5.345000,-0.000000
5.345333,-0.000000
5.345667,-0.000000
5.346000,-0.000000
5.346333,-0.000000
5.346667,-0.000000
5.347000,-0.000000
5.347333,-0.000000
5.347667,-0.000000
5.348000,-0.000000
5.348333,-0.000000
5.348667,-0.000000
5.349000,-0.000000
5.349333,-0.000000
5.349667,-0.000000
5.350000,0.000000
5.350333,0.000000
5.350667,0.000000
5.351000,0.000000
5.351333,0.000000
5.351667,0.000000
5.352000,0.000000
5.352333,0.000000
5.352667,0.000000
5.353000,0.000000
5.353333,0.000000
5.353667,0.000000
5.354000,0.000000
5.354333,0.000000
5.354667,0.000000
5.355000,0.000000
5.355333,0.000000
5.355667,0.000000
5.356000,0.000000
5.356333,0.000000
5.356667,0.000000
5.357000,0.000000
5.357333,0.000000
5.357667,0.000000
5.358000,0.000000
5.358333,0.000000
5.358667,0.000000
5.359000,0.000000
5.359333,0.000000
5.359667,0.000000
5.360000,0.000000
5.360333,0.000000
5.360667,0.000000
5.361000,0.000000
5.361333,0.000000
5.361667,0.000000
5.362000,0.000000
5.362333,0.000000
5.362667,0.000000
5.363000,0.000000
5.363333,0.000000
5.363667,0.000000
5.364000,0.000000
5.364333,0.000000
5.364667,0.000000
5.365000,0.000000
5.365333,0.000000
5.365667,0.000000
5.366000,0.000000
5.366333,0.000000
5.366667,-0.000000
5.367000,-0.000000
5.367333,-0.000000
5.367667,-0.000000
5.368000,-0.000000
5.368333,-0.000000
5.368667,-0.000000
5.369000,-0.000000
5.369333,-0.000000
5.369667,-0.000000
5.370000,-0.000000
5.370333,-0.000000
5.370667,-0.000000
5.371000,-0.000000
5.371333,-0.000000
5.371667,-0.000000
5.372000,-0.000000
5.372333,-0.000000
5.372667,-0.000000
5.373000,-0.000000
5.373333,-0.000000
5.373667,-0.000000
5.374000,-0.000000
5.374333,-0.000000
5.374667,-0.000000
5.375000,-0.000000
5.375333,-0.000000
5.375667,-0.000000
5.376000,-0.000000
5.376333,-0.000000
5.376667,-0.000000
5.377000,-0.000000
5.377333,-0.000000
5.377667,-0.000000
5.378000,-0.000000
5.378333,-0.000000
5.378667,-0.000000
5.379000,-0.000000
5.379333,-0.000000
5.379667,-0.000000
5.380000,-0.000000
5.380333,0.003105
5.380667,0.006129
5.381000,0.009062
5.381333,0.011894
5.381667,0.014616
5.382000,0.017219
5.382333,0.019696
5.382667,0.022039
5.383000,0.024242
5.383333,0.026299
5.383667,0.028204
5.384000,0.029955
5.384333,0.031546
5.384667,0.032976
5.385000,0.034241
5.385333,0.035341
5.385667,0.036274
5.386000,0.037040
5.386333,0.037641
5.386667,0.038077
5.387000,0.038351
5.387333,0.038463
5.387667,0.038419
5.388000,0.038221
5.388333,0.037873
5.388667,0.037381
5.389000,0.036749
5.389333,0.035983
5.389667,0.035089
5.390000,0.034073
5.390333,0.032943
5.390667,0.031704
5.391000,0.030366
5.391333,0.028934
5.391667,0.027418
5.392000,0.025825
5.392333,0.024162
5.392667,0.022439
5.393000,0.020664
5.393333,0.018844
5.393667,0.016988
5.394000,0.015105
5.394333,0.013203
5.394667,0.011289
5.395000,0.009371
5.395333,0.007459
5.395667,0.005558
5.396000,0.003676
5.396333,0.001821
5.396667,0.000000
5.397000,-0.001781
5.397333,-0.003516
5.397667,-0.005199
5.398000,-0.006824
5.398333,-0.008386
5.398667,-0.009880
5.399000,-0.011301
5.399333,-0.012645
5.399667,-0.013909
5.400000,-0.015089
5.400333,-0.016182
5.400667,-0.017187
5.401000,-0.018100
5.401333,-0.018920
5.401667,-0.019646
5.402000,-0.020277
5.402333,-0.020812
5.402667,-0.021252
5.403000,-0.021597
5.403333,-0.021847
5.403667,-0.022004
5.404000,-0.022069
5.404333,-0.022043
5.404667,-0.021929
5.405000,-0.021730
5.405333,-0.021447
5.405667,-0.021085
5.406000,-0.020645
5.406333,-0.020132
5.406667,-0.019550
5.407000,-0.018901
5.407333,-0.018191
5.407667,-0.017422
5.408000,-0.016601
5.408333,-0.015731
5.408667,-0.014817
5.409000,-0.013863
5.409333,-0.012874
5.409667,-0.011856
5.410000,-0.010812
5.410333,-0.009747
5.410667,-0.008667
5.411000,-0.007575
5.411333,-0.006477
5.411667,-0.005377
5.412000,-0.004279
5.412333,-0.003189
5.412667,-0.002109
5.413000,-0.001045
5.413333,-0.000000
5.413667,0.001022
5.414000,0.002018
5.414333,0.002983
5.414667,0.003915
5.415000,0.004811
5.415333,0.005668
5.415667,0.006484
5.416000,0.007255
5.416333,0.007980
5.416667,0.008657
5.417000,0.009285
5.417333,0.009861
5.417667,0.010385
5.418000,0.010855
5.418333,0.011272
5.418667,0.011634
5.419000,0.011941
5.419333,0.012193
5.419667,0.012391
5.420000,0.012535
5.420333,0.012625
5.420667,0.012662
5.421000,0.012647
5.421333,0.012582
5.421667,0.012468
5.422000,0.012306
5.422333,0.012097
5.422667,0.011845
5.423000,0.011551
5.423333,0.011217
5.423667,0.010844
5.424000,0.010437
5.424333,0.009996
5.424667,0.009525
5.425000,0.009026
5.425333,0.008501
5.425667,0.007954
5.426000,0.007387
5.426333,0.006802
5.426667,0.006203
5.427000,0.005592
5.427333,0.004973
5.427667,0.004346
5.428000,0.003716
5.428333,0.003085
5.428667,0.002455
5.429000,0.001830
5.429333,0.001210
5.429667,0.000600
5.430000,0.000000
5.430333,-0.000586
5.430667,-0.001158
5.431000,-0.001712
5.431333,-0.002246
5.431667,-0.002761
5.432000,-0.003252
5.432333,-0.003720
5.432667,-0.004163
5.433000,-0.004579
5.433333,-0.004967
5.433667,-0.005327
5.434000,-0.005658
5.434333,-0.005958
5.434667,-0.006228
5.435000,-0.006467
5.435333,-0.006675
5.435667,-0.006851
5.436000,-0.006996
5.436333,-0.007110
5.436667,-0.007192
5.437000,-0.007243
5.437333,-0.007265
5.437667,-0.007256
5.438000,-0.007219
5.438333,-0.007153
5.438667,-0.007060
5.439000,-0.006941
5.439333,-0.006796
5.439667,-0.006627
5.440000,-0.006436
5.440333,-0.006222
5.440667,-0.005988
5.441000,-0.005735
5.441333,-0.005465
5.441667,-0.005179
5.442000,-0.004878
5.442333,-0.004564
5.442667,-0.004238
5.443000,-0.003903
5.443333,-0.003559
5.443667,-0.003209
5.444000,-0.002853
5.444333,-0.002494
5.444667,-0.002132
5.445000,-0.001770
5.445333,-0.001409
5.445667,-0.001050
5.446000,-0.000694
5.446333,-0.000344
5.446667,-0.000000
5.447000,0.000336
5.447333,0.000664
5.447667,0.000982
5.448000,0.001289
5.448333,0.001584
5.448667,0.001866
5.449000,0.002134
5.449333,0.002388
5.449667,0.002627
5.450000,0.002850
5.450333,0.003056
5.450667,0.003246
5.451000,0.003419
5.451333,0.003574
5.451667,0.003711
5.452000,0.003830
5.452333,0.003931
5.452667,0.004014
5.453000,0.004079
5.453333,0.004126
5.453667,0.004156
5.454000,0.004168
5.454333,0.004163
5.454667,0.004142
5.455000,0.004104
5.455333,0.004051
5.455667,0.003982
5.456000,0.003899
5.456333,0.003802
5.456667,0.003692
5.457000,0.003570
5.457333,0.003436
5.457667,0.003291
5.458000,0.003136
5.458333,0.002971
5.458667,0.002799
5.459000,0.002618
5.459333,0.002432
5.459667,0.002239
5.460000,0.002042
5.460333,0.001841
5.460667,0.001637
5.461000,0.001431
5.461333,0.001223
5.461667,0.001016
5.462000,0.000808
5.462333,0.000602
5.462667,0.000398
5.463000,0.000197
5.463333,0.000000
5.463667,-0.000193
5.464000,-0.000381
5.464333,-0.000563
5.464667,-0.000740
5.465000,-0.000909
5.465333,-0.001071
5.465667,-0.001225
5.466000,-0.001370
5.466333,-0.001507
5.466667,-0.001635
5.467000,-0.001754
5.467333,-0.001862
5.467667,-0.001961
5.468000,-0.002050
5.468333,-0.002129
5.468667,-0.002197
5.469000,-0.002255
5.469333,-0.002303
5.469667,-0.002340
5.470000,-0.002368
5.470333,-0.002385
5.470667,-0.002392
5.471000,-0.002389
5.471333,-0.002376
5.471667,-0.002355
5.472000,-0.002324
5.472333,-0.002285
5.472667,-0.002237
5.473000,-0.002182
5.473333,-0.002119
5.473667,-0.002048
5.474000,-0.001971
5.474333,-0.001888
5.474667,-0.001799
5.475000,-0.001705
5.475333,-0.001606
5.475667,-0.001502
5.476000,-0.001395
5.476333,-0.001285
5.476667,-0.001172
5.477000,-0.001056
5.477333,-0.000939
5.477667,-0.000821
5.478000,-0.000702
5.478333,-0.000583
5.478667,-0.000464
5.479000,-0.000346
5.479333,-0.000229
5.479667,-0.000113
5.480000,-0.000000
5.480333,0.000111
5.480667,0.000219
5.481000,0.000323
5.481333,0.000424
5.481667,0.000521
5.482000,0.000614
5.482333,0.000703
5.482667,0.000786
5.483000,0.000865
5.483333,0.000938
5.483667,0.001006
5.484000,0.001069
5.484333,0.001125
5.484667,0.001176
5.485000,0.001222
5.485333,0.001261
5.485667,0.001294
5.486000,0.001321
5.486333,0.001343
5.486667,0.001358
5.487000,0.001368
5.487333,0.001372
5.487667,0.001371
5.488000,0.001363
5.488333,0.001351
5.488667,0.001334
5.489000,0.001311
5.489333,0.001284
5.489667,0.001252
5.490000,0.001216
5.490333,0.001175
5.490667,0.001131
5.491000,0.001083
5.491333,0.001032
5.491667,0.000978
5.492000,0.000921
5.492333,0.000862
5.492667,0.000800
5.493000,0.000737
5.493333,0.000672
5.493667,0.000606
5.494000,0.000539
5.494333,0.000471
5.494667,0.000403
5.495000,0.000334
5.495333,0.000266
5.495667,0.000198
5.496000,0.000131
5.496333,0.000065
5.496667,0.000000
5.497000,-0.000064
5.497333,-0.000125
5.497667,-0.000185
5.498000,-0.000243
5.498333,-0.000299
5.498667,-0.000352
5.499000,-0.000403
5.499333,-0.000451
5.499667,-0.000496
5.500000,-0.000538
5.500333,-0.000577
5.500667,-0.000613
5.501000,-0.000646
5.501333,-0.000675
5.501667,-0.000701
5.502000,-0.000723
5.502333,-0.000742
5.502667,-0.000758
5.503000,-0.000770
5.503333,-0.000779
5.503667,-0.000785
5.504000,-0.000787
5.504333,-0.000786
5.504667,-0.000782
5.505000,-0.000775
5.505333,-0.000765
5.505667,-0.000752
5.506000,-0.000736
5.506333,-0.000718
5.506667,-0.000697
5.507000,-0.000674
5.507333,-0.000649
5.507667,-0.000622
5.508000,-0.000592
5.508333,-0.000561
5.508667,-0.000529
5.509000,-0.000495
5.509333,-0.000459
5.509667,-0.000423
5.510000,-0.000386
5.510333,-0.000348
5.510667,-0.000309
5.511000,-0.000270
5.511333,-0.000231
5.511667,-0.000192
5.512000,-0.000153
5.512333,-0.000114
5.512667,-0.000075
5.513000,-0.000037
5.513333,-0.000000
5.513667,0.000036
5.514000,0.000072
5.514333,0.000106
5.514667,0.000140
5.515000,0.000172
5.515333,0.000202
5.515667,0.000231
5.516000,0.000259
5.516333,0.000285
5.516667,0.000309
5.517000,0.000331
5.517333,0.000352
5.517667,0.000370
5.518000,0.000387
5.518333,0.000402
5.518667,0.000415
5.519000,0.000426
5.519333,0.000435
5.519667,0.000442
5.520000,0.000447
5.520333,0.000450
5.520667,0.000452
5.521000,0.000451
5.521333,0.000449
5.521667,0.000445
5.522000,0.000439
5.522333,0.000432
5.522667,0.000423
5.523000,0.000412
5.523333,0.000400
5.523667,0.000387
5.524000,0.000372
5.524333,0.000357
5.524667,0.000340
5.525000,0.000322
5.525333,0.000303
5.525667,0.000284
5.526000,0.000264
5.526333,0.000243
5.526667,0.000221
5.527000,0.000200
5.527333,0.000177
5.527667,0.000155
5.528000,0.000133
5.528333,0.000110
5.528667,0.000088
5.529000,0.000065
5.529333,0.000043
5.529667,0.000021
5.530000,0.000000
5.530333,-0.000021
5.530667,-0.000041
5.531000,-0.000061
5.531333,-0.000080
5.531667,-0.000098
5.532000,-0.000116
5.532333,-0.000133
5.532667,-0.000148
5.533000,-0.000163
5.533333,-0.000177
5.533667,-0.000190
5.534000,-0.000202
5.534333,-0.000213
5.534667,-0.000222
5.535000,-0.000231
5.535333,-0.000238
5.535667,-0.000244
5.536000,-0.000250
5.536333,-0.000254
5.536667,-0.000257
5.537000,-0.000258
5.537333,-0.000259
5.537667,-0.000259
5.538000,-0.000258
5.538333,-0.000255
5.538667,-0.000252
5.539000,-0.000248
5.539333,-0.000242
5.539667,-0.000236
5.540000,-0.000230
5.540333,-0.000222
5.540667,-0.000214
5.541000,-0.000205
5.541333,-0.000195
5.541667,-0.000185
5.542000,-0.000174
5.542333,-0.000163
5.542667,-0.000151
5.543000,-0.000139
5.543333,-0.000127
5.543667,-0.000114
5.544000,-0.000102
5.544333,-0.000089
5.544667,-0.000076
5.545000,-0.000063
5.545333,-0.000050
5.545667,-0.000037
5.546000,-0.000025
5.546333,-0.000012
5.546667,-0.000000
5.547000,0.000012
5.547333,0.000024
5.547667,0.000035
5.548000,0.000046
5.548333,0.000057
5.548667,0.000067
5.549000,0.000076
5.549333,0.000085
5.549667,0.000094
5.550000,0.000102
5.550333,0.000109
5.550667,0.000116
5.551000,0.000122
5.551333,0.000127
5.551667,0.000132
5.552000,0.000137
5.552333,0.000140
5.552667,0.000143
5.553000,0.000146
5.553333,0.000147
5.553667,0.000148
5.554000,0.000149
5.554333,0.000149
5.554667,0.000148
5.555000,0.000146
5.555333,0.000145
5.555667,0.000142
5.556000,0.000139
5.556333,0.000136
5.556667,0.000132
5.557000,0.000127
5.557333,0.000123
5.557667,0.000117
5.558000,0.000112
5.558333,0.000106
5.558667,0.000100
5.559000,0.000093
5.559333,0.000087
5.559667,0.000080
5.560000,0.000073
5.560333,0.000066
5.560667,0.000058
5.561000,0.000051
5.561333,0.000044
5.561667,0.000036
5.562000,0.000029
5.562333,0.000021
5.562667,0.000014
5.563000,0.000007
5.563333,0.000000
5.563667,-0.000007
5.564000,-0.000014
5.564333,-0.000020
5.564667,-0.000026
5.565000,-0.000032
5.565333,-0.000038
5.565667,-0.000044
5.566000,-0.000049
5.566333,-0.000054
5.566667,-0.000058
5.567000,-0.000063
5.567333,-0.000066
5.567667,-0.000070
5.568000,-0.000073
5.568333,-0.000076
5.568667,-0.000078
5.569000,-0.000080
5.569333,-0.000082
5.569667,-0.000083
5.570000,-0.000084
5.570333,-0.000085
5.570667,-0.000085
5.571000,-0.000085
5.571333,-0.000085
5.571667,-0.000084
5.572000,-0.000083
5.572333,-0.000082
5.572667,-0.000080
5.573000,-0.000078
5.573333,-0.000076
5.573667,-0.000073
5.574000,-0.000070
5.574333,-0.000067
5.574667,-0.000064
5.575000,-0.000061
5.575333,-0.000057
5.575667,-0.000054
5.576000,-0.000050
5.576333,-0.000046
5.576667,-0.000042
5.577000,-0.000038
5.577333,-0.000034
5.577667,-0.000029
5.578000,-0.000025
5.578333,-0.000021
5.578667,-0.000017
5.579000,-0.000012
5.579333,-0.000008
5.579667,-0.000004
5.580000,-0.000000
5.580333,0.000004
5.580667,0.000008
5.581000,0.000012
5.581333,0.000015
5.581667,0.000019
5.582000,0.000022
5.582333,0.000025
5.582667,0.000028
5.583000,0.000031
5.583333,0.000033
5.583667,0.000036
5.584000,0.000038
5.584333,0.000040
5.584667,0.000042
5.585000,0.000044
5.585333,0.000045
5.585667,0.000046
5.586000,0.000047
5.586333,0.000048
5.586667,0.000048
5.587000,0.000049
5.587333,0.000049
5.587667,0.000049
5.588000,0.000049
5.588333,0.000048
5.588667,0.000048
5.589000,0.000047
5.589333,0.000046
5.589667,0.000045
5.590000,0.000043
5.590333,0.000042
5.590667,0.000040
5.591000,0.000039
5.591333,0.000037
5.591667,0.000035
5.592000,0.000033
5.592333,0.000031
5.592667,0.000029
5.593000,0.000026
5.593333,0.000024
5.593667,0.000022
5.594000,0.000019
5.594333,0.000017
5.594667,0.000014
5.595000,0.000012
5.595333,0.000009
5.595667,0.000007
5.596000,0.000005
5.596333,0.000002
5.596667,0.000000
5.597000,-0.000002
5.597333,-0.000004
5.597667,-0.000007
5.598000,-0.000009
5.598333,-0.000011
5.598667,-0.000013
5.599000,-0.000014
5.599333,-0.000016
5.599667,-0.000018
5.600000,-0.000019
5.600333,-0.000021
5.600667,-0.000022
5.601000,-0.000023
5.601333,-0.000024
5.601667,-0.000025
5.602000,-0.000026
5.602333,-0.000026
5.602667,-0.000027
5.603000,-0.000027
5.603333,-0.000028
5.603667,-0.000028
5.604000,-0.000028
5.604333,-0.000028
5.604667,-0.000028
5.605000,-0.000028
5.605333,-0.000027
5.605667,-0.000027
5.606000,-0.000026
5.606333,-0.000026
5.606667,-0.000025
5.607000,-0.000024
5.607333,-0.000023
5.607667,-0.000022
5.608000,-0.000021
5.608333,-0.000020
5.608667,-0.000019
5.609000,-0.000018
5.609333,-0.000016
5.609667,-0.000015
5.610000,-0.000014
5.610333,-0.000012
5.610667,-0.000011
5.611000,-0.000010
5.611333,-0.000008
5.611667,-0.000007
5.612000,-0.000005
5.612333,-0.000004
5.612667,-0.000003
5.613000,-0.000001
5.613333,-0.000000
5.613667,0.000001
5.614000,0.000003
5.614333,0.000004
5.614667,0.000005
5.615000,0.000006
5.615333,0.000007
5.615667,0.000008
5.616000,0.000009
5.616333,0.000010
5.616667,0.000011
5.617000,0.000012
5.617333,0.000013
5.617667,0.000013
5.618000,0.000014
5.618333,0.000014
5.618667,0.000015
5.619000,0.000015
5.619333,0.000016
5.619667,0.000016
5.620000,0.000016
5.620333,0.000016
5.620667,0.000016
5.621000,0.000016
5.621333,0.000016
5.621667,0.000016
5.622000,0.000016
5.622333,0.000015
5.622667,0.000015
5.623000,0.000015
5.623333,0.000014
5.623667,0.000014
5.624000,0.000013
5.624333,0.000013
5.624667,0.000012
5.625000,0.000011
5.625333,0.000011
5.625667,0.000010
5.626000,0.000009
5.626333,0.000009
5.626667,0.000008
5.627000,0.000007
5.627333,0.000006
5.627667,0.000006
5.628000,0.000005
5.628333,0.000004
5.628667,0.000003
5.629000,0.000002
5.629333,0.000002
5.629667,0.000001
5.630000,0.000000
5.630333,-0.000001
5.630667,-0.000001
5.631000,-0.000002
5.631333,-0.000003
5.631667,-0.000004
5.632000,-0.000004
5.632333,-0.000005
5.632667,-0.000005
5.633000,-0.000006
5.633333,-0.000006
5.633667,-0.000007
5.634000,-0.000007
5.634333,-0.000008
5.634667,-0.000008
5.635000,-0.000008
5.635333,-0.000008
5.635667,-0.000009
5.636000,-0.000009
5.636333,-0.000009
5.636667,-0.000009
5.637000,-0.000009
5.637333,-0.000009
5.637667,-0.000009
5.638000,-0.000009
5.638333,-0.000009
5.638667,-0.000009
5.639000,-0.000009
5.639333,-0.000009
5.639667,-0.000008
5.640000,-0.000008
5.640333,-0.000008
5.640667,-0.000008
5.641000,-0.000007
5.641333,-0.000007
5.641667,-0.000007
5.642000,-0.000006
5.642333,-0.000006
5.642667,-0.000005
5.643000,-0.000005
5.643333,-0.000005
5.643667,-0.000004
5.644000,-0.000004
5.644333,-0.000003
5.644667,-0.000003
5.645000,-0.000002
5.645333,-0.000002
5.645667,-0.000001
5.646000,-0.000001
5.646333,-0.000000
5.646667,-0.000000
5.647000,0.000000
5.647333,0.000001
5.647667,0.000001
5.648000,0.000002
5.648333,0.000002
5.648667,0.000002
5.649000,0.000003
5.649333,0.000003
5.649667,0.000003
5.650000,0.000004
5.650333,0.001246
5.650667,0.002456
5.651000,0.003629
5.651333,0.004762
5.651667,0.005851
5.652000,0.006893
5.652333,0.007883
5.652667,0.008821
5.653000,0.009702
5.653333,0.010525
5.653667,0.011287
5.654000,0.011987
5.654333,0.012624
5.654667,0.013196
5.655000,0.013702
5.655333,0.014141
5.655667,0.014515
5.656000,0.014821
5.656333,0.015061
5.656667,0.015236
5.657000,0.015345
5.657333,0.015390
5.657667,0.015372
5.658000,0.015292
5.658333,0.015153
5.658667,0.014956
5.659000,0.014703
5.659333,0.014396
5.659667,0.014038
5.660000,0.013632
5.660333,0.013179
5.660667,0.012684
5.661000,0.012148
5.661333,0.011575
5.661667,0.010968
5.662000,0.010331
5.662333,0.009666
5.662667,0.008976
5.663000,0.008266
5.663333,0.007538
5.663667,0.006795
5.664000,0.006042
5.664333,0.005280
5.664667,0.004515
5.665000,0.003747
5.665333,0.002982
5.665667,0.002222
5.666000,0.001469
5.666333,0.000727
5.666667,-0.000002
5.667000,-0.000715
5.667333,-0.001409
5.667667,-0.002082
5.668000,-0.002732
5.668333,-0.003357
5.668667,-0.003955
5.669000,-0.004523
5.669333,-0.005061
5.669667,-0.005567
5.670000,-0.006039
5.670333,-0.006476
5.670667,-0.006878
5.671000,-0.007243
5.671333,-0.007571
5.671667,-0.007861
5.672000,-0.008114
5.672333,-0.008328
5.672667,-0.008504
5.673000,-0.008641
5.673333,-0.008741
5.673667,-0.008804
5.674000,-0.008830
5.674333,-0.008820
5.674667,-0.008774
5.675000,-0.008694
5.675333,-0.008581
5.675667,-0.008436
5.676000,-0.008260
5.676333,-0.008055
5.676667,-0.007821
5.677000,-0.007562
5.677333,-0.007277
5.677667,-0.006970
5.678000,-0.006641
5.678333,-0.006293
5.678667,-0.005927
5.679000,-0.005546
5.679333,-0.005150
5.679667,-0.004742
5.680000,-0.004325
5.680333,-0.003899
5.680667,-0.003466
5.681000,-0.003030
5.681333,-0.002590
5.681667,-0.002150
5.682000,-0.001711
5.682333,-0.001275
5.682667,-0.000843
5.683000,-0.000417
5.683333,0.000001
5.683667,0.000410
5.684000,0.000808
5.684333,0.001195
5.684667,0.001568
5.685000,0.001926
5.685333,0.002269
5.685667,0.002595
5.686000,0.002904
5.686333,0.003194
5.686667,0.003465
5.687000,0.003716
5.687333,0.003946
5.687667,0.004156
5.688000,0.004344
5.688333,0.004510
5.688667,0.004655
5.689000,0.004778
5.689333,0.004879
5.689667,0.004958
5.690000,0.005015
5.690333,0.005051
5.690667,0.005066
5.691000,0.005060
5.691333,0.005034
5.691667,0.004988
5.692000,0.004923
5.692333,0.004840
5.692667,0.004739
5.693000,0.004621
5.693333,0.004488
5.693667,0.004339
5.694000,0.004175
5.694333,0.003999
5.694667,0.003811
5.695000,0.003611
5.695333,0.003401
5.695667,0.003182
5.696000,0.002955
5.696333,0.002721
5.696667,0.002481
5.697000,0.002237
5.697333,0.001989
5.697667,0.001738
5.698000,0.001486
5.698333,0.001234
5.698667,0.000982
5.699000,0.000731
5.699333,0.000484
5.699667,0.000239
5.700000,-0.000001
5.700333,-0.000235
5.700667,-0.000464
5.701000,-0.000685
5.701333,-0.000899
5.701667,-0.001105
5.702000,-0.001302
5.702333,-0.001489
5.702667,-0.001666
5.703000,-0.001832
5.703333,-0.001988
5.703667,-0.002132
5.704000,-0.002264
5.704333,-0.002384
5.704667,-0.002492
5.705000,-0.002588
5.705333,-0.002671
5.705667,-0.002741
5.706000,-0.002799
5.706333,-0.002845
5.706667,-0.002878
5.707000,-0.002898
5.707333,-0.002907
5.707667,-0.002903
5.708000,-0.002888
5.708333,-0.002862
5.708667,-0.002825
5.709000,-0.002777
5.709333,-0.002719
5.709667,-0.002651
5.710000,-0.002575
5.710333,-0.002489
5.710667,-0.002396
5.711000,-0.002294
5.711333,-0.002186
5.711667,-0.002072
5.712000,-0.001951
5.712333,-0.001826
5.712667,-0.001695
5.713000,-0.001561
5.713333,-0.001424
5.713667,-0.001283
5.714000,-0.001141
5.714333,-0.000997
5.714667,-0.000853
5.715000,-0.000708
5.715333,-0.000563
5.715667,-0.000420
5.716000,-0.000277
5.716333,-0.000137
5.716667,0.000000
5.717000,0.000135
5.717333,0.000266
5.717667,0.000393
5.718000,0.000516
5.718333,0.000634
5.718667,0.000747
5.719000,0.000854
5.719333,0.000956
5.719667,0.001051
5.720000,0.001141
5.720333,0.001223
5.720667,0.001299
5.721000,0.001368
5.721333,0.001430
5.721667,0.001485
5.722000,0.001532
5.722333,0.001573
5.722667,0.001606
5.723000,0.001632
5.723333,0.001651
5.723667,0.001663
5.724000,0.001668
5.724333,0.001666
5.724667,0.001657
5.725000,0.001642
5.725333,0.001621
5.725667,0.001593
5.726000,0.001560
5.726333,0.001521
5.726667,0.001477
5.727000,0.001428
5.727333,0.001375
5.727667,0.001316
5.728000,0.001254
5.728333,0.001189
5.728667,0.001120
5.729000,0.001047
5.729333,0.000973
5.729667,0.000896
5.730000,0.000817
5.730333,0.000736
5.730667,0.000655
5.731000,0.000572
5.731333,0.000489
5.731667,0.000406
5.732000,0.000323
5.732333,0.000241
5.732667,0.000159
5.733000,0.000079
5.733333,-0.000000
5.733667,-0.000077
5.734000,-0.000153
5.734333,-0.000226
5.734667,-0.000296
5.735000,-0.000364
5.735333,-0.000429
5.735667,-0.000490
5.736000,-0.000548
5.736333,-0.000603
5.736667,-0.000654
5.737000,-0.000702
5.737333,-0.000745
5.737667,-0.000785
5.738000,-0.000820
5.738333,-0.000852
5.738667,-0.000879
5.739000,-0.000902
5.739333,-0.000922
5.739667,-0.000936
5.740000,-0.000947
5.740333,-0.000954
5.740667,-0.000957
5.741000,-0.000956
5.741333,-0.000951
5.741667,-0.000942
5.742000,-0.000930
5.742333,-0.000914
5.742667,-0.000895
5.743000,-0.000873
5.743333,-0.000848
5.743667,-0.000819
5.744000,-0.000789
5.744333,-0.000755
5.744667,-0.000720
5.745000,-0.000682
5.745333,-0.000642
5.745667,-0.000601
5.746000,-0.000558
5.746333,-0.000514
5.746667,-0.000469
5.747000,-0.000422
5.747333,-0.000376
5.747667,-0.000328
5.748000,-0.000281
5.748333,-0.000233
5.748667,-0.000185
5.749000,-0.000138
5.749333,-0.000091
5.749667,-0.000045
5.750000,0.000000
5.750333,0.000044
5.750667,0.000088
5.751000,0.000129
5.751333,0.000170
5.751667,0.000209
5.752000,0.000246
5.752333,0.000281
5.752667,0.000315
5.753000,0.000346
5.753333,0.000375
5.753667,0.000403
5.754000,0.000428
5.754333,0.000450
5.754667,0.000471
5.755000,0.000489
5.755333,0.000504
5.755667,0.000518
5.756000,0.000529
5.756333,0.000537
5.756667,0.000544
5.757000,0.000547
5.757333,0.000549
5.757667,0.000548
5.758000,0.000546
5.758333,0.000541
5.758667,0.000534
5.759000,0.000525
5.759333,0.000514
5.759667,0.000501
5.760000,0.000486
5.760333,0.000470
5.760667,0.000452
5.761000,0.000433
5.761333,0.000413
5.761667,0.000391
5.762000,0.000369
5.762333,0.000345
5.762667,0.000320
5.763000,0.000295
5.763333,0.000269
5.763667,0.000242
5.764000,0.000216
5.764333,0.000188
5.764667,0.000161
5.765000,0.000134
5.765333,0.000106
5.765667,0.000079
5.766000,0.000052
5.766333,0.000026
5.766667,-0.000000
5.767000,-0.000025
5.767333,-0.000050
5.767667,-0.000074
5.768000,-0.000097
5.768333,-0.000120
5.768667,-0.000141
5.769000,-0.000161
5.769333,-0.000181
5.769667,-0.000199
5.770000,-0.000215
5.770333,-0.000231
5.770667,-0.000245
5.771000,-0.000258
5.771333,-0.000270
5.771667,-0.000280
5.772000,-0.000289
5.772333,-0.000297
5.772667,-0.000303
5.773000,-0.000308
5.773333,-0.000312
5.773667,-0.000314
5.774000,-0.000315
5.774333,-0.000315
5.774667,-0.000313
5.775000,-0.000310
5.775333,-0.000306
5.775667,-0.000301
5.776000,-0.000295
5.776333,-0.000287
5.776667,-0.000279
5.777000,-0.000270
5.777333,-0.000260
5.777667,-0.000249
5.778000,-0.000237
5.778333,-0.000225
5.778667,-0.000211
5.779000,-0.000198
5.779333,-0.000184
5.779667,-0.000169
5.780000,-0.000154
5.780333,-0.000139
5.780667,-0.000124
5.781000,-0.000108
5.781333,-0.000092
5.781667,-0.000077
5.782000,-0.000061
5.782333,-0.000045
5.782667,-0.000030
5.783000,-0.000015
5.783333,0.000000
5.783667,0.000015
5.784000,0.000029
5.784333,0.000043
5.784667,0.000056
5.785000,0.000069
5.785333,0.000081
5.785667,0.000093
5.786000,0.000104
5.786333,0.000114
5.786667,0.000124
5.787000,0.000133
5.787333,0.000141
5.787667,0.000148
5.788000,0.000155
5.788333,0.000161
5.788667,0.000166
5.789000,0.000170
5.789333,0.000174
5.789667,0.000177
5.790000,0.000179
5.790333,0.000180
5.790667,0.000181
5.791000,0.000181
5.791333,0.000180
5.791667,0.000178
5.792000,0.000176
5.792333,0.000173
5.792667,0.000169
5.793000,0.000165
5.793333,0.000160
5.793667,0.000155
5.794000,0.000149
5.794333,0.000143
5.794667,0.000136
5.795000,0.000129
5.795333,0.000121
5.795667,0.000114
5.796000,0.000105
5.796333,0.000097
5.796667,0.000089
5.797000,0.000080
5.797333,0.000071
5.797667,0.000062
5.798000,0.000053
5.798333,0.000044
5.798667,0.000035
5.799000,0.000026
5.799333,0.000017
5.799667,0.000009
5.800000,-0.000000
5.800333,-0.000008
5.800667,-0.000017
5.801000,-0.000024
5.801333,-0.000032
5.801667,-0.000039
5.802000,-0.000046
5.802333,-0.000053
5.802667,-0.000059
5.803000,-0.000065
5.803333,-0.000071
5.803667,-0.000076
5.804000,-0.000081
5.804333,-0.000085
5.804667,-0.000089
5.805000,-0.000092
5.805333,-0.000095
5.805667,-0.000098
5.806000,-0.000100
5.806333,-0.000101
5.806667,-0.000103
5.807000,-0.000103
5.807333,-0.000104
5.807667,-0.000104
5.808000,-0.000103
5.808333,-0.000102
5.808667,-0.000101
5.809000,-0.000099
5.809333,-0.000097
5.809667,-0.000095
5.810000,-0.000092
5.810333,-0.000089
5.810667,-0.000085
5.811000,-0.000082
5.811333,-0.000078
5.811667,-0.000074
5.812000,-0.000070
5.812333,-0.000065
5.812667,-0.000060
5.813000,-0.000056
5.813333,-0.000051
5.813667,-0.000046
5.814000,-0.000041
5.814333,-0.000036
5.814667,-0.000030
5.815000,-0.000025
5.815333,-0.000020
5.815667,-0.000015
5.816000,-0.000010
5.816333,-0.000005
5.816667,0.000000
5.817000,0.000005
5.817333,0.000009
5.817667,0.000014
5.818000,0.000018
5.818333,0.000023
5.818667,0.000027
5.819000,0.000030
5.819333,0.000034
5.819667,0.000038
5.820000,0.000041
5.820333,0.000044
5.820667,0.000046
5.821000,0.000049
5.821333,0.000051
5.821667,0.000053
5.822000,0.000055
5.822333,0.000056
5.822667,0.000057
5.823000,0.000058
5.823333,0.000059
5.823667,0.000059
5.824000,0.000059
5.824333,0.000059
5.824667,0.000059
5.825000,0.000059
5.825333,0.000058
5.825667,0.000057
5.826000,0.000056
5.826333,0.000054
5.826667,0.000053
5.827000,0.000051
5.827333,0.000049
5.827667,0.000047
5.828000,0.000045
5.828333,0.000042
5.828667,0.000040
5.829000,0.000037
5.829333,0.000035
5.829667,0.000032
5.830000,0.000029
5.830333,0.000026
5.830667,0.000023
5.831000,0.000020
5.831333,0.000017
5.831667,0.000014
5.832000,0.000012
5.832333,0.000009
5.832667,0.000006
5.833000,0.000003
5.833333,-0.000000
5.833667,-0.000003
5.834000,-0.000005
5.834333,-0.000008
5.834667,-0.000011
5.835000,-0.000013
5.835333,-0.000015
5.835667,-0.000017
5.836000,-0.000020
5.836333,-0.000022
5.836667,-0.000023
5.837000,-0.000025
5.837333,-0.000027
5.837667,-0.000028
5.838000,-0.000029
5.838333,-0.000030
5.838667,-0.000031
5.839000,-0.000032
5.839333,-0.000033
5.839667,-0.000033
5.840000,-0.000034
5.840333,-0.000034
5.840667,-0.000034
5.841000,-0.000034
5.841333,-0.000034
5.841667,-0.000034
5.842000,-0.000033
5.842333,-0.000033
5.842667,-0.000032
5.843000,-0.000031
5.843333,-0.000030
5.843667,-0.000029
5.844000,-0.000028
5.844333,-0.000027
5.844667,-0.000026
5.845000,-0.000024
5.845333,-0.000023
5.845667,-0.000021
5.846000,-0.000020
5.846333,-0.000018
5.846667,-0.000017
5.847000,-0.000015
5.847333,-0.000013
5.847667,-0.000012
5.848000,-0.000010
5.848333,-0.000008
5.848667,-0.000007
5.849000,-0.000005
5.849333,-0.000003
5.849667,-0.000002
5.850000,0.000000
5.850333,0.000002
5.850667,0.000003
5.851000,0.000005
5.851333,0.000006
5.851667,0.000007
5.852000,0.000009
5.852333,0.000010
5.852667,0.000011
5.853000,0.000012
5.853333,0.000013
5.853667,0.000014
5.854000,0.000015
5.854333,0.000016
5.854667,0.000017
5.855000,0.000017
5.855333,0.000018
5.855667,0.000018
5.856000,0.000019
5.856333,0.000019
5.856667,0.000019
5.857000,0.000020
5.857333,0.000020
5.857667,0.000020
5.858000,0.000019
5.858333,0.000019
5.858667,0.000019
5.859000,0.000019
5.859333,0.000018
5.859667,0.000018
5.860000,0.000017
5.860333,0.000017
5.860667,0.000016
5.861000,0.000015
5.861333,0.000015
5.861667,0.000014
5.862000,0.000013
5.862333,0.000012
5.862667,0.000011
5.863000,0.000011
5.863333,0.000010
5.863667,0.000009
5.864000,0.000008
5.864333,0.000007
5.864667,0.000006
5.865000,0.000005
5.865333,0.000004
5.865667,0.000003
5.866000,0.000002
5.866333,0.000001
5.866667,-0.000000
5.867000,-0.000001
5.867333,-0.000002
5.867667,-0.000003
5.868000,-0.000003
5.868333,-0.000004
5.868667,-0.000005
5.869000,-0.000006
5.869333,-0.000006
5.869667,-0.000007
5.870000,-0.000008
5.870333,-0.000008
5.870667,-0.000009
5.871000,-0.000009
5.871333,-0.000010
5.871667,-0.000010
5.872000,-0.000010
5.872333,-0.000011
5.872667,-0.000011
5.873000,-0.000011
5.873333,-0.000011
5.873667,-0.000011
5.874000,-0.000011
5.874333,-0.000011
5.874667,-0.000011
5.875000,-0.000011
5.875333,-0.000011
5.875667,-0.000011
5.876000,-0.000011
5.876333,-0.000010
5.876667,-0.000010
5.877000,-0.000010
5.877333,-0.000009
5.877667,-0.000009
5.878000,-0.000008
5.878333,-0.000008
5.878667,-0.000008
5.879000,-0.000007
5.879333,-0.000007
5.879667,-0.000006
5.880000,-0.000006
5.880333,-0.000005
5.880667,-0.000004
5.881000,-0.000004
5.881333,-0.000003
5.881667,-0.000003
5.882000,-0.000002
5.882333,-0.000002
5.882667,-0.000001
5.883000,-0.000001
5.883333,0.000000
5.883667,0.000001
5.884000,0.000001
5.884333,0.000002
5.884667,0.000002
5.885000,0.000002
5.885333,0.000003
5.885667,0.000003
5.886000,0.000004
5.886333,0.000004
5.886667,0.000004
5.887000,0.000005
5.887333,0.000005
5.887667,0.000005
5.888000,0.000006
5.888333,0.000006
5.888667,0.000006
5.889000,0.000006
5.889333,0.000006
5.889667,0.000006
5.890000,0.000006
5.890333,0.000006
5.890667,0.000006
5.891000,0.000006
5.891333,0.000006
5.891667,0.000006
5.892000,0.000006
5.892333,0.000006
5.892667,0.000006
5.893000,0.000006
5.893333,0.000006
5.893667,0.000006
5.894000,0.000005
5.894333,0.000005
5.894667,0.000005
5.895000,0.000005
5.895333,0.000004
5.895667,0.000004
5.896000,0.000004
5.896333,0.000003
5.896667,0.000003
5.897000,0.000003
5.897333,0.000003
5.897667,0.000002
5.898000,0.000002
5.898333,0.000002
5.898667,0.000001
5.899000,0.000001
5.899333,0.000001
5.899667,0.000000
5.900000,-0.000000
5.900333,-0.000000
5.900667,-0.000001
5.901000,-0.000001
5.901333,-0.000001
5.901667,-0.000001
5.902000,-0.000002
5.902333,-0.000002
5.902667,-0.000002
5.903000,-0.000002
5.903333,-0.000003
5.903667,-0.000003
5.904000,-0.000003
5.904333,-0.000003
5.904667,-0.000003
5.905000,-0.000003
5.905333,-0.000003
5.905667,-0.000003
5.906000,-0.000004
5.906333,-0.000004
5.906667,-0.000004
5.907000,-0.000004
5.907333,-0.000004
5.907667,-0.000004
5.908000,-0.000004
5.908333,-0.000004
5.908667,-0.000004
5.909000,-0.000004
5.909333,-0.000003
5.909667,-0.000003
5.910000,-0.000003
5.910333,-0.000003
5.910667,-0.000003
5.911000,-0.000003
5.911333,-0.000003
5.911667,-0.000003
5.912000,-0.000002
5.912333,-0.000002
5.912667,-0.000002
5.913000,-0.000002
5.913333,-0.000002
5.913667,-0.000002
5.914000,-0.000001
5.914333,-0.000001
5.914667,-0.000001
5.915000,-0.000001
5.915333,-0.000001
5.915667,-0.000001
5.916000,-0.000000
5.916333,-0.000000
5.916667,0.000000
5.917000,0.000000
5.917333,0.000000
5.917667,0.000001
5.918000,0.000001
5.918333,0.000001
5.918667,0.000001
5.919000,0.000001
5.919333,0.000001
5.919667,0.000001
5.920000,0.000001
5.920333,0.000002
5.920667,0.000002
5.921000,0.000002
5.921333,0.000002
5.921667,0.000002
5.922000,0.000002
5.922333,0.000002
5.922667,0.000002
5.923000,0.000002
5.923333,0.000002
5.923667,0.000002
5.924000,0.000002
5.924333,0.000002
5.924667,0.000002
5.925000,0.000002
5.925333,0.000002
5.925667,0.000002
5.926000,0.000002
5.926333,0.000002
5.926667,0.000002
5.927000,0.000002
5.927333,0.000002
5.927667,0.000002
5.928000,0.000002
5.928333,0.000002
5.928667,0.000001
5.929000,0.000001
5.929333,0.000001
5.929667,0.000001
5.930000,0.000001
5.930333,0.000001
5.930667,0.000001
5.931000,0.000001
5.931333,0.000001
5.931667,0.000001
5.932000,0.000000
5.932333,0.000000
5.932667,0.000000
5.933000,0.000000
5.933333,-0.000000
5.933667,-0.000000
5.934000,-0.000000
5.934333,-0.000000
5.934667,-0.000000
5.935000,-0.000000
5.935333,-0.000001
5.935667,-0.000001
5.936000,-0.000001
5.936333,-0.000001
5.936667,-0.000001
5.937000,-0.000001
5.937333,-0.000001
5.937667,-0.000001
5.938000,-0.000001
5.938333,-0.000001
5.938667,-0.000001
5.939000,-0.000001
5.939333,-0.000001
5.939667,-0.000001
5.940000,-0.000001
5.940333,-0.000001
5.940667,-0.000001
5.941000,-0.000001
5.941333,-0.000001
5.941667,-0.000001
5.942000,-0.000001
5.942333,-0.000001
5.942667,-0.000001
5.943000,-0.000001
5.943333,-0.000001
5.943667,-0.000001
5.944000,-0.000001
5.944333,-0.000001
5.944667,-0.000001
5.945000,-0.000001
5.945333,-0.000001
5.945667,-0.000001
5.946000,-0.000001
5.946333,-0.000001
5.946667,-0.000001
5.947000,-0.000001
5.947333,-0.000000
5.947667,-0.000000
5.948000,-0.000000
5.948333,-0.000000
5.948667,-0.000000
5.949000,-0.000000
5.949333,-0.000000
5.949667,-0.000000
5.950000,0.000000
5.950333,0.000000
5.950667,0.000000
5.951000,0.000000
5.951333,0.000000
5.951667,0.000000
5.952000,0.000000
5.952333,0.000000
5.952667,0.000000
5.953000,0.000000
5.953333,0.000000
5.953667,0.000001
5.954000,0.000001
5.954333,0.000001
5.954667,0.000001
5.955000,0.000001
5.955333,0.000001
5.955667,0.000001
5.956000,0.000001
5.956333,0.000001
5.956667,0.000001
5.957000,0.000001
5.957333,0.000001
5.957667,0.000001
5.958000,0.000001
5.958333,0.000001
5.958667,0.000001
5.959000,0.000001
5.959333,0.000001
5.959667,0.000001
5.960000,0.000001
5.960333,0.000001
5.960667,0.000001
5.961000,0.000001
5.961333,0.000001
5.961667,0.000000
5.962000,0.000000
5.962333,0.000000
5.962667,0.000000
5.963000,0.000000
5.963333,0.000000
5.963667,0.000000
5.964000,0.000000
5.964333,0.000000
5.964667,0.000000
5.965000,0.000000
5.965333,0.000000
5.965667,0.000000
5.966000,0.000000
5.966333,0.000000
5.966667,-0.000000
5.967000,-0.000000
5.967333,-0.000000
5.967667,-0.000000
5.968000,-0.000000
5.968333,-0.000000
5.968667,-0.000000
5.969000,-0.000000
5.969333,-0.000000
5.969667,-0.000000
5.970000,-0.000000
5.970333,-0.000000
5.970667,-0.000000
5.971000,-0.000000
5.971333,-0.000000
5.971667,-0.000000
5.972000,-0.000000
5.972333,-0.000000
5.972667,-0.000000
5.973000,-0.000000
5.973333,-0.000000
5.973667,-0.000000
5.974000,-0.000000
5.974333,-0.000000
5.974667,-0.000000
5.975000,-0.000000
5.975333,-0.000000
5.975667,-0.000000
5.976000,-0.000000
5.976333,-0.000000
5.976667,-0.000000
5.977000,-0.000000
5.977333,-0.000000
5.977667,-0.000000
5.978000,-0.000000
5.978333,-0.000000
5.978667,-0.000000
5.979000,-0.000000
5.979333,-0.000000
5.979667,-0.000000
5.980000,-0.000000
5.980333,-0.000000
5.980667,-0.000000
5.981000,-0.000000
5.981333,-0.000000
5.981667,-0.000000
5.982000,-0.000000
5.982333,-0.000000
5.982667,-0.000000
5.983000,-0.000000
5.983333,0.000000
5.983667,0.000000
5.984000,0.000000
5.984333,0.000000
5.984667,0.000000
5.985000,0.000000
5.985333,0.000000
5.985667,0.000000
5.986000,0.000000
5.986333,0.000000
5.986667,0.000000
5.987000,0.000000
5.987333,0.000000
5.987667,0.000000
5.988000,0.000000
5.988333,0.000000
5.988667,0.000000
5.989000,0.000000
5.989333,0.000000
5.989667,0.000000
5.990000,0.000000
5.990333,0.000000
5.990667,0.000000
5.991000,0.000000
5.991333,0.000000
5.991667,0.000000
5.992000,0.000000
5.992333,0.000000
5.992667,0.000000
5.993000,0.000000
5.993333,0.000000
5.993667,0.000000
5.994000,0.000000
5.994333,0.000000
5.994667,0.000000
5.995000,0.000000
5.995333,0.000000
5.995667,0.000000
5.996000,0.000000
5.996333,0.000000
5.996667,0.000000
5.997000,0.000000
5.997333,0.000000
5.997667,0.000000
5.998000,0.000000
5.998333,0.000000
5.998667,0.000000
5.999000,0.000000
5.999333,0.000000
5.999667,0.000000
6.000000,-0.000000
6.000333,-0.000000
6.000667,-0.000000
6.001000,-0.000000
6.001333,-0.000000
6.001667,-0.000000
6.002000,-0.000000
6.002333,-0.000000
6.002667,-0.000000
6.003000,-0.000000
6.003333,-0.000000
6.003667,-0.000000
6.004000,-0.000000
6.004333,-0.000000
6.004667,-0.000000
6.005000,-0.000000
6.005333,-0.000000
6.005667,-0.000000
6.006000,-0.000000
6.006333,-0.000000
6.006667,-0.000000
6.007000,-0.000000
6.007333,-0.000000
6.007667,-0.000000
6.008000,-0.000000
6.008333,-0.000000
6.008667,-0.000000
6.009000,-0.000000
6.009333,-0.000000
6.009667,-0.000000
6.010000,-0.000000
6.010333,-0.000000
6.010667,-0.000000
6.011000,-0.000000
6.011333,-0.000000
6.011667,-0.000000
6.012000,-0.000000
6.012333,-0.000000
6.012667,-0.000000
6.013000,-0.000000
6.013333,-0.000000
6.013667,-0.000000
6.014000,-0.000000
6.014333,-0.000000
6.014667,-0.000000
6.015000,-0.000000
6.015333,-0.000000
6.015667,-0.000000
6.016000,-0.000000
6.016333,-0.000000
6.016667,0.000000
6.017000,0.000000
6.017333,0.000000
6.017667,0.000000
6.018000,0.000000
6.018333,0.000000
6.018667,0.000000
6.019000,0.000000
6.019333,0.000000
6.019667,0.000000
6.020000,0.000000
6.020333,0.000000
6.020667,0.000000
6.021000,0.000000
6.021333,0.000000
6.021667,0.000000
6.022000,0.000000
6.022333,0.000000
6.022667,0.000000
6.023000,0.000000
6.023333,0.000000
6.023667,0.000000
6.024000,0.000000
6.024333,0.000000
6.024667,0.000000
6.025000,0.000000
6.025333,0.000000
6.025667,0.000000
6.026000,0.000000
6.026333,0.000000
6.026667,0.000000
6.027000,0.000000
6.027333,0.000000
6.027667,0.000000
6.028000,0.000000
6.028333,0.000000
6.028667,0.000000
6.029000,0.000000
6.029333,0.000000
6.029667,0.000000
6.030000,0.000000
6.030333,0.000000
6.030667,0.000000
6.031000,0.000000
6.031333,0.000000
6.031667,0.000000
6.032000,0.000000
6.032333,0.000000
6.032667,0.000000
6.033000,0.000000
6.033333,-0.000000
6.033667,-0.000000
6.034000,-0.000000
6.034333,-0.000000
6.034667,-0.000000
6.035000,-0.000000
6.035333,-0.000000
6.035667,-0.000000
6.036000,-0.000000
6.036333,-0.000000
6.036667,-0.000000
6.037000,-0.000000
6.037333,-0.000000
6.037667,-0.000000
6.038000,-0.000000
6.038333,-0.000000
6.038667,-0.000000
6.039000,-0.000000
6.039333,-0.000000
6.039667,-0.000000
6.040000,-0.000000
6.040333,-0.000000
6.040667,-0.000000
6.041000,-0.000000
6.041333,-0.000000
6.041667,-0.000000
6.042000,-0.000000
6.042333,-0.000000
6.042667,-0.000000
6.043000,-0.000000
6.043333,-0.000000
6.043667,-0.000000
6.044000,-0.000000
6.044333,-0.000000
6.044667,-0.000000
6.045000,-0.000000
6.045333,-0.000000
6.045667,-0.000000
6.046000,-0.000000
6.046333,-0.000000
6.046667,-0.000000
6.047000,-0.000000
6.047333,-0.000000
6.047667,-0.000000
6.048000,-0.000000
6.048333,-0.000000
6.048667,-0.000000
6.049000,-0.000000
6.049333,-0.000000
6.049667,-0.000000
6.050000,0.000000
6.050333,0.000000
6.050667,0.000000
6.051000,0.000000
6.051333,0.000000
6.051667,0.000000
6.052000,0.000000
6.052333,0.000000
6.052667,0.000000
6.053000,0.000000
6.053333,0.000000
6.053667,0.000000
6.054000,0.000000
6.054333,0.000000
6.054667,0.000000
6.055000,0.000000
6.055333,0.000000
6.055667,0.000000
6.056000,0.000000
6.056333,0.000000
6.056667,0.000000
6.057000,0.000000
6.057333,0.000000
6.057667,0.000000
6.058000,0.000000
6.058333,0.000000
6.058667,0.000000
6.059000,0.000000
6.059333,0.000000
6.059667,0.000000
6.060000,0.000000
6.060333,0.000000
6.060667,0.000000
6.061000,0.000000
6.061333,0.000000
6.061667,0.000000
6.062000,0.000000
6.062333,0.000000
6.062667,0.000000
6.063000,0.000000
6.063333,0.000000
6.063667,0.000000
6.064000,0.000000
6.064333,0.000000
6.064667,0.000000
6.065000,0.000000
6.065333,0.000000
6.065667,0.000000
6.066000,0.000000
6.066333,0.000000
6.066667,-0.000000
6.067000,-0.000000
6.067333,-0.000000
6.067667,-0.000000
6.068000,-0.000000
6.068333,-0.000000
6.068667,-0.000000
6.069000,-0.000000
6.069333,-0.000000
6.069667,-0.000000
6.070000,-0.000000
6.070333,-0.000000
6.070667,-0.000000
6.071000,-0.000000
6.071333,-0.000000
6.071667,-0.000000
6.072000,-0.000000
6.072333,-0.000000
6.072667,-0.000000
6.073000,-0.000000
6.073333,-0.000000
6.073667,-0.000000
6.074000,-0.000000
6.074333,-0.000000
6.074667,-0.000000
6.075000,-0.000000
6.075333,-0.000000
6.075667,-0.000000
6.076000,-0.000000
6.076333,-0.000000
6.076667,-0.000000
6.077000,-0.000000
6.077333,-0.000000
6.077667,-0.000000
6.078000,-0.000000
6.078333,-0.000000
6.078667,-0.000000
6.079000,-0.000000
6.079333,-0.000000
6.079667,-0.000000
6.080000,-0.000000
6.080333,-0.000000
6.080667,-0.000000
6.081000,-0.000000
6.081333,-0.000000
6.081667,-0.000000
6.082000,-0.000000
6.082333,-0.000000
6.082667,-0.000000
6.083000,-0.000000
6.083333,0.000000
6.083667,0.000000
6.084000,0.000000
6.084333,0.000000
6.084667,0.000000
6.085000,0.000000
6.085333,0.000000
6.085667,0.000000
6.086000,0.000000
6.086333,0.000000
6.086667,0.000000
6.087000,0.000000
6.087333,0.000000
6.087667,0.000000
6.088000,0.000000
6.088333,0.000000
6.088667,0.000000
6.089000,0.000000
6.089333,0.000000
6.089667,0.000000
6.090000,0.000000
6.090333,0.000000
6.090667,0.000000
6.091000,0.000000
6.091333,0.000000
6.091667,0.000000
6.092000,0.000000
6.092333,0.000000
6.092667,0.000000
6.093000,0.000000
6.093333,0.000000
6.093667,0.000000
6.094000,0.000000
6.094333,0.000000
6.094667,0.000000
6.095000,0.000000
6.095333,0.000000
6.095667,0.000000
6.096000,0.000000
6.096333,0.000000
6.096667,0.000000
6.097000,0.000000
6.097333,0.000000
6.097667,0.000000
6.098000,0.000000
6.098333,0.000000
6.098667,0.000000
6.099000,0.000000
6.099333,0.000000
6.099667,0.000000
6.100000,-0.000000
6.100333,-0.000000
6.100667,-0.000000
6.101000,-0.000000
6.101333,-0.000000
6.101667,-0.000000
6.102000,-0.000000
6.102333,-0.000000
6.102667,-0.000000
6.103000,-0.000000
6.103333,-0.000000
6.103667,-0.000000
6.104000,-0.000000
6.104333,-0.000000
6.104667,-0.000000
6.105000,-0.000000
6.105333,-0.000000
6.105667,-0.000000
6.106000,-0.000000
6.106333,-0.000000
6.106667,-0.000000
6.107000,-0.000000
6.107333,-0.000000
6.107667,-0.000000
6.108000,-0.000000
6.108333,-0.000000
6.108667,-0.000000
6.109000,-0.000000
6.109333,-0.000000
6.109667,-0.000000
6.110000,-0.000000
6.110333,-0.000000
6.110667,-0.000000
6.111000,-0.000000
6.111333,-0.000000
6.111667,-0.000000
6.112000,-0.000000
6.112333,-0.000000
6.112667,-0.000000
6.113000,-0.000000
6.113333,-0.000000
6.113667,-0.000000
6.114000,-0.000000
6.114333,-0.000000
6.114667,-0.000000
6.115000,-0.000000
6.115333,-0.000000
6.115667,-0.000000
6.116000,-0.000000
6.116333,-0.000000
6.116667,0.000000
6.117000,0.000000
6.117333,0.000000
6.117667,0.000000
6.118000,0.000000
6.118333,0.000000
6.118667,0.000000
6.119000,0.000000
6.119333,0.000000
6.119667,0.000000
6.120000,0.000000
6.120333,0.000000
6.120667,0.000000
6.121000,0.000000
6.121333,0.000000
6.121667,0.000000
6.122000,0.000000
6.122333,0.000000
6.122667,0.000000
6.123000,0.000000
6.123333,0.000000
6.123667,0.000000
6.124000,0.000000
6.124333,0.000000
6.124667,0.000000
6.125000,0.000000
6.125333,0.000000
6.125667,0.000000
6.126000,0.000000
6.126333,0.000000
6.126667,0.000000
6.127000,0.000000
6.127333,0.000000
6.127667,0.000000
6.128000,0.000000
6.128333,0.000000
6.128667,0.000000
6.129000,0.000000
6.129333,0.000000
6.129667,0.000000
6.130000,0.000000
6.130333,0.000000
6.130667,0.000000
6.131000,0.000000
6.131333,0.000000
6.131667,0.000000
6.132000,0.000000
6.132333,0.000000
6.132667,0.000000
6.133000,0.000000
6.133333,-0.000000
6.133667,-0.000000
6.134000,-0.000000
6.134333,-0.000000
6.134667,-0.000000
6.135000,-0.000000
6.135333,-0.000000
6.135667,-0.000000
6.136000,-0.000000
6.136333,-0.000000
6.136667,-0.000000
6.137000,-0.000000
6.137333,-0.000000
6.137667,-0.000000
6.138000,-0.000000
6.138333,-0.000000
6.138667,-0.000000
6.139000,-0.000000
6.139333,-0.000000
6.139667,-0.000000
6.140000,-0.000000
6.140333,-0.000000
6.140667,-0.000000
6.141000,-0.000000
6.141333,-0.000000
6.141667,-0.000000
6.142000,-0.000000
6.142333,-0.000000
6.142667,-0.000000
6.143000,-0.000000
6.143333,-0.000000
6.143667,-0.000000
6.144000,-0.000000
6.144333,-0.000000
6.144667,-0.000000
6.145000,-0.000000
6.145333,-0.000000
6.145667,-0.000000
6.146000,-0.000000
6.146333,-0.000000
6.146667,-0.000000
6.147000,-0.000000
6.147333,-0.000000
6.147667,-0.000000
6.148000,-0.000000
6.148333,-0.000000
6.148667,-0.000000
6.149000,-0.000000
6.149333,-0.000000
6.149667,-0.000000
6.150000,0.000000
6.150333,0.000000
6.150667,0.000000
6.151000,0.000000
6.151333,0.000000
6.151667,0.000000
6.152000,0.000000
6.152333,0.000000
6.152667,0.000000
6.153000,0.000000
6.153333,0.000000
6.153667,0.000000
6.154000,0.000000
6.154333,0.000000
6.154667,0.000000
6.155000,0.000000
6.155333,0.000000
6.155667,0.000000
6.156000,0.000000
6.156333,0.000000
6.156667,0.000000
6.157000,0.000000
6.157333,0.000000
6.157667,0.000000
6.158000,0.000000
6.158333,0.000000
6.158667,0.000000
6.159000,0.000000
6.159333,0.000000
6.159667,0.000000
6.160000,0.000000
6.160333,0.000000
6.160667,0.000000
6.161000,0.000000
6.161333,0.000000
6.161667,0.000000
6.162000,0.000000
6.162333,0.000000
6.162667,0.000000
6.163000,0.000000
6.163333,0.000000
6.163667,0.000000
6.164000,0.000000
6.164333,0.000000
6.164667,0.000000
6.165000,0.000000
6.165333,0.000000
6.165667,0.000000
6.166000,0.000000
6.166333,0.000000
6.166667,-0.000000
6.167000,-0.000000
6.167333,-0.000000
6.167667,-0.000000
6.168000,-0.000000
6.168333,-0.000000
6.168667,-0.000000
6.169000,-0.000000
6.169333,-0.000000
6.169667,-0.000000
6.170000,-0.000000
6.170333,-0.000000
6.170667,-0.000000
6.171000,-0.000000
6.171333,-0.000000
6.171667,-0.000000
6.172000,-0.000000
6.172333,-0.000000
6.172667,-0.000000
6.173000,-0.000000
6.173333,-0.000000
6.173667,-0.000000
6.174000,-0.000000
6.174333,-0.000000
6.174667,-0.000000
6.175000,-0.000000
6.175333,-0.000000
6.175667,-0.000000
6.176000,-0.000000
6.176333,-0.000000
6.176667,-0.000000
6.177000,-0.000000
6.177333,-0.000000
6.177667,-0.000000
6.178000,-0.000000
6.178333,-0.000000
6.178667,-0.000000
6.179000,-0.000000
6.179333,-0.000000
6.179667,-0.000000
6.180000,-0.000000
6.180333,-0.000000
6.180667,-0.000000
6.181000,-0.000000
6.181333,-0.000000
6.181667,-0.000000
6.182000,-0.000000
6.182333,-0.000000
6.182667,-0.000000
6.183000,-0.000000
6.183333,0.000000
6.183667,0.000000
6.184000,0.000000
6.184333,0.000000
6.184667,0.000000
6.185000,0.000000
6.185333,0.000000
6.185667,0.000000
6.186000,0.000000
6.186333,0.000000
6.186667,0.000000
6.187000,0.000000
6.187333,0.000000
6.187667,0.000000
6.188000,0.000000
6.188333,0.000000
6.188667,0.000000
6.189000,0.000000
6.189333,0.000000
6.189667,0.000000
6.190000,0.000000
6.190333,0.000000
6.190667,0.000000
6.191000,0.000000
6.191333,0.000000
6.191667,0.000000
6.192000,0.000000
6.192333,0.000000
6.192667,0.000000
6.193000,0.000000
6.193333,0.000000
6.193667,0.000000
6.194000,0.000000
6.194333,0.000000
6.194667,0.000000
6.195000,0.000000
6.195333,0.000000
6.195667,0.000000
6.196000,0.000000
6.196333,0.000000
6.196667,0.000000
6.197000,0.000000
6.197333,0.000000
6.197667,0.000000
6.198000,0.000000
6.198333,0.000000
6.198667,0.000000
6.199000,0.000000
6.199333,0.000000
6.199667,0.000000
6.200000,-0.000000
6.200333,-0.000000
6.200667,-0.000000
6.201000,-0.000000
6.201333,-0.000000
6.201667,-0.000000
6.202000,-0.000000
6.202333,-0.000000
6.202667,-0.000000
6.203000,-0.000000
6.203333,-0.000000
6.203667,-0.000000
6.204000,-0.000000
6.204333,-0.000000
6.204667,-0.000000
6.205000,-0.000000
6.205333,-0.000000
6.205667,-0.000000
6.206000,-0.000000
6.206333,-0.000000
6.206667,-0.000000
6.207000,-0.000000
6.207333,-0.000000
6.207667,-0.000000
6.208000,-0.000000
6.208333,-0.000000
6.208667,-0.000000
6.209000,-0.000000
6.209333,-0.000000
6.209667,-0.000000
6.210000,-0.000000
6.210333,-0.000000
6.210667,-0.000000
6.211000,-0.000000
6.211333,-0.000000
6.211667,-0.000000
6.212000,-0.000000
6.212333,-0.000000
6.212667,-0.000000
6.213000,-0.000000
6.213333,-0.000000
6.213667,0.003105
6.214000,0.006129
6.214333,0.009062
6.214667,0.011894
6.215000,0.014616
6.215333,0.017219
6.215667,0.019696
6.216000,0.022039
6.216333,0.024242
6.216667,0.026299
6.217000,0.028204
6.217333,0.029955
6.217667,0.031546
6.218000,0.032976
6.218333,0.034241
6.218667,0.035341
6.219000,0.036274
6.219333,0.037040
6.219667,0.037641
6.220000,0.038077
6.220333,0.038351
6.220667,0.038463
6.221000,0.038419
6.221333,0.038221
6.221667,0.037873
6.222000,0.037381
6.222333,0.036749
6.222667,0.035983
6.223000,0.035089
6.223333,0.034073
6.223667,0.032943
6.224000,0.031704
6.224333,0.030366
6.224667,0.028934
6.225000,0.027418
6.225333,0.025825
6.225667,0.024162
6.226000,0.022439
6.226333,0.020664
6.226667,0.018844
6.227000,0.016988
6.227333,0.015105
6.227667,0.013203
6.228000,0.011289
6.228333,0.009371
6.228667,0.007459
6.229000,0.005558
6.229333,0.003676
6.229667,0.001821
6.230000,0.000000
6.230333,-0.001781
6.230667,-0.003516
6.231000,-0.005199
6.231333,-0.006824
6.231667,-0.008386
6.232000,-0.009880
6.232333,-0.011301
6.232667,-0.012645
6.233000,-0.013909
6.233333,-0.015089
6.233667,-0.016182
6.234000,-0.017187
6.234333,-0.018100
6.234667,-0.018920
6.235000,-0.019646
6.235333,-0.020277
6.235667,-0.020812
6.236000,-0.021252
6.236333,-0.021597
6.236667,-0.021847
6.237000,-0.022004
6.237333,-0.022069
6.237667,-0.022043
6.238000,-0.021929
6.238333,-0.021730
6.238667,-0.021447
6.239000,-0.021085
6.239333,-0.020645
6.239667,-0.020132
6.240000,-0.019550
6.240333,-0.018901
6.240667,-0.018191
6.241000,-0.017422
6.241333,-0.016601
6.241667,-0.015731
6.242000,-0.014817
6.242333,-0.013863
6.242667,-0.012874
6.243000,-0.011856
6.243333,-0.010812
6.243667,-0.009747
6.244000,-0.008667
6.244333,-0.007575
6.244667,-0.006477
6.245000,-0.005377
6.245333,-0.004279
6.245667,-0.003189
6.246000,-0.002109
6.246333,-0.001045
6.246667,-0.000000
6.247000,0.001022
6.247333,0.002018
6.247667,0.002983
6.248000,0.003915
6.248333,0.004811
6.248667,0.005668
6.249000,0.006484
6.249333,0.007255
6.249667,0.007980
6.250000,0.008657
6.250333,0.009285
6.250667,0.009861
6.251000,0.010385
6.251333,0.010855
6.251667,0.011272
6.252000,0.011634
6.252333,0.011941
6.252667,0.012193
6.253000,0.012391
6.253333,0.012535
6.253667,0.012625
6.254000,0.012662
6.254333,0.012647
6.254667,0.012582
6.255000,0.012468
6.255333,0.012306
6.255667,0.012097
6.256000,0.011845
6.256333,0.011551
6.256667,0.011217
6.257000,0.010844
6.257333,0.010437
6.257667,0.009996
6.258000,0.009525
6.258333,0.009026
6.258667,0.008501
6.259000,0.007954
6.259333,0.007387
6.259667,0.006802
6.260000,0.006203
6.260333,0.005592
6.260667,0.004973
6.261000,0.004346
6.261333,0.003716
6.261667,0.003085
6.262000,0.002455
6.262333,0.001830
6.262667,0.001210
6.263000,0.000600
6.263333,0.000000
6.263667,-0.000586
6.264000,-0.001158
6.264333,-0.001712
6.264667,-0.002246
6.265000,-0.002761
6.265333,-0.003252
6.265667,-0.003720
6.266000,-0.004163
6.266333,-0.004579
6.266667,-0.004967
6.267000,-0.005327
6.267333,-0.005658
6.267667,-0.005958
6.268000,-0.006228
6.268333,-0.006467
6.268667,-0.006675
6.269000,-0.006851
6.269333,-0.006996
6.269667,-0.007110
6.270000,-0.007192
6.270333,-0.007243
6.270667,-0.007265
6.271000,-0.007256
6.271333,-0.007219
6.271667,-0.007153
6.272000,-0.007060
6.272333,-0.006941
6.272667,-0.006796
6.273000,-0.006627
6.273333,-0.006436
6.273667,-0.006222
6.274000,-0.005988
6.274333,-0.005735
6.274667,-0.005465
6.275000,-0.005179
6.275333,-0.004878
6.275667,-0.004564
6.276000,-0.004238
6.276333,-0.003903
6.276667,-0.003559
6.277000,-0.003209
6.277333,-0.002853
6.277667,-0.002494
6.278000,-0.002132
6.278333,-0.001770
6.278667,-0.001409
6.279000,-0.001050
6.279333,-0.000694
6.279667,-0.000344
6.280000,-0.000000
6.280333,0.000336
6.280667,0.000664
6.281000,0.000982
6.281333,0.001289
6.281667,0.001584
6.282000,0.001866
6.282333,0.002134
6.282667,0.002388
6.283000,0.002627
6.283333,0.002850
6.283667,0.003056
6.284000,0.003246
6.284333,0.003419
6.284667,0.003574
6.285000,0.003711
6.285333,0.003830
6.285667,0.003931
6.286000,0.004014
6.286333,0.004079
6.286667,0.004126
6.287000,0.004156
6.287333,0.004168
6.287667,0.004163
6.288000,0.004142
6.288333,0.004104
6.288667,0.004051
6.289000,0.003982
6.289333,0.003899
6.289667,0.003802
6.290000,0.003692
6.290333,0.003570
6.290667,0.003436
6.291000,0.003291
6.291333,0.003136
6.291667,0.002971
6.292000,0.002799
6.292333,0.002618
6.292667,0.002432
6.293000,0.002239
6.293333,0.002042
6.293667,0.001841
6.294000,0.001637
6.294333,0.001431
6.294667,0.001223
6.295000,0.001016
6.295333,0.000808
6.295667,0.000602
6.296000,0.000398
6.296333,0.000197
6.296667,0.000000
6.297000,-0.000193
6.297333,-0.000381
6.297667,-0.000563
6.298000,-0.000740
6.298333,-0.000909
6.298667,-0.001071
6.299000,-0.001225
6.299333,-0.001370
6.299667,-0.001507
6.300000,-0.001635
6.300333,-0.001754
6.300667,-0.001862
6.301000,-0.001961
6.301333,-0.002050
6.301667,-0.002129
6.302000,-0.002197
6.302333,-0.002255
6.302667,-0.002303
6.303000,-0.002340
6.303333,-0.002368
6.303667,-0.002385
6.304000,-0.002392
6.304333,-0.002389
6.304667,-0.002376
6.305000,-0.002355
6.305333,-0.002324
6.305667,-0.002285
6.306000,-0.002237
6.306333,-0.002182
6.306667,-0.002119
6.307000,-0.002048
6.307333,-0.001971
6.307667,-0.001888
6.308000,-0.001799
6.308333,-0.001705
6.308667,-0.001606
6.309000,-0.001502
6.309333,-0.001395
6.309667,-0.001285
6.310000,-0.001172
6.310333,-0.001056
6.310667,-0.000939
6.311000,-0.000821
6.311333,-0.000702
6.311667,-0.000583
6.312000,-0.000464
6.312333,-0.000346
6.312667,-0.000229
6.313000,-0.000113
6.313333,-0.000000
6.313667,0.000111
6.314000,0.000219
6.314333,0.000323
6.314667,0.000424
6.315000,0.000521
6.315333,0.000614
6.315667,0.000703
6.316000,0.000786
6.316333,0.000865
6.316667,0.000938
6.317000,0.001006
6.317333,0.001069
6.317667,0.001125
6.318000,0.001176
6.318333,0.001222
6.318667,0.001261
6.319000,0.001294
6.319333,0.001321
6.319667,0.001343
6.320000,0.001358
6.320333,0.001368
6.320667,0.001372
6.321000,0.001371
6.321333,0.001363
6.321667,0.001351
6.322000,0.001334
6.322333,0.001311
6.322667,0.001284
6.323000,0.001252
6.323333,0.001216
6.323667,0.001175
6.324000,0.001131
6.324333,0.001083
6.324667,0.001032
6.325000,0.000978
6.325333,0.000921
6.325667,0.000862
6.326000,0.000800
6.326333,0.000737
6.326667,0.000672
6.327000,0.000606
6.327333,0.000539
6.327667,0.000471
6.328000,0.000403
6.328333,0.000334
6.328667,0.000266
6.329000,0.000198
6.329333,0.000131
6.329667,0.000065
6.330000,0.000000
6.330333,-0.000064
6.330667,-0.000125
6.331000,-0.000185
6.331333,-0.000243
6.331667,-0.000299
6.332000,-0.000352
6.332333,-0.000403
6.332667,-0.000451
6.333000,-0.000496
6.333333,-0.000538
6.333667,-0.000577
6.334000,-0.000613
6.334333,-0.000646
6.334667,-0.000675
6.335000,-0.000701
6.335333,-0.000723
6.335667,-0.000742
6.336000,-0.000758
6.336333,-0.000770
6.336667,-0.000779
6.337000,-0.000785
6.337333,-0.000787
6.337667,-0.000786
6.338000,-0.000782
6.338333,-0.000775
6.338667,-0.000765
6.339000,-0.000752
6.339333,-0.000736
6.339667,-0.000718
6.340000,-0.000697
6.340333,-0.000674
6.340667,-0.000649
6.341000,-0.000622
6.341333,-0.000592
6.341667,-0.000561
6.342000,-0.000529
6.342333,-0.000495
6.342667,-0.000459
6.343000,-0.000423
6.343333,-0.000386
6.343667,-0.000348
6.344000,-0.000309
6.344333,-0.000270
6.344667,-0.000231
6.345000,-0.000192
6.345333,-0.000153
6.345667,-0.000114
6.346000,-0.000075
6.346333,-0.000037
6.346667,-0.000000
6.347000,0.000036
6.347333,0.000072
6.347667,0.000106
6.348000,0.000140
6.348333,0.000172
6.348667,0.000202
6.349000,0.000231
6.349333,0.000259
6.349667,0.000285
6.350000,0.000309
6.350333,0.000331
6.350667,0.000352
6.351000,0.000370
6.351333,0.000387
6.351667,0.000402
6.352000,0.000415
6.352333,0.000426
6.352667,0.000435
6.353000,0.000442
6.353333,0.000447
6.353667,0.000450
6.354000,0.000452
6.354333,0.000451
6.354667,0.000449
6.355000,0.000445
6.355333,0.000439
6.355667,0.000432
6.356000,0.000423
6.356333,0.000412
6.356667,0.000400
6.357000,0.000387
6.357333,0.000372
6.357667,0.000357
6.358000,0.000340
6.358333,0.000322
6.358667,0.000303
6.359000,0.000284
6.359333,0.000264
6.359667,0.000243
6.360000,0.000221
6.360333,0.000200
6.360667,0.000177
6.361000,0.000155
6.361333,0.000133
6.361667,0.000110
6.362000,0.000088
6.362333,0.000065
6.362667,0.000043
6.363000,0.000021
6.363333,0.000000
6.363667,-0.000021
6.364000,-0.000041
6.364333,-0.000061
6.364667,-0.000080
6.365000,-0.000098
6.365333,-0.000116
6.365667,-0.000133
6.366000,-0.000148
6.366333,-0.000163
6.366667,-0.000177
6.367000,-0.000190
6.367333,-0.000202
6.367667,-0.000213
6.368000,-0.000222
6.368333,-0.000231
6.368667,-0.000238
6.369000,-0.000244
6.369333,-0.000250
6.369667,-0.000254
6.370000,-0.000257
6.370333,-0.000258
6.370667,-0.000259
6.371000,-0.000259
6.371333,-0.000258
6.371667,-0.000255
6.372000,-0.000252
6.372333,-0.000248
6.372667,-0.000242
6.373000,-0.000236
6.373333,-0.000230
6.373667,-0.000222
6.374000,-0.000214
6.374333,-0.000205
6.374667,-0.000195
6.375000,-0.000185
6.375333,-0.000174
6.375667,-0.000163
6.376000,-0.000151
6.376333,-0.000139
6.376667,-0.000127
6.377000,-0.000114
6.377333,-0.000102
6.377667,-0.000089
6.378000,-0.000076
6.378333,-0.000063
6.378667,-0.000050
6.379000,-0.000037
6.379333,-0.000025
6.379667,-0.000012
6.380000,-0.000000
6.380333,0.000012
6.380667,0.000024
6.381000,0.000035
6.381333,0.000046
6.381667,0.000057
6.382000,0.000067
6.382333,0.000076
6.382667,0.000085
6.383000,0.000094
6.383333,0.000102
6.383667,0.000109
6.384000,0.000116
6.384333,0.000122
6.384667,0.000127
6.385000,0.000132
6.385333,0.000137
6.385667,0.000140
6.386000,0.000143
6.386333,0.000146
6.386667,0.000147
6.387000,0.000148
6.387333,0.000149
6.387667,0.000149
6.388000,0.000148
6.388333,0.000146
6.388667,0.000145
6.389000,0.000142
6.389333,0.000139
6.389667,0.000136
6.390000,0.000132
6.390333,0.000127
6.390667,0.000123
6.391000,0.000117
6.391333,0.000112
6.391667,0.000106
6.392000,0.000100
6.392333,0.000093
6.392667,0.000087
6.393000,0.000080
6.393333,0.000073
6.393667,0.000066
6.394000,0.000058
6.394333,0.000051
6.394667,0.000044
6.395000,0.000036
6.395333,0.000029
6.395667,0.000021
6.396000,0.000014
6.396333,0.000007
6.396667,0.000000
6.397000,-0.000007
6.397333,-0.000014
6.397667,-0.000020
6.398000,-0.000026
6.398333,-0.000032
6.398667,-0.000038
6.399000,-0.000044
6.399333,-0.000049
6.399667,-0.000054
6.400000,-0.000058
6.400333,-0.000063
6.400667,-0.000066
6.401000,-0.000070
6.401333,-0.000073
6.401667,-0.000076
6.402000,-0.000078
6.402333,-0.000080
6.402667,-0.000082
6.403000,-0.000083
6.403333,-0.000084
6.403667,-0.000085
6.404000,-0.000085
6.404333,-0.000085
6.404667,-0.000085
6.405000,-0.000084
6.405333,-0.000083
6.405667,-0.000082
6.406000,-0.000080
6.406333,-0.000078
6.406667,-0.000076
6.407000,-0.000073
6.407333,-0.000070
6.407667,-0.000067
6.408000,-0.000064
6.408333,-0.000061
6.408667,-0.000057
6.409000,-0.000054
6.409333,-0.000050
6.409667,-0.000046
6.410000,-0.000042
6.410333,-0.000038
6.410667,-0.000034
6.411000,-0.000029
6.411333,-0.000025
6.411667,-0.000021
6.412000,-0.000017
6.412333,-0.000012
6.412667,-0.000008
6.413000,-0.000004
6.413333,-0.000000
6.413667,0.000004
6.414000,0.000008
6.414333,0.000012
6.414667,0.000015
6.415000,0.000019
6.415333,0.000022
6.415667,0.000025
6.416000,0.000028
6.416333,0.000031
6.416667,0.000033
6.417000,0.000036
6.417333,0.000038
6.417667,0.000040
6.418000,0.000042
6.418333,0.000044
6.418667,0.000045
6.419000,0.000046
6.419333,0.000047
6.419667,0.000048
6.420000,0.000048
6.420333,0.000049
6.420667,0.000049
6.421000,0.000049
6.421333,0.000049
6.421667,0.000048
6.422000,0.000048
6.422333,0.000047
6.422667,0.000046
6.423000,0.000045
6.423333,0.000043
6.423667,0.000042
6.424000,0.000040
6.424333,0.000039
6.424667,0.000037
6.425000,0.000035
6.425333,0.000033
6.425667,0.000031
6.426000,0.000029
6.426333,0.000026
6.426667,0.000024
6.427000,0.000022
6.427333,0.000019
6.427667,0.000017
6.428000,0.000014
6.428333,0.000012
6.428667,0.000009
6.429000,0.000007
6.429333,0.000005
6.429667,0.000002
6.430000,0.000000
6.430333,-0.000002
6.430667,-0.000004
6.431000,-0.000007
6.431333,-0.000009
6.431667,-0.000011
6.432000,-0.000013
6.432333,-0.000014
6.432667,-0.000016
6.433000,-0.000018
6.433333,-0.000019
6.433667,-0.000021
6.434000,-0.000022
6.434333,-0.000023
6.434667,-0.000024
6.435000,-0.000025
6.435333,-0.000026
6.435667,-0.000026
6.436000,-0.000027
6.436333,-0.000027
6.436667,-0.000028
6.437000,-0.000028
6.437333,-0.000028
6.437667,-0.000028
6.438000,-0.000028
6.438333,-0.000028
6.438667,-0.000027
6.439000,-0.000027
6.439333,-0.000026
6.439667,-0.000026
6.440000,-0.000025
6.440333,-0.000024
6.440667,-0.000023
6.441000,-0.000022
6.441333,-0.000021
6.441667,-0.000020
6.442000,-0.000019
6.442333,-0.000018
6.442667,-0.000016
6.443000,-0.000015
6.443333,-0.000014
6.443667,-0.000012
6.444000,-0.000011
6.444333,-0.000010
6.444667,-0.000008
6.445000,-0.000007
6.445333,-0.000005
6.445667,-0.000004
6.446000,-0.000003
6.446333,-0.000001
6.446667,-0.000000
6.447000,0.000001
6.447333,0.000003
6.447667,0.000004
6.448000,0.000005
6.448333,0.000006
6.448667,0.000007
6.449000,0.000008
6.449333,0.000009
6.449667,0.000010
6.450000,0.000011
6.450333,0.000012
6.450667,0.000013
6.451000,0.000013
6.451333,0.000014
6.451667,0.000014
6.452000,0.000015
6.452333,0.000015
6.452667,0.000016
6.453000,0.000016
6.453333,0.000016
6.453667,0.000016
6.454000,0.000016
6.454333,0.000016
6.454667,0.000016
6.455000,0.000016
6.455333,0.000016
6.455667,0.000015
6.456000,0.000015
6.456333,0.000015
6.456667,0.000014
6.457000,0.000014
6.457333,0.000013
6.457667,0.000013
6.458000,0.000012
6.458333,0.000011
6.458667,0.000011
6.459000,0.000010
6.459333,0.000009
6.459667,0.000009
6.460000,0.000008
6.460333,0.000007
6.460667,0.000006
6.461000,0.000006
6.461333,0.000005
6.461667,0.000004
6.462000,0.000003
6.462333,0.000002
6.462667,0.000002
6.463000,0.000001
6.463333,0.000000
6.463667,-0.000001
6.464000,-0.000001
6.464333,-0.000002
6.464667,-0.000003
6.465000,-0.000004
6.465333,-0.000004
6.465667,-0.000005
6.466000,-0.000005
6.466333,-0.000006
6.466667,-0.000006
6.467000,-0.000007
6.467333,-0.000007
6.467667,-0.000008
6.468000,-0.000008
6.468333,-0.000008
6.468667,-0.000008
6.469000,-0.000009
6.469333,-0.000009
6.469667,-0.000009
6.470000,-0.000009
6.470333,-0.000009
6.470667,-0.000009
6.471000,-0.000009
6.471333,-0.000009
6.471667,-0.000009
6.472000,-0.000009
6.472333,-0.000009
6.472667,-0.000009
6.473000,-0.000008
6.473333,-0.000008
6.473667,-0.000008
6.474000,-0.000008
6.474333,-0.000007
6.474667,-0.000007
6.475000,-0.000007
6.475333,-0.000006
6.475667,-0.000006
6.476000,-0.000005
6.476333,-0.000005
6.476667,-0.000005
6.477000,-0.000004
6.477333,-0.000004
6.477667,-0.000003
6.478000,-0.000003
6.478333,-0.000002
6.478667,-0.000002
6.479000,-0.000001
6.479333,-0.000001
6.479667,-0.000000
6.480000,-0.000000
6.480333,0.000000
6.480667,0.000001
6.481000,0.000001
6.481333,0.000002
6.481667,0.000002
6.482000,0.000002
6.482333,0.000003
6.482667,0.000003
6.483000,0.000003
6.483333,0.000004
6.483667,0.001246
6.484000,0.002456
6.484333,0.003629
6.484667,0.004762
6.485000,0.005851
6.485333,0.006893
6.485667,0.007883
6.486000,0.008821
6.486333,0.009702
6.486667,0.010525
6.487000,0.011287
6.487333,0.011987
6.487667,0.012624
6.488000,0.013196
6.488333,0.013702
6.488667,0.014141
6.489000,0.014515
6.489333,0.014821
6.489667,0.015061
6.490000,0.015236
6.490333,0.015345
6.490667,0.015390
6.491000,0.015372
6.491333,0.015292
6.491667,0.015153
6.492000,0.014956
6.492333,0.014703
6.492667,0.014396
6.493000,0.014038
6.493333,0.013632
6.493667,0.013179
6.494000,0.012684
6.494333,0.012148
6.494667,0.011575
6.495000,0.010968
6.495333,0.010331
6.495667,0.009666
6.496000,0.008976
6.496333,0.008266
6.496667,0.007538
6.497000,0.006795
6.497333,0.006042
6.497667,0.005280
6.498000,0.004515
6.498333,0.003747
6.498667,0.002982
6.499000,0.002222
6.499333,0.001469
6.499667,0.000727
6.500000,-0.000002
6.500333,-0.000715
6.500667,-0.001409
6.501000,-0.002082
6.501333,-0.002732
6.501667,-0.003357
6.502000,-0.003955
6.502333,-0.004523
6.502667,-0.005061
6.503000,-0.005567
6.503333,-0.006039
6.503667,-0.006476
6.504000,-0.006878
6.504333,-0.007243
6.504667,-0.007571
6.505000,-0.007861
6.505333,-0.008114
6.505667,-0.008328
6.506000,-0.008504
6.506333,-0.008641
6.506667,-0.008741
6.507000,-0.008804
6.507333,-0.008830
6.507667,-0.008820
6.508000,-0.008774
6.508333,-0.008694
6.508667,-0.008581
6.509000,-0.008436
6.509333,-0.008260
6.509667,-0.008055
6.510000,-0.007821
6.510333,-0.007562
6.510667,-0.007277
6.511000,-0.006970
6.511333,-0.006641
6.511667,-0.006293
6.512000,-0.005927
6.512333,-0.005546
6.512667,-0.005150
6.513000,-0.004742
6.513333,-0.004325
6.513667,-0.003899
6.514000,-0.003466
6.514333,-0.003030
6.514667,-0.002590
6.515000,-0.002150
6.515333,-0.001711
6.515667,-0.001275
6.516000,-0.000843
6.516333,-0.000417
6.516667,0.000001
6.517000,0.000410
6.517333,0.000808
6.517667,0.001195
6.518000,0.001568
6.518333,0.001926
6.518667,0.002269
6.519000,0.002595
6.519333,0.002904
6.519667,0.003194
6.520000,0.003465
6.520333,0.003716
6.520667,0.003946
6.521000,0.004156
6.521333,0.004344
6.521667,0.004510
6.522000,0.004655
6.522333,0.004778
6.522667,0.004879
6.523000,0.004958
6.523333,0.005015
6.523667,0.005051
6.524000,0.005066
6.524333,0.005060
6.524667,0.005034
6.525000,0.004988
6.525333,0.004923
6.525667,0.004840
6.526000,0.004739
6.526333,0.004621
6.526667,0.004488
6.527000,0.004339
6.527333,0.004175
6.527667,0.003999
6.528000,0.003811
6.528333,0.003611
6.528667,0.003401
6.529000,0.003182
6.529333,0.002955
6.529667,0.002721
6.530000,0.002481
6.530333,0.002237
6.530667,0.001989
6.531000,0.001738
6.531333,0.001486
6.531667,0.001234
6.532000,0.000982
6.532333,0.000731
6.532667,0.000484
6.533000,0.000239
6.533333,-0.000001
6.533667,-0.000235
6.534000,-0.000464
6.534333,-0.000685
6.534667,-0.000899
6.535000,-0.001105
6.535333,-0.001302
6.535667,-0.001489
6.536000,-0.001666
6.536333,-0.001832
6.536667,-0.001988
6.537000,-0.002132
6.537333,-0.002264
6.537667,-0.002384
6.538000,-0.002492
6.538333,-0.002588
6.538667,-0.002671
6.539000,-0.002741
6.539333,-0.002799
6.539667,-0.002845
6.540000,-0.002878
6.540333,-0.002898
6.540667,-0.002907
6.541000,-0.002903
6.541333,-0.002888
6.541667,-0.002862
6.542000,-0.002825
6.542333,-0.002777
6.542667,-0.002719
6.543000,-0.002651
6.543333,-0.002575
6.543667,-0.002489
6.544000,-0.002396
6.544333,-0.002294
6.544667,-0.002186
6.545000,-0.002072
6.545333,-0.001951
6.545667,-0.001826
6.546000,-0.001695
6.546333,-0.001561
6.546667,-0.001424
6.547000,-0.001283
6.547333,-0.001141
6.547667,-0.000997
6.548000,-0.000853
6.548333,-0.000708
6.548667,-0.000563
6.549000,-0.000420
6.549333,-0.000277
6.549667,-0.000137
6.550000,0.000000
6.550333,0.000135
6.550667,0.000266
6.551000,0.000393
6.551333,0.000516
6.551667,0.000634
6.552000,0.000747
6.552333,0.000854
6.552667,0.000956
6.553000,0.001051
6.553333,0.001141
6.553667,0.001223
6.554000,0.001299
6.554333,0.001368
6.554667,0.001430
6.555000,0.001485
6.555333,0.001532
6.555667,0.001573
6.556000,0.001606
6.556333,0.001632
6.556667,0.001651
6.557000,0.001663
6.557333,0.001668
6.557667,0.001666
6.558000,0.001657
6.558333,0.001642
6.558667,0.001621
6.559000,0.001593
6.559333,0.001560
6.559667,0.001521
6.560000,0.001477
6.560333,0.001428
6.560667,0.001375
6.561000,0.001316
6.561333,0.001254
6.561667,0.001189
6.562000,0.001120
6.562333,0.001047
6.562667,0.000973
6.563000,0.000896
6.563333,0.000817
6.563667,0.000736
6.564000,0.000655
6.564333,0.000572
6.564667,0.000489
6.565000,0.000406
6.565333,0.000323
6.565667,0.000241
6.566000,0.000159
6.566333,0.000079
6.566667,-0.000000
6.567000,-0.000077
6.567333,-0.000153
6.567667,-0.000226
6.568000,-0.000296
6.568333,-0.000364
6.568667,-0.000429
6.569000,-0.000490
6.569333,-0.000548
6.569667,-0.000603
6.570000,-0.000654
6.570333,-0.000702
6.570667,-0.000745
6.571000,-0.000785
6.571333,-0.000820
6.571667,-0.000852
6.572000,-0.000879
6.572333,-0.000902
6.572667,-0.000922
6.573000,-0.000936
6.573333,-0.000947
6.573667,-0.000954
6.574000,-0.000957
6.574333,-0.000956
6.574667,-0.000951
6.575000,-0.000942
6.575333,-0.000930
6.575667,-0.000914
6.576000,-0.000895
6.576333,-0.000873
6.576667,-0.000848
6.577000,-0.000819
6.577333,-0.000789
6.577667,-0.000755
6.578000,-0.000720
6.578333,-0.000682
6.578667,-0.000642
6.579000,-0.000601
6.579333,-0.000558
6.579667,-0.000514
6.580000,-0.000469
6.580333,-0.000422
6.580667,-0.000376
6.581000,-0.000328
6.581333,-0.000281
6.581667,-0.000233
6.582000,-0.000185
6.582333,-0.000138
6.582667,-0.000091
6.583000,-0.000045
6.583333,0.000000
6.583667,0.000044
6.584000,0.000088
6.584333,0.000129
6.584667,0.000170
6.585000,0.000209
6.585333,0.000246
6.585667,0.000281
6.586000,0.000315
6.586333,0.000346
6.586667,0.000375
6.587000,0.000403
6.587333,0.000428
6.587667,0.000450
6.588000,0.000471
6.588333,0.000489
6.588667,0.000504
6.589000,0.000518
6.589333,0.000529
6.589667,0.000537
6.590000,0.000544
6.590333,0.000547
6.590667,0.000549
6.591000,0.000548
6.591333,0.000546
6.591667,0.000541
6.592000,0.000534
6.592333,0.000525
6.592667,0.000514
6.593000,0.000501
6.593333,0.000486
6.593667,0.000470
6.594000,0.000452
6.594333,0.000433
6.594667,0.000413
6.595000,0.000391
6.595333,0.000369
6.595667,0.000345
6.596000,0.000320
6.596333,0.000295
6.596667,0.000269
6.597000,0.000242
6.597333,0.000216
6.597667,0.000188
6.598000,0.000161
6.598333,0.000134
6.598667,0.000106
6.599000,0.000079
6.599333,0.000052
6.599667,0.000026
6.600000,-0.000000
6.600333,-0.000025
6.600667,-0.000050
6.601000,-0.000074
6.601333,-0.000097
6.601667,-0.000120
6.602000,-0.000141
6.602333,-0.000161
6.602667,-0.000181
6.603000,-0.000199
6.603333,-0.000215
6.603667,-0.000231
6.604000,-0.000245
6.604333,-0.000258
6.604667,-0.000270
6.605000,-0.000280
6.605333,-0.000289
6.605667,-0.000297
6.606000,-0.000303
6.606333,-0.000308
6.606667,-0.000312
6.607000,-0.000314
6.607333,-0.000315
6.607667,-0.000315
6.608000,-0.000313
6.608333,-0.000310
6.608667,-0.000306
6.609000,-0.000301
6.609333,-0.000295
6.609667,-0.000287
6.610000,-0.000279
6.610333,-0.000270
6.610667,-0.000260
6.611000,-0.000249
6.611333,-0.000237
6.611667,-0.000225
6.612000,-0.000211
6.612333,-0.000198
6.612667,-0.000184
6.613000,-0.000169
6.613333,-0.000154
6.613667,-0.000139
6.614000,-0.000124
6.614333,-0.000108
6.614667,-0.000092
6.615000,-0.000077
6.615333,-0.000061
6.615667,-0.000045
6.616000,-0.000030
6.616333,-0.000015
6.616667,0.000000
6.617000,0.000015
6.617333,0.000029
6.617667,0.000043
6.618000,0.000056
6.618333,0.000069
6.618667,0.000081
6.619000,0.000093
6.619333,0.000104
6.619667,0.000114
6.620000,0.000124
6.620333,0.000133
6.620667,0.000141
6.621000,0.000148
6.621333,0.000155
6.621667,0.000161
6.622000,0.000166
6.622333,0.000170
6.622667,0.000174
6.623000,0.000177
6.623333,0.000179
6.623667,0.000180
6.624000,0.000181
6.624333,0.000181
6.624667,0.000180
6.625000,0.000178
6.625333,0.000176
6.625667,0.000173
6.626000,0.000169
6.626333,0.000165
6.626667,0.000160
6.627000,0.000155
6.627333,0.000149
6.627667,0.000143
6.628000,0.000136
6.628333,0.000129
6.628667,0.000121
6.629000,0.000114
6.629333,0.000105
6.629667,0.000097
6.630000,0.000089
6.630333,0.000080
6.630667,0.000071
6.631000,0.000062
6.631333,0.000053
6.631667,0.000044
6.632000,0.000035
6.632333,0.000026
6.632667,0.000017
6.633000,0.000009
6.633333,-0.000000
6.633667,-0.000008
6.634000,-0.000017
6.634333,-0.000024
6.634667,-0.000032
6.635000,-0.000039
6.635333,-0.000046
6.635667,-0.000053
6.636000,-0.000059
6.636333,-0.000065
6.636667,-0.000071
6.637000,-0.000076
6.637333,-0.000081
6.637667,-0.000085
6.638000,-0.000089
6.638333,-0.000092
6.638667,-0.000095
6.639000,-0.000098
6.639333,-0.000100
6.639667,-0.000101
6.640000,-0.000103
6.640333,-0.000103
6.640667,-0.000104
6.641000,-0.000104
6.641333,-0.000103
6.641667,-0.000102
6.642000,-0.000101
6.642333,-0.000099
6.642667,-0.000097
6.643000,-0.000095
6.643333,-0.000092
6.643667,-0.000089
6.644000,-0.000085
6.644333,-0.000082
6.644667,-0.000078
6.645000,-0.000074
6.645333,-0.000070
6.645667,-0.000065
6.646000,-0.000060
6.646333,-0.000056
6.646667,-0.000051
6.647000,-0.000046
6.647333,-0.000041
6.647667,-0.000036
6.648000,-0.000030
6.648333,-0.000025
6.648667,-0.000020
6.649000,-0.000015
6.649333,-0.000010
6.649667,-0.000005
6.650000,0.000000
6.650333,0.000005
6.650667,0.000009
6.651000,0.000014
6.651333,0.000018
6.651667,0.000023
6.652000,0.000027
6.652333,0.000030
6.652667,0.000034
6.653000,0.000038
6.653333,0.000041
6.653667,0.000044
6.654000,0.000046
6.654333,0.000049
6.654667,0.000051
6.655000,0.000053
6.655333,0.000055
6.655667,0.000056
6.656000,0.000057
6.656333,0.000058
6.656667,0.000059
6.657000,0.000059
6.657333,0.000059
6.657667,0.000059
6.658000,0.000059
6.658333,0.000059
6.658667,0.000058
6.659000,0.000057
6.659333,0.000056
6.659667,0.000054
6.660000,0.000053
6.660333,0.000051
6.660667,0.000049
6.661000,0.000047
6.661333,0.000045
6.661667,0.000042
6.662000,0.000040
6.662333,0.000037
6.662667,0.000035
6.663000,0.000032
6.663333,0.000029
6.663667,0.000026
6.664000,0.000023
6.664333,0.000020
6.664667,0.000017
6.665000,0.000014
6.665333,0.000012
6.665667,0.000009
6.666000,0.000006
6.666333,0.000003
6.666667,-0.000000
6.667000,-0.000003
6.667333,-0.000005
6.667667,-0.000008
6.668000,-0.000011
6.668333,-0.000013
6.668667,-0.000015
6.669000,-0.000017
6.669333,-0.000020
6.669667,-0.000022
6.670000,-0.000023
6.670333,-0.000025
6.670667,-0.000027
6.671000,-0.000028
6.671333,-0.000029
6.671667,-0.000030
6.672000,-0.000031
6.672333,-0.000032
6.672667,-0.000033
6.673000,-0.000033
6.673333,-0.000034
6.673667,-0.000034
6.674000,-0.000034
6.674333,-0.000034
6.674667,-0.000034
6.675000,-0.000034
6.675333,-0.000033
6.675667,-0.000033
6.676000,-0.000032
6.676333,-0.000031
6.676667,-0.000030
6.677000,-0.000029
6.677333,-0.000028
6.677667,-0.000027
6.678000,-0.000026
6.678333,-0.000024
6.678667,-0.000023
6.679000,-0.000021
6.679333,-0.000020
6.679667,-0.000018
6.680000,-0.000017
6.680333,-0.000015
6.680667,-0.000013
6.681000,-0.000012
6.681333,-0.000010
6.681667,-0.000008
6.682000,-0.000007
6.682333,-0.000005
6.682667,-0.000003
6.683000,-0.000002
6.683333,0.000000
6.683667,0.000002
6.684000,0.000003
6.684333,0.000005
6.684667,0.000006
6.685000,0.000007
6.685333,0.000009
6.685667,0.000010
6.686000,0.000011
6.686333,0.000012
6.686667,0.000013
6.687000,0.000014
6.687333,0.000015
6.687667,0.000016
6.688000,0.000017
6.688333,0.000017
6.688667,0.000018
6.689000,0.000018
6.689333,0.000019
6.689667,0.000019
6.690000,0.000019
6.690333,0.000020
6.690667,0.000020
6.691000,0.000020
6.691333,0.000019
6.691667,0.000019
6.692000,0.000019
6.692333,0.000019
6.692667,0.000018
6.693000,0.000018
6.693333,0.000017
6.693667,0.000017
6.694000,0.000016
6.694333,0.000015
6.694667,0.000015
6.695000,0.000014
6.695333,0.000013
6.695667,0.000012
6.696000,0.000011
6.696333,0.000011
6.696667,0.000010
6.697000,0.000009
6.697333,0.000008
6.697667,0.000007
6.698000,0.000006
6.698333,0.000005
6.698667,0.000004
6.699000,0.000003
6.699333,0.000002
6.699667,0.000001
6.700000,-0.000000
6.700333,-0.000001
6.700667,-0.000002
6.701000,-0.000003
6.701333,-0.000003
6.701667,-0.000004
6.702000,-0.000005
6.702333,-0.000006
6.702667,-0.000006
6.703000,-0.000007
6.703333,-0.000008
6.703667,-0.000008
6.704000,-0.000009
6.704333,-0.000009
6.704667,-0.000010
6.705000,-0.000010
6.705333,-0.000010
6.705667,-0.000011
6.706000,-0.000011
6.706333,-0.000011
6.706667,-0.000011
6.707000,-0.000011
6.707333,-0.000011
6.707667,-0.000011
6.708000,-0.000011
6.708333,-0.000011
6.708667,-0.000011
6.709000,-0.000011
6.709333,-0.000011
6.709667,-0.000010
6.710000,-0.000010
6.710333,-0.000010
6.710667,-0.000009
6.711000,-0.000009
6.711333,-0.000008
6.711667,-0.000008
6.712000,-0.000008
6.712333,-0.000007
6.712667,-0.000007
6.713000,-0.000006
6.713333,-0.000006
6.713667,-0.000005
6.714000,-0.000004
6.714333,-0.000004
6.714667,-0.000003
6.715000,-0.000003
6.715333,-0.000002
6.715667,-0.000002
6.716000,-0.000001
6.716333,-0.000001
6.716667,0.000000
6.717000,0.000001
6.717333,0.000001
6.717667,0.000002
6.718000,0.000002
6.718333,0.000002
6.718667,0.000003
6.719000,0.000003
6.719333,0.000004
6.719667,0.000004
6.720000,0.000004
6.720333,0.000005
6.720667,0.000005
6.721000,0.000005
6.721333,0.000006
6.721667,0.000006
6.722000,0.000006
6.722333,0.000006
6.722667,0.000006
6.723000,0.000006
6.723333,0.000006
6.723667,0.000006
6.724000,0.000006
6.724333,0.000006
6.724667,0.000006
6.725000,0.000006
6.725333,0.000006
6.725667,0.000006
6.726000,0.000006
6.726333,0.000006
6.726667,0.000006
6.727000,0.000006
6.727333,0.000005
6.727667,0.000005
6.728000,0.000005
6.728333,0.000005
6.728667,0.000004
6.729000,0.000004
6.729333,0.000004
6.729667,0.000003
6.730000,0.000003
6.730333,0.000003
6.730667,0.000003
6.731000,0.000002
6.731333,0.000002
6.731667,0.000002
6.732000,0.000001
6.732333,0.000001
6.732667,0.000001
6.733000,0.000000
6.733333,-0.000000
6.733667,-0.000000
6.734000,-0.000001
6.734333,-0.000001
6.734667,-0.000001
6.735000,-0.000001
6.735333,-0.000002
6.735667,-0.000002
6.736000,-0.000002
6.736333,-0.000002
6.736667,-0.000003
6.737000,-0.000003
6.737333,-0.000003
6.737667,-0.000003
6.738000,-0.000003
6.738333,-0.000003
6.738667,-0.000003
6.739000,-0.000003
6.739333,-0.000004
6.739667,-0.000004
6.740000,-0.000004
6.740333,-0.000004
6.740667,-0.000004
6.741000,-0.000004
6.741333,-0.000004
6.741667,-0.000004
6.742000,-0.000004
6.742333,-0.000004
6.742667,-0.000003
6.743000,-0.000003
6.743333,-0.000003
6.743667,-0.000003
6.744000,-0.000003
6.744333,-0.000003
6.744667,-0.000003
6.745000,-0.000003
6.745333,-0.000002
6.745667,-0.000002
6.746000,-0.000002
6.746333,-0.000002
6.746667,-0.000002
6.747000,-0.000002
6.747333,-0.000001
6.747667,-0.000001
6.748000,-0.000001
6.748333,-0.000001
6.748667,-0.000001
6.749000,-0.000001
6.749333,-0.000000
6.749667,-0.000000
6.750000,0.000000
6.750333,0.000000
6.750667,0.000000
6.751000,0.000001
6.751333,0.000001
6.751667,0.000001
6.752000,0.000001
6.752333,0.000001
6.752667,0.000001
6.753000,0.000001
6.753333,0.000001
6.753667,0.000002
6.754000,0.000002
6.754333,0.000002
6.754667,0.000002
6.755000,0.000002
6.755333,0.000002
6.755667,0.000002
6.756000,0.000002
6.756333,0.000002
6.756667,0.000002
6.757000,0.000002
6.757333,0.000002
6.757667,0.000002
6.758000,0.000002
6.758333,0.000002
6.758667,0.000002
6.759000,0.000002
6.759333,0.000002
6.759667,0.000002
6.760000,0.000002
6.760333,0.000002
6.760667,0.000002
6.761000,0.000002
6.761333,0.000002
6.761667,0.000002
6.762000,0.000001
6.762333,0.000001
6.762667,0.000001
6.763000,0.000001
6.763333,0.000001
6.763667,0.000001
6.764000,0.000001
6.764333,0.000001
6.764667,0.000001
6.765000,0.000001
6.765333,0.000000
6.765667,0.000000
6.766000,0.000000
6.766333,0.000000
6.766667,-0.000000
6.767000,-0.000000
6.767333,-0.000000
6.767667,-0.000000
6.768000,-0.000000
6.768333,-0.000000
6.768667,-0.000001
6.769000,-0.000001
6.769333,-0.000001
6.769667,-0.000001
6.770000,-0.000001
6.770333,-0.000001
6.770667,-0.000001
6.771000,-0.000001
6.771333,-0.000001
6.771667,-0.000001
6.772000,-0.000001
6.772333,-0.000001
6.772667,-0.000001
6.773000,-0.000001
6.773333,-0.000001
6.773667,-0.000001
6.774000,-0.000001
6.774333,-0.000001
6.774667,-0.000001
6.775000,-0.000001
6.775333,-0.000001
6.775667,-0.000001
6.776000,-0.000001
6.776333,-0.000001
6.776667,-0.000001
6.777000,-0.000001
6.777333,-0.000001
6.777667,-0.000001
6.778000,-0.000001
6.778333,-0.000001
6.778667,-0.000001
6.779000,-0.000001
6.779333,-0.000001
6.779667,-0.000001
6.780000,-0.000001
6.780333,-0.000001
6.780667,-0.000000
6.781000,-0.000000
6.781333,-0.000000
6.781667,-0.000000
6.782000,-0.000000
6.782333,-0.000000
6.782667,-0.000000
6.783000,-0.000000
6.783333,0.000000
6.783667,0.000000
6.784000,0.000000
6.784333,0.000000
6.784667,0.000000
6.785000,0.000000
6.785333,0.000000
6.785667,0.000000
6.786000,0.000000
6.786333,0.000000
6.786667,0.000000
6.787000,0.000001
6.787333,0.000001
6.787667,0.000001
6.788000,0.000001
6.788333,0.000001
6.788667,0.000001
6.789000,0.000001
6.789333,0.000001
6.789667,0.000001
6.790000,0.000001
6.790333,0.000001
6.790667,0.000001
6.791000,0.000001
6.791333,0.000001
6.791667,0.000001
6.792000,0.000001
6.792333,0.000001
6.792667,0.000001
6.793000,0.000001
6.793333,0.000001
6.793667,0.000001
6.794000,0.000001
6.794333,0.000001
6.794667,0.000001
6.795000,0.000000
6.795333,0.000000
6.795667,0.000000
6.796000,0.000000
6.796333,0.000000
6.796667,0.000000
6.797000,0.000000
6.797333,0.000000
6.797667,0.000000
6.798000,0.000000
6.798333,0.000000
6.798667,0.000000
6.799000,0.000000
6.799333,0.000000
6.799667,0.000000
6.800000,-0.000000
6.800333,-0.000000
6.800667,-0.000000
6.801000,-0.000000
6.801333,-0.000000
6.801667,-0.000000
6.802000,-0.000000
6.802333,-0.000000
6.802667,-0.000000
6.803000,-0.000000
6.803333,-0.000000
6.803667,-0.000000
6.804000,-0.000000
6.804333,-0.000000
6.804667,-0.000000
6.805000,-0.000000
6.805333,-0.000000
6.805667,-0.000000
6.806000,-0.000000
6.806333,-0.000000
6.806667,-0.000000
6.807000,-0.000000
6.807333,-0.000000
6.807667,-0.000000
6.808000,-0.000000
6.808333,-0.000000
6.808667,-0.000000
6.809000,-0.000000
6.809333,-0.000000
6.809667,-0.000000
6.810000,-0.000000
6.810333,-0.000000
6.810667,-0.000000
6.811000,-0.000000
6.811333,-0.000000
6.811667,-0.000000
6.812000,-0.000000
6.812333,-0.000000
6.812667,-0.000000
6.813000,-0.000000
6.813333,-0.000000
6.813667,-0.000000
6.814000,-0.000000
6.814333,-0.000000
6.814667,-0.000000
6.815000,-0.000000
6.815333,-0.000000
6.815667,-0.000000
6.816000,-0.000000
6.816333,-0.000000
6.816667,0.000000
6.817000,0.000000
6.817333,0.000000
6.817667,0.000000
6.818000,0.000000
6.818333,0.000000
6.818667,0.000000
6.819000,0.000000
6.819333,0.000000
6.819667,0.000000
6.820000,0.000000
6.820333,0.000000
6.820667,0.000000
6.821000,0.000000
6.821333,0.000000
6.821667,0.000000
6.822000,0.000000
6.822333,0.000000
6.822667,0.000000
6.823000,0.000000
6.823333,0.000000
6.823667,0.000000
6.824000,0.000000
6.824333,0.000000
6.824667,0.000000
6.825000,0.000000
6.825333,0.000000
6.825667,0.000000
6.826000,0.000000
6.826333,0.000000
6.826667,0.000000
6.827000,0.000000
6.827333,0.000000
6.827667,0.000000
6.828000,0.000000
6.828333,0.000000
6.828667,0.000000
6.829000,0.000000
6.829333,0.000000
6.829667,0.000000
6.830000,0.000000
6.830333,0.000000
6.830667,0.000000
6.831000,0.000000
6.831333,0.000000
6.831667,0.000000
6.832000,0.000000
6.832333,0.000000
6.832667,0.000000
6.833000,0.000000
6.833333,-0.000000
6.833667,-0.000000
6.834000,-0.000000
6.834333,-0.000000
6.834667,-0.000000
6.835000,-0.000000
6.835333,-0.000000
6.835667,-0.000000
6.836000,-0.000000
6.836333,-0.000000
6.836667,-0.000000
6.837000,-0.000000
6.837333,-0.000000
6.837667,-0.000000
6.838000,-0.000000
6.838333,-0.000000
6.838667,-0.000000
6.839000,-0.000000
6.839333,-0.000000
6.839667,-0.000000
6.840000,-0.000000
6.840333,-0.000000
6.840667,-0.000000
6.841000,-0.000000
6.841333,-0.000000
6.841667,-0.000000
6.842000,-0.000000
6.842333,-0.000000
6.842667,-0.000000
6.843000,-0.000000
6.843333,-0.000000
6.843667,-0.000000
6.844000,-0.000000
6.844333,-0.000000
6.844667,-0.000000
6.845000,-0.000000
6.845333,-0.000000
6.845667,-0.000000
6.846000,-0.000000
6.846333,-0.000000
6.846667,-0.000000
6.847000,-0.000000
6.847333,-0.000000
6.847667,-0.000000
6.848000,-0.000000
6.848333,-0.000000
6.848667,-0.000000
6.849000,-0.000000
6.849333,-0.000000
6.849667,-0.000000
6.850000,0.000000
6.850333,0.000000
6.850667,0.000000
6.851000,0.000000
6.851333,0.000000
6.851667,0.000000
6.852000,0.000000
6.852333,0.000000
6.852667,0.000000
6.853000,0.000000
6.853333,0.000000
6.853667,0.000000
6.854000,0.000000
6.854333,0.000000
6.854667,0.000000
6.855000,0.000000
6.855333,0.000000
6.855667,0.000000
6.856000,0.000000
6.856333,0.000000
6.856667,0.000000
6.857000,0.000000
6.857333,0.000000
6.857667,0.000000
6.858000,0.000000
6.858333,0.000000
6.858667,0.000000
6.859000,0.000000
6.859333,0.000000
6.859667,0.000000
6.860000,0.000000
6.860333,0.000000
6.860667,0.000000
6.861000,0.000000
6.861333,0.000000
6.861667,0.000000
6.862000,0.000000
6.862333,0.000000
6.862667,0.000000
6.863000,0.000000
6.863333,0.000000
6.863667,0.000000
6.864000,0.000000
6.864333,0.000000
6.864667,0.000000
6.865000,0.000000
6.865333,0.000000
6.865667,0.000000
6.866000,0.000000
6.866333,0.000000
6.866667,-0.000000
6.867000,-0.000000
6.867333,-0.000000
6.867667,-0.000000
6.868000,-0.000000
6.868333,-0.000000
6.868667,-0.000000
6.869000,-0.000000
6.869333,-0.000000
6.869667,-0.000000
6.870000,-0.000000
6.870333,-0.000000
6.870667,-0.000000
6.871000,-0.000000
6.871333,-0.000000
6.871667,-0.000000
6.872000,-0.000000
6.872333,-0.000000
6.872667,-0.000000
6.873000,-0.000000
6.873333,-0.000000
6.873667,-0.000000
6.874000,-0.000000
6.874333,-0.000000
6.874667,-0.000000
6.875000,-0.000000
6.875333,-0.000000
6.875667,-0.000000
6.876000,-0.000000
6.876333,-0.000000
6.876667,-0.000000
6.877000,-0.000000
6.877333,-0.000000
6.877667,-0.000000
6.878000,-0.000000
6.878333,-0.000000
6.878667,-0.000000
6.879000,-0.000000
6.879333,-0.000000
6.879667,-0.000000
6.880000,-0.000000
6.880333,-0.000000
6.880667,-0.000000
6.881000,-0.000000
6.881333,-0.000000
6.881667,-0.000000
6.882000,-0.000000
6.882333,-0.000000
6.882667,-0.000000
6.883000,-0.000000
6.883333,0.000000
6.883667,0.000000
6.884000,0.000000
6.884333,0.000000
6.884667,0.000000
6.885000,0.000000
6.885333,0.000000
6.885667,0.000000
6.886000,0.000000
6.886333,0.000000
6.886667,0.000000
6.887000,0.000000
6.887333,0.000000
6.887667,0.000000
6.888000,0.000000
6.888333,0.000000
6.888667,0.000000
6.889000,0.000000
6.889333,0.000000
6.889667,0.000000
6.890000,0.000000
6.890333,0.000000
6.890667,0.000000
6.891000,0.000000
6.891333,0.000000
6.891667,0.000000
6.892000,0.000000
6.892333,0.000000
6.892667,0.000000
6.893000,0.000000
6.893333,0.000000
6.893667,0.000000
6.894000,0.000000
6.894333,0.000000
6.894667,0.000000
6.895000,0.000000
6.895333,0.000000
6.895667,0.000000
6.896000,0.000000
6.896333,0.000000
6.896667,0.000000
6.897000,0.000000
6.897333,0.000000
6.897667,0.000000
6.898000,0.000000
6.898333,0.000000
6.898667,0.000000
6.899000,0.000000
6.899333,0.000000
6.899667,0.000000
6.900000,-0.000000
6.900333,-0.000000
6.900667,-0.000000
6.901000,-0.000000
6.901333,-0.000000
6.901667,-0.000000
6.902000,-0.000000
6.902333,-0.000000
6.902667,-0.000000
6.903000,-0.000000
6.903333,-0.000000
6.903667,-0.000000
6.904000,-0.000000
6.904333,-0.000000
6.904667,-0.000000
6.905000,-0.000000
6.905333,-0.000000
6.905667,-0.000000
6.906000,-0.000000
6.906333,-0.000000
6.906667,-0.000000
6.907000,-0.000000
6.907333,-0.000000
6.907667,-0.000000
6.908000,-0.000000
6.908333,-0.000000
6.908667,-0.000000
6.909000,-0.000000
6.909333,-0.000000
6.909667,-0.000000
6.910000,-0.000000
6.910333,-0.000000
6.910667,-0.000000
6.911000,-0.000000
6.911333,-0.000000
6.911667,-0.000000
6.912000,-0.000000
6.912333,-0.000000
6.912667,-0.000000
6.913000,-0.000000
6.913333,-0.000000
6.913667,-0.000000
6.914000,-0.000000
6.914333,-0.000000
6.914667,-0.000000
6.915000,-0.000000
6.915333,-0.000000
6.915667,-0.000000
6.916000,-0.000000
6.916333,-0.000000
6.916667,0.000000
6.917000,0.000000
6.917333,0.000000
6.917667,0.000000
6.918000,0.000000
6.918333,0.000000
6.918667,0.000000
6.919000,0.000000
6.919333,0.000000
6.919667,0.000000
6.920000,0.000000
6.920333,0.000000
6.920667,0.000000
6.921000,0.000000
6.921333,0.000000
6.921667,0.000000
6.922000,0.000000
6.922333,0.000000
6.922667,0.000000
6.923000,0.000000
6.923333,0.000000
6.923667,0.000000
6.924000,0.000000
6.924333,0.000000
6.924667,0.000000
6.925000,0.000000
6.925333,0.000000
6.925667,0.000000
6.926000,0.000000
6.926333,0.000000
6.926667,0.000000
6.927000,0.000000
6.927333,0.000000
6.927667,0.000000
6.928000,0.000000
6.928333,0.000000
6.928667,0.000000
6.929000,0.000000
6.929333,0.000000
6.929667,0.000000
6.930000,0.000000
6.930333,0.000000
6.930667,0.000000
6.931000,0.000000
6.931333,0.000000
6.931667,0.000000
6.932000,0.000000
6.932333,0.000000
6.932667,0.000000
6.933000,0.000000
6.933333,-0.000000
6.933667,-0.000000
6.934000,-0.000000
6.934333,-0.000000
6.934667,-0.000000
6.935000,-0.000000
6.935333,-0.000000
6.935667,-0.000000
6.936000,-0.000000
6.936333,-0.000000
6.936667,-0.000000
6.937000,-0.000000
6.937333,-0.000000
6.937667,-0.000000
6.938000,-0.000000
6.938333,-0.000000
6.938667,-0.000000
6.939000,-0.000000
6.939333,-0.000000
6.939667,-0.000000
6.940000,-0.000000
6.940333,-0.000000
6.940667,-0.000000
6.941000,-0.000000
6.941333,-0.000000
6.941667,-0.000000
6.942000,-0.000000
6.942333,-0.000000
6.942667,-0.000000
6.943000,-0.000000
6.943333,-0.000000
6.943667,-0.000000
6.944000,-0.000000
6.944333,-0.000000
6.944667,-0.000000
6.945000,-0.000000
6.945333,-0.000000
6.945667,-0.000000
6.946000,-0.000000
6.946333,-0.000000
6.946667,-0.000000
6.947000,-0.000000
6.947333,-0.000000
6.947667,-0.000000
6.948000,-0.000000
6.948333,-0.000000
6.948667,-0.000000
6.949000,-0.000000
6.949333,-0.000000
6.949667,-0.000000
6.950000,0.000000
6.950333,0.000000
6.950667,0.000000
6.951000,0.000000
6.951333,0.000000
6.951667,0.000000
6.952000,0.000000
6.952333,0.000000
6.952667,0.000000
6.953000,0.000000
6.953333,0.000000
6.953667,0.000000
6.954000,0.000000
6.954333,0.000000
6.954667,0.000000
6.955000,0.000000
6.955333,0.000000
6.955667,0.000000
6.956000,0.000000
6.956333,0.000000
6.956667,0.000000
6.957000,0.000000
6.957333,0.000000
6.957667,0.000000
6.958000,0.000000
6.958333,0.000000
6.958667,0.000000
6.959000,0.000000
6.959333,0.000000
6.959667,0.000000
6.960000,0.000000
6.960333,0.000000
6.960667,0.000000
6.961000,0.000000
6.961333,0.000000
6.961667,0.000000
6.962000,0.000000
6.962333,0.000000
6.962667,0.000000
6.963000,0.000000
6.963333,0.000000
6.963667,0.000000
6.964000,0.000000
6.964333,0.000000
6.964667,0.000000
6.965000,0.000000
6.965333,0.000000
6.965667,0.000000
6.966000,0.000000
6.966333,0.000000
6.966667,-0.000000
6.967000,-0.000000
6.967333,-0.000000
6.967667,-0.000000
6.968000,-0.000000
6.968333,-0.000000
6.968667,-0.000000
6.969000,-0.000000
6.969333,-0.000000
6.969667,-0.000000
6.970000,-0.000000
6.970333,-0.000000
6.970667,-0.000000
6.971000,-0.000000
6.971333,-0.000000
6.971667,-0.000000
6.972000,-0.000000
6.972333,-0.000000
6.972667,-0.000000
6.973000,-0.000000
6.973333,-0.000000
6.973667,-0.000000
6.974000,-0.000000
6.974333,-0.000000
6.974667,-0.000000
6.975000,-0.000000
6.975333,-0.000000
6.975667,-0.000000
6.976000,-0.000000
6.976333,-0.000000
6.976667,-0.000000
6.977000,-0.000000
6.977333,-0.000000
6.977667,-0.000000
6.978000,-0.000000
6.978333,-0.000000
6.978667,-0.000000
6.979000,-0.000000
6.979333,-0.000000
6.979667,-0.000000
6.980000,-0.000000
6.980333,-0.000000
6.980667,-0.000000
6.981000,-0.000000
6.981333,-0.000000
6.981667,-0.000000
6.982000,-0.000000
6.982333,-0.000000
6.982667,-0.000000
6.983000,-0.000000
6.983333,0.000000
6.983667,0.000000
6.984000,0.000000
6.984333,0.000000
6.984667,0.000000
6.985000,0.000000
6.985333,0.000000
6.985667,0.000000
6.986000,0.000000
6.986333,0.000000
6.986667,0.000000
6.987000,0.000000
6.987333,0.000000
6.987667,0.000000
6.988000,0.000000
6.988333,0.000000
6.988667,0.000000
6.989000,0.000000
6.989333,0.000000
6.989667,0.000000
6.990000,0.000000
6.990333,0.000000
6.990667,0.000000
6.991000,0.000000
6.991333,0.000000
6.991667,0.000000
6.992000,0.000000
6.992333,0.000000
6.992667,0.000000
6.993000,0.000000
6.993333,0.000000
6.993667,0.000000
6.994000,0.000000
6.994333,0.000000
6.994667,0.000000
6.995000,0.000000
6.995333,0.000000
6.995667,0.000000
6.996000,0.000000
6.996333,0.000000
6.996667,0.000000
6.997000,0.000000
6.997333,0.000000
6.997667,0.000000
6.998000,0.000000
6.998333,0.000000
6.998667,0.000000
6.999000,0.000000
6.999333,0.000000
6.999667,0.000000
7.000000,-0.000000
7.000333,-0.000000
7.000667,-0.000000
7.001000,-0.000000
7.001333,-0.000000
7.001667,-0.000000
7.002000,-0.000000
7.002333,-0.000000
7.002667,-0.000000
7.003000,-0.000000
7.003333,-0.000000
7.003667,-0.000000
7.004000,-0.000000
7.004333,-0.000000
7.004667,-0.000000
7.005000,-0.000000
7.005333,-0.000000
7.005667,-0.000000
7.006000,-0.000000
7.006333,-0.000000
7.006667,-0.000000
7.007000,-0.000000
7.007333,-0.000000
7.007667,-0.000000
7.008000,-0.000000
7.008333,-0.000000
7.008667,-0.000000
7.009000,-0.000000
7.009333,-0.000000
7.009667,-0.000000
7.010000,-0.000000
7.010333,-0.000000
7.010667,-0.000000
7.011000,-0.000000
7.011333,-0.000000
7.011667,-0.000000
7.012000,-0.000000
7.012333,-0.000000
7.012667,-0.000000
7.013000,-0.000000
7.013333,-0.000000
7.013667,-0.000000
7.014000,-0.000000
7.014333,-0.000000
7.014667,-0.000000
7.015000,-0.000000
7.015333,-0.000000
7.015667,-0.000000
7.016000,-0.000000
7.016333,-0.000000
7.016667,0.000000
7.017000,0.000000
7.017333,0.000000
7.017667,0.000000
7.018000,0.000000
7.018333,0.000000
7.018667,0.000000
7.019000,0.000000
7.019333,0.000000
7.019667,0.000000
7.020000,0.000000
7.020333,0.000000
7.020667,0.000000
7.021000,0.000000
7.021333,0.000000
7.021667,0.000000
7.022000,0.000000
7.022333,0.000000
7.022667,0.000000
7.023000,0.000000
7.023333,0.000000
7.023667,0.000000
7.024000,0.000000
7.024333,0.000000
7.024667,0.000000
7.025000,0.000000
7.025333,0.000000
7.025667,0.000000
7.026000,0.000000
7.026333,0.000000
7.026667,0.000000
7.027000,0.000000
7.027333,0.000000
7.027667,0.000000
7.028000,0.000000
7.028333,0.000000
7.028667,0.000000
7.029000,0.000000
7.029333,0.000000
7.029667,0.000000
7.030000,0.000000
7.030333,0.000000
7.030667,0.000000
7.031000,0.000000
7.031333,0.000000
7.031667,0.000000
7.032000,0.000000
7.032333,0.000000
7.032667,0.000000
7.033000,0.000000
7.033333,-0.000000
7.033667,-0.000000
7.034000,-0.000000
7.034333,-0.000000
7.034667,-0.000000
7.035000,-0.000000
7.035333,-0.000000
7.035667,-0.000000
7.036000,-0.000000
7.036333,-0.000000
7.036667,-0.000000
7.037000,-0.000000
7.037333,-0.000000
7.037667,-0.000000
7.038000,-0.000000
7.038333,-0.000000
7.038667,-0.000000
7.039000,-0.000000
7.039333,-0.000000
7.039667,-0.000000
7.040000,-0.000000
7.040333,-0.000000
7.040667,-0.000000
7.041000,-0.000000
7.041333,-0.000000
7.041667,-0.000000
7.042000,-0.000000
7.042333,-0.000000
7.042667,-0.000000
7.043000,-0.000000
7.043333,-0.000000
7.043667,-0.000000
7.044000,-0.000000
7.044333,-0.000000
7.044667,-0.000000
7.045000,-0.000000
7.045333,-0.000000
7.045667,-0.000000
7.046000,-0.000000
7.046333,-0.000000
7.046667,-0.000000
7.047000,0.003105
7.047333,0.006129
7.047667,0.009062
7.048000,0.011894
7.048333,0.014616
7.048667,0.017219
7.049000,0.019696
7.049333,0.022039
7.049667,0.024242
7.050000,0.026299
7.050333,0.028204
7.050667,0.029955
7.051000,0.031546
7.051333,0.032976
7.051667,0.034241
7.052000,0.035341
7.052333,0.036274
7.052667,0.037040
7.053000,0.037641
7.053333,0.038077
7.053667,0.038351
7.054000,0.038463
7.054333,0.038419
7.054667,0.038221
7.055000,0.037873
7.055333,0.037381
7.055667,0.036749
7.056000,0.035983
7.056333,0.035089
7.056667,0.034073
7.057000,0.032943
7.057333,0.031704
7.057667,0.030366
7.058000,0.028934
7.058333,0.027418
7.058667,0.025825
7.059000,0.024162
7.059333,0.022439
7.059667,0.020664
7.060000,0.018844
7.060333,0.016988
7.060667,0.015105
7.061000,0.013203
7.061333,0.011289
7.061667,0.009371
7.062000,0.007459
7.062333,0.005558
7.062667,0.003676
7.063000,0.001821
7.063333,0.000000
7.063667,-0.001781
7.064000,-0.003516
7.064333,-0.005199
7.064667,-0.006824
7.065000,-0.008386
7.065333,-0.009880
7.065667,-0.011301
7.066000,-0.012645
7.066333,-0.013909
7.066667,-0.015089
7.067000,-0.016182
7.067333,-0.017187
7.067667,-0.018100
7.068000,-0.018920
7.068333,-0.019646
7.068667,-0.020277
7.069000,-0.020812
7.069333,-0.021252
7.069667,-0.021597
7.070000,-0.021847
7.070333,-0.022004
7.070667,-0.022069
7.071000,-0.022043
7.071333,-0.021929
7.071667,-0.021730
7.072000,-0.021447
7.072333,-0.021085
7.072667,-0.020645
7.073000,-0.020132
7.073333,-0.019550
7.073667,-0.018901
7.074000,-0.018191
7.074333,-0.017422
7.074667,-0.016601
7.075000,-0.015731
7.075333,-0.014817
7.075667,-0.013863
7.076000,-0.012874
7.076333,-0.011856
7.076667,-0.010812
7.077000,-0.009747
7.077333,-0.008667
7.077667,-0.007575
7.078000,-0.006477
7.078333,-0.005377
7.078667,-0.004279
7.079000,-0.003189
7.079333,-0.002109
7.079667,-0.001045
7.080000,-0.000000
7.080333,0.001022
7.080667,0.002018
7.081000,0.002983
7.081333,0.003915
7.081667,0.004811
7.082000,0.005668
7.082333,0.006484
7.082667,0.007255
7.083000,0.007980
7.083333,0.008657
7.083667,0.009285
7.084000,0.009861
7.084333,0.010385
7.084667,0.010855
7.085000,0.011272
7.085333,0.011634
7.085667,0.011941
7.086000,0.012193
7.086333,0.012391
7.086667,0.012535
7.087000,0.012625
7.087333,0.012662
7.087667,0.012647
7.088000,0.012582
7.088333,0.012468
7.088667,0.012306
7.089000,0.012097
7.089333,0.011845
7.089667,0.011551
7.090000,0.011217
7.090333,0.010844
7.090667,0.010437
7.091000,0.009996
7.091333,0.009525
7.091667,0.009026
7.092000,0.008501
7.092333,0.007954
7.092667,0.007387
7.093000,0.006802
7.093333,0.006203
7.093667,0.005592
7.094000,0.004973
7.094333,0.004346
7.094667,0.003716
7.095000,0.003085
7.095333,0.002455
7.095667,0.001830
7.096000,0.001210
7.096333,0.000600
7.096667,0.000000
7.097000,-0.000586
7.097333,-0.001158
7.097667,-0.001712
7.098000,-0.002246
7.098333,-0.002761
7.098667,-0.003252
7.099000,-0.003720
7.099333,-0.004163
7.099667,-0.004579
7.100000,-0.004967
7.100333,-0.005327
7.100667,-0.005658
7.101000,-0.005958
7.101333,-0.006228
7.101667,-0.006467
7.102000,-0.006675
7.102333,-0.006851
7.102667,-0.006996
7.103000,-0.007110
7.103333,-0.007192
7.103667,-0.007243
7.104000,-0.007265
7.104333,-0.007256
7.104667,-0.007219
7.105000,-0.007153
7.105333,-0.007060
7.105667,-0.006941
7.106000,-0.006796
7.106333,-0.006627
7.106667,-0.006436
7.107000,-0.006222
7.107333,-0.005988
7.107667,-0.005735
7.108000,-0.005465
7.108333,-0.005179
7.108667,-0.004878
7.109000,-0.004564
7.109333,-0.004238
7.109667,-0.003903
7.110000,-0.003559
7.110333,-0.003209
7.110667,-0.002853
7.111000,-0.002494
7.111333,-0.002132
7.111667,-0.001770
7.112000,-0.001409
7.112333,-0.001050
7.112667,-0.000694
7.113000,-0.000344
7.113333,-0.000000
7.113667,0.000336
7.114000,0.000664
7.114333,0.000982
7.114667,0.001289
7.115000,0.001584
7.115333,0.001866
7.115667,0.002134
7.116000,0.002388
7.116333,0.002627
7.116667,0.002850
7.117000,0.003056
7.117333,0.003246
7.117667,0.003419
7.118000,0.003574
7.118333,0.003711
7.118667,0.003830
7.119000,0.003931
7.119333,0.004014
7.119667,0.004079
7.120000,0.004126
7.120333,0.004156
7.120667,0.004168
7.121000,0.004163
7.121333,0.004142
7.121667,0.004104
7.122000,0.004051
7.122333,0.003982
7.122667,0.003899
7.123000,0.003802
7.123333,0.003692
7.123667,0.003570
7.124000,0.003436
7.124333,0.003291
7.124667,0.003136
7.125000,0.002971
7.125333,0.002799
7.125667,0.002618
7.126000,0.002432
7.126333,0.002239
7.126667,0.002042
7.127000,0.001841
7.127333,0.001637
7.127667,0.001431
7.128000,0.001223
7.128333,0.001016
7.128667,0.000808
7.129000,0.000602
7.129333,0.000398
7.129667,0.000197
7.130000,0.000000
7.130333,-0.000193
7.130667,-0.000381
7.131000,-0.000563
7.131333,-0.000740
7.131667,-0.000909
7.132000,-0.001071
7.132333,-0.001225
7.132667,-0.001370
7.133000,-0.001507
7.133333,-0.001635
7.133667,-0.001754
7.134000,-0.001862
7.134333,-0.001961
7.134667,-0.002050
7.135000,-0.002129
7.135333,-0.002197
7.135667,-0.002255
7.136000,-0.002303
7.136333,-0.002340
7.136667,-0.002368
7.137000,-0.002385
7.137333,-0.002392
7.137667,-0.002389
7.138000,-0.002376
7.138333,-0.002355
7.138667,-0.002324
7.139000,-0.002285
7.139333,-0.002237
7.139667,-0.002182
7.140000,-0.002119
7.140333,-0.002048
7.140667,-0.001971
7.141000,-0.001888
7.141333,-0.001799
7.141667,-0.001705
7.142000,-0.001606
7.142333,-0.001502
7.142667,-0.001395
7.143000,-0.001285
7.143333,-0.001172
7.143667,-0.001056
7.144000,-0.000939
7.144333,-0.000821
7.144667,-0.000702
7.145000,-0.000583
7.145333,-0.000464
7.145667,-0.000346
7.146000,-0.000229
7.146333,-0.000113
7.146667,-0.000000
7.147000,0.000111
7.147333,0.000219
7.147667,0.000323
7.148000,0.000424
7.148333,0.000521
7.148667,0.000614
7.149000,0.000703
7.149333,0.000786
7.149667,0.000865
7.150000,0.000938
7.150333,0.001006
7.150667,0.001069
7.151000,0.001125
7.151333,0.001176
7.151667,0.001222
7.152000,0.001261
7.152333,0.001294
7.152667,0.001321
7.153000,0.001343
7.153333,0.001358
7.153667,0.001368
7.154000,0.001372
7.154333,0.001371
7.154667,0.001363
7.155000,0.001351
7.155333,0.001334
7.155667,0.001311
7.156000,0.001284
7.156333,0.001252
7.156667,0.001216
7.157000,0.001175
7.157333,0.001131
7.157667,0.001083
7.158000,0.001032
7.158333,0.000978
7.158667,0.000921
7.159000,0.000862
7.159333,0.000800
7.159667,0.000737
7.160000,0.000672
7.160333,0.000606
7.160667,0.000539
7.161000,0.000471
7.161333,0.000403
7.161667,0.000334
7.162000,0.000266
7.162333,0.000198
7.162667,0.000131
7.163000,0.000065
7.163333,0.000000
7.163667,-0.000064
7.164000,-0.000125
7.164333,-0.000185
7.164667,-0.000243
7.165000,-0.000299
7.165333,-0.000352
7.165667,-0.000403
7.166000,-0.000451
7.166333,-0.000496
7.166667,-0.000538
7.167000,-0.000577
7.167333,-0.000613
7.167667,-0.000646
7.168000,-0.000675
7.168333,-0.000701
7.168667,-0.000723
7.169000,-0.000742
7.169333,-0.000758
7.169667,-0.000770
7.170000,-0.000779
7.170333,-0.000785
7.170667,-0.000787
7.171000,-0.000786
7.171333,-0.000782
7.171667,-0.000775
7.172000,-0.000765
7.172333,-0.000752
7.172667,-0.000736
7.173000,-0.000718
7.173333,-0.000697
7.173667,-0.000674
7.174000,-0.000649
7.174333,-0.000622
7.174667,-0.000592
7.175000,-0.000561
7.175333,-0.000529
7.175667,-0.000495
7.176000,-0.000459
7.176333,-0.000423
7.176667,-0.000386
7.177000,-0.000348
7.177333,-0.000309
7.177667,-0.000270
7.178000,-0.000231
7.178333,-0.000192
7.178667,-0.000153
7.179000,-0.000114
7.179333,-0.000075
7.179667,-0.000037
7.180000,-0.000000
7.180333,0.000036
7.180667,0.000072
7.181000,0.000106
7.181333,0.000140
7.181667,0.000172
7.182000,0.000202
7.182333,0.000231
7.182667,0.000259
7.183000,0.000285
7.183333,0.000309
7.183667,0.000331
7.184000,0.000352
7.184333,0.000370
7.184667,0.000387
7.185000,0.000402
7.185333,0.000415
7.185667,0.000426
7.186000,0.000435
7.186333,0.000442
7.186667,0.000447
7.187000,0.000450
7.187333,0.000452
7.187667,0.000451
7.188000,0.000449
7.188333,0.000445
7.188667,0.000439
7.189000,0.000432
7.189333,0.000423
7.189667,0.000412
7.190000,0.000400
7.190333,0.000387
7.190667,0.000372
7.191000,0.000357
7.191333,0.000340
7.191667,0.000322
7.192000,0.000303
7.192333,0.000284
7.192667,0.000264
7.193000,0.000243
7.193333,0.000221
7.193667,0.000200
7.194000,0.000177
7.194333,0.000155
7.194667,0.000133
7.195000,0.000110
7.195333,0.000088
7.195667,0.000065
7.196000,0.000043
7.196333,0.000021
7.196667,0.000000
7.197000,-0.000021
7.197333,-0.000041
7.197667,-0.000061
7.198000,-0.000080
7.198333,-0.000098
7.198667,-0.000116
7.199000,-0.000133
7.199333,-0.000148
7.199667,-0.000163
7.200000,-0.000177
7.200333,-0.000190
7.200667,-0.000202
7.201000,-0.000213
7.201333,-0.000222
7.201667,-0.000231
7.202000,-0.000238
7.202333,-0.000244
7.202667,-0.000250
7.203000,-0.000254
7.203333,-0.000257
7.203667,-0.000258
7.204000,-0.000259
7.204333,-0.000259
7.204667,-0.000258
7.205000,-0.000255
7.205333,-0.000252
7.205667,-0.000248
7.206000,-0.000242
7.206333,-0.000236
7.206667,-0.000230
7.207000,-0.000222
7.207333,-0.000214
7.207667,-0.000205
7.208000,-0.000195
7.208333,-0.000185
7.208667,-0.000174
7.209000,-0.000163
7.209333,-0.000151
7.209667,-0.000139
7.210000,-0.000127
7.210333,-0.000114
7.210667,-0.000102
7.211000,-0.000089
7.211333,-0.000076
7.211667,-0.000063
7.212000,-0.000050
7.212333,-0.000037
7.212667,-0.000025
7.213000,-0.000012
7.213333,-0.000000
7.213667,0.000012
7.214000,0.000024
7.214333,0.000035
7.214667,0.000046
7.215000,0.000057
7.215333,0.000067
7.215667,0.000076
7.216000,0.000085
7.216333,0.000094
7.216667,0.000102
7.217000,0.000109
7.217333,0.000116
7.217667,0.000122
7.218000,0.000127
7.218333,0.000132
7.218667,0.000137
7.219000,0.000140
7.219333,0.000143
7.219667,0.000146
7.220000,0.000147
7.220333,0.000148
7.220667,0.000149
7.221000,0.000149
7.221333,0.000148
7.221667,0.000146
7.222000,0.000145
7.222333,0.000142
7.222667,0.000139
7.223000,0.000136
7.223333,0.000132
7.223667,0.000127
7.224000,0.000123
7.224333,0.000117
7.224667,0.000112
7.225000,0.000106
7.225333,0.000100
7.225667,0.000093
7.226000,0.000087
7.226333,0.000080
7.226667,0.000073
7.227000,0.000066
7.227333,0.000058
7.227667,0.000051
7.228000,0.000044
7.228333,0.000036
7.228667,0.000029
7.229000,0.000021
7.229333,0.000014
7.229667,0.000007
7.230000,0.000000
7.230333,-0.000007
7.230667,-0.000014
7.231000,-0.000020
7.231333,-0.000026
7.231667,-0.000032
7.232000,-0.000038
7.232333,-0.000044
7.232667,-0.000049
7.233000,-0.000054
7.233333,-0.000058
7.233667,-0.000063
7.234000,-0.000066
7.234333,-0.000070
7.234667,-0.000073
7.235000,-0.000076
7.235333,-0.000078
7.235667,-0.000080
7.236000,-0.000082
7.236333,-0.000083
7.236667,-0.000084
7.237000,-0.000085
7.237333,-0.000085
7.237667,-0.000085
7.238000,-0.000085
7.238333,-0.000084
7.238667,-0.000083
7.239000,-0.000082
7.239333,-0.000080
7.239667,-0.000078
7.240000,-0.000076
7.240333,-0.000073
7.240667,-0.000070
7.241000,-0.000067
7.241333,-0.000064
7.241667,-0.000061
7.242000,-0.000057
7.242333,-0.000054
7.242667,-0.000050
7.243000,-0.000046
7.243333,-0.000042
7.243667,-0.000038
7.244000,-0.000034
7.244333,-0.000029
7.244667,-0.000025
7.245000,-0.000021
7.245333,-0.000017
7.245667,-0.000012
7.246000,-0.000008
7.246333,-0.000004
7.246667,-0.000000
7.247000,0.000004
7.247333,0.000008
7.247667,0.000012
7.248000,0.000015
7.248333,0.000019
7.248667,0.000022
7.249000,0.000025
7.249333,0.000028
7.249667,0.000031
7.250000,0.000033
7.250333,0.000036
7.250667,0.000038
7.251000,0.000040
7.251333,0.000042
7.251667,0.000044
7.252000,0.000045
7.252333,0.000046
7.252667,0.000047
7.253000,0.000048
7.253333,0.000048
7.253667,0.000049
7.254000,0.000049
7.254333,0.000049
7.254667,0.000049
7.255000,0.000048
7.255333,0.000048
7.255667,0.000047
7.256000,0.000046
7.256333,0.000045
7.256667,0.000043
7.257000,0.000042
7.257333,0.000040
7.257667,0.000039
7.258000,0.000037
7.258333,0.000035
7.258667,0.000033
7.259000,0.000031
7.259333,0.000029
7.259667,0.000026
7.260000,0.000024
7.260333,0.000022
7.260667,0.000019
7.261000,0.000017
7.261333,0.000014
7.261667,0.000012
7.262000,0.000009
7.262333,0.000007
7.262667,0.000005
7.263000,0.000002
7.263333,0.000000
7.263667,-0.000002
7.264000,-0.000004
7.264333,-0.000007
7.264667,-0.000009
7.265000,-0.000011
7.265333,-0.000013
7.265667,-0.000014
7.266000,-0.000016
7.266333,-0.000018
7.266667,-0.000019
7.267000,-0.000021
7.267333,-0.000022
7.267667,-0.000023
7.268000,-0.000024
7.268333,-0.000025
7.268667,-0.000026
7.269000,-0.000026
7.269333,-0.000027
7.269667,-0.000027
7.270000,-0.000028
7.270333,-0.000028
7.270667,-0.000028
7.271000,-0.000028
7.271333,-0.000028
7.271667,-0.000028
7.272000,-0.000027
7.272333,-0.000027
7.272667,-0.000026
7.273000,-0.000026
7.273333,-0.000025
7.273667,-0.000024
7.274000,-0.000023
7.274333,-0.000022
7.274667,-0.000021
7.275000,-0.000020
7.275333,-0.000019
7.275667,-0.000018
7.276000,-0.000016
7.276333,-0.000015
7.276667,-0.000014
7.277000,-0.000012
7.277333,-0.000011
7.277667,-0.000010
7.278000,-0.000008
7.278333,-0.000007
7.278667,-0.000005
7.279000,-0.000004
7.279333,-0.000003
7.279667,-0.000001
7.280000,-0.000000
7.280333,0.000001
7.280667,0.000003
7.281000,0.000004
7.281333,0.000005
7.281667,0.000006
7.282000,0.000007
7.282333,0.000008
7.282667,0.000009
7.283000,0.000010
7.283333,0.000011
7.283667,0.000012
7.284000,0.000013
7.284333,0.000013
7.284667,0.000014
7.285000,0.000014
7.285333,0.000015
7.285667,0.000015
7.286000,0.000016
7.286333,0.000016
7.286667,0.000016
7.287000,0.000016
7.287333,0.000016
7.287667,0.000016
7.288000,0.000016
7.288333,0.000016
7.288667,0.000016
7.289000,0.000015
7.289333,0.000015
7.289667,0.000015
7.290000,0.000014
7.290333,0.000014
7.290667,0.000013
7.291000,0.000013
7.291333,0.000012
7.291667,0.000011
7.292000,0.000011
7.292333,0.000010
7.292667,0.000009
7.293000,0.000009
7.293333,0.000008
7.293667,0.000007
7.294000,0.000006
7.294333,0.000006
7.294667,0.000005
7.295000,0.000004
7.295333,0.000003
7.295667,0.000002
7.296000,0.000002
7.296333,0.000001
7.296667,0.000000
7.297000,-0.000001
7.297333,-0.000001
7.297667,-0.000002
7.298000,-0.000003
7.298333,-0.000004
7.298667,-0.000004
7.299000,-0.000005
7.299333,-0.000005
7.299667,-0.000006
7.300000,-0.000006
7.300333,-0.000007
7.300667,-0.000007
7.301000,-0.000008
7.301333,-0.000008
7.301667,-0.000008
7.302000,-0.000008
7.302333,-0.000009
7.302667,-0.000009
7.303000,-0.000009
7.303333,-0.000009
7.303667,-0.000009
7.304000,-0.000009
7.304333,-0.000009
7.304667,-0.000009
7.305000,-0.000009
7.305333,-0.000009
7.305667,-0.000009
7.306000,-0.000009
7.306333,-0.000008
7.306667,-0.000008
7.307000,-0.000008
7.307333,-0.000008
7.307667,-0.000007
7.308000,-0.000007
7.308333,-0.000007
7.308667,-0.000006
7.309000,-0.000006
7.309333,-0.000005
7.309667,-0.000005
7.310000,-0.000005
7.310333,-0.000004
7.310667,-0.000004
7.311000,-0.000003
7.311333,-0.000003
7.311667,-0.000002
7.312000,-0.000002
7.312333,-0.000001
7.312667,-0.000001
7.313000,-0.000000
7.313333,-0.000000
7.313667,0.000000
7.314000,0.000001
7.314333,0.000001
7.314667,0.000002
7.315000,0.000002
7.315333,0.000002
7.315667,0.000003
7.316000,0.000003
7.316333,0.000003
7.316667,0.000004
7.317000,0.001246
7.317333,0.002456
7.317667,0.003629
7.318000,0.004762
7.318333,0.005851
7.318667,0.006893
7.319000,0.007883
7.319333,0.008821
7.319667,0.009702
7.320000,0.010525
7.320333,0.011287
7.320667,0.011987
7.321000,0.012624
7.321333,0.013196
7.321667,0.013702
7.322000,0.014141
7.322333,0.014515
7.322667,0.014821
7.323000,0.015061
7.323333,0.015236
7.323667,0.015345
7.324000,0.015390
7.324333,0.015372
7.324667,0.015292
7.325000,0.015153
7.325333,0.014956
7.325667,0.014703
7.326000,0.014396
7.326333,0.014038
7.326667,0.013632
7.327000,0.013179
7.327333,0.012684
7.327667,0.012148
7.328000,0.011575
7.328333,0.010968
7.328667,0.010331
7.329000,0.009666
7.329333,0.008976
7.329667,0.008266
7.330000,0.007538
7.330333,0.006795
7.330667,0.006042
7.331000,0.005280
7.331333,0.004515
7.331667,0.003747
7.332000,0.002982
7.332333,0.002222
7.332667,0.001469
7.333000,0.000727
7.333333,-0.000002
7.333667,-0.000715
7.334000,-0.001409
7.334333,-0.002082
7.334667,-0.002732
7.335000,-0.003357
7.335333,-0.003955
7.335667,-0.004523
7.336000,-0.005061
7.336333,-0.005567
7.336667,-0.006039
7.337000,-0.006476
7.337333,-0.006878
7.337667,-0.007243
7.338000,-0.007571
7.338333,-0.007861
7.338667,-0.008114
7.339000,-0.008328
7.339333,-0.008504
7.339667,-0.008641
7.340000,-0.008741
7.340333,-0.008804
7.340667,-0.008830
7.341000,-0.008820
7.341333,-0.008774
7.341667,-0.008694
7.342000,-0.008581
7.342333,-0.008436
7.342667,-0.008260
7.343000,-0.008055
7.343333,-0.007821
7.343667,-0.007562
7.344000,-0.007277
7.344333,-0.006970
7.344667,-0.006641
7.345000,-0.006293
7.345333,-0.005927
7.345667,-0.005546
7.346000,-0.005150
7.346333,-0.004742
7.346667,-0.004325
7.347000,-0.003899
7.347333,-0.003466
7.347667,-0.003030
7.348000,-0.002590
7.348333,-0.002150
7.348667,-0.001711
7.349000,-0.001275
7.349333,-0.000843
7.349667,-0.000417
7.350000,0.000001
7.350333,0.000410
7.350667,0.000808
7.351000,0.001195
7.351333,0.001568
7.351667,0.001926
7.352000,0.002269
7.352333,0.002595
7.352667,0.002904
7.353000,0.003194
7.353333,0.003465
7.353667,0.003716
7.354000,0.003946
7.354333,0.004156
7.354667,0.004344
7.355000,0.004510
7.355333,0.004655
7.355667,0.004778
7.356000,0.004879
7.356333,0.004958
7.356667,0.005015
7.357000,0.005051
7.357333,0.005066
7.357667,0.005060
7.358000,0.005034
7.358333,0.004988
7.358667,0.004923
7.359000,0.004840
7.359333,0.004739
7.359667,0.004621
7.360000,0.004488
7.360333,0.004339
7.360667,0.004175
7.361000,0.003999
7.361333,0.003811
7.361667,0.003611
7.362000,0.003401
7.362333,0.003182
7.362667,0.002955
7.363000,0.002721
7.363333,0.002481
7.363667,0.002237
7.364000,0.001989
7.364333,0.001738
7.364667,0.001486
7.365000,0.001234
7.365333,0.000982
7.365667,0.000731
7.366000,0.000484
7.366333,0.000239
7.366667,-0.000001
7.367000,-0.000235
7.367333,-0.000464
7.367667,-0.000685
7.368000,-0.000899
7.368333,-0.001105
7.368667,-0.001302
7.369000,-0.001489
7.369333,-0.001666
7.369667,-0.001832
7.370000,-0.001988
7.370333,-0.002132
7.370667,-0.002264
7.371000,-0.002384
7.371333,-0.002492
7.371667,-0.002588
7.372000,-0.002671
7.372333,-0.002741
7.372667,-0.002799
7.373000,-0.002845
7.373333,-0.002878
7.373667,-0.002898
7.374000,-0.002907
7.374333,-0.002903
7.374667,-0.002888
7.375000,-0.002862
7.375333,-0.002825
7.375667,-0.002777
7.376000,-0.002719
7.376333,-0.002651
7.376667,-0.002575
7.377000,-0.002489
7.377333,-0.002396
7.377667,-0.002294
7.378000,-0.002186
7.378333,-0.002072
7.378667,-0.001951
7.379000,-0.001826
7.379333,-0.001695
7.379667,-0.001561
7.380000,-0.001424
7.380333,-0.001283
7.380667,-0.001141
7.381000,-0.000997
7.381333,-0.000853
7.381667,-0.000708
7.382000,-0.000563
7.382333,-0.000420
7.382667,-0.000277
7.383000,-0.000137
7.383333,0.000000
7.383667,0.000135
7.384000,0.000266
7.384333,0.000393
7.384667,0.000516
7.385000,0.000634
7.385333,0.000747
7.385667,0.000854
7.386000,0.000956
7.386333,0.001051
7.386667,0.001141
7.387000,0.001223
7.387333,0.001299
7.387667,0.001368
7.388000,0.001430
7.388333,0.001485
7.388667,0.001532
7.389000,0.001573
7.389333,0.001606
7.389667,0.001632
7.390000,0.001651
7.390333,0.001663
7.390667,0.001668
7.391000,0.001666
7.391333,0.001657
7.391667,0.001642
7.392000,0.001621
7.392333,0.001593
7.392667,0.001560
7.393000,0.001521
7.393333,0.001477
7.393667,0.001428
7.394000,0.001375
7.394333,0.001316
7.394667,0.001254
7.395000,0.001189
7.395333,0.001120
7.395667,0.001047
7.396000,0.000973
7.396333,0.000896
7.396667,0.000817
7.397000,0.000736
7.397333,0.000655
7.397667,0.000572
7.398000,0.000489
7.398333,0.000406
7.398667,0.000323
7.399000,0.000241
7.399333,0.000159
7.399667,0.000079
7.400000,-0.000000
7.400333,-0.000077
7.400667,-0.000153
7.401000,-0.000226
7.401333,-0.000296
7.401667,-0.000364
7.402000,-0.000429
7.402333,-0.000490
7.402667,-0.000548
7.403000,-0.000603
7.403333,-0.000654
7.403667,-0.000702
7.404000,-0.000745
7.404333,-0.000785
7.404667,-0.000820
7.405000,-0.000852
7.405333,-0.000879
7.405667,-0.000902
7.406000,-0.000922
7.406333,-0.000936
7.406667,-0.000947
7.407000,-0.000954
7.407333,-0.000957
7.407667,-0.000956
7.408000,-0.000951
7.408333,-0.000942
7.408667,-0.000930
7.409000,-0.000914
7.409333,-0.000895
7.409667,-0.000873
7.410000,-0.000848
7.410333,-0.000819
7.410667,-0.000789
7.411000,-0.000755
7.411333,-0.000720
7.411667,-0.000682
7.412000,-0.000642
7.412333,-0.000601
7.412667,-0.000558
7.413000,-0.000514
7.413333,-0.000469
7.413667,-0.000422
7.414000,-0.000376
7.414333,-0.000328
7.414667,-0.000281
7.415000,-0.000233
7.415333,-0.000185
7.415667,-0.000138
7.416000,-0.000091
7.416333,-0.000045
7.416667,0.000000
7.417000,0.000044
7.417333,0.000088
7.417667,0.000129
7.418000,0.000170
7.418333,0.000209
7.418667,0.000246
7.419000,0.000281
7.419333,0.000315
7.419667,0.000346
7.420000,0.000375
7.420333,0.000403
7.420667,0.000428
7.421000,0.000450
7.421333,0.000471
7.421667,0.000489
7.422000,0.000504
7.422333,0.000518
7.422667,0.000529
7.423000,0.000537
7.423333,0.000544
7.423667,0.000547
7.424000,0.000549
7.424333,0.000548
7.424667,0.000546
7.425000,0.000541
7.425333,0.000534
7.425667,0.000525
7.426000,0.000514
7.426333,0.000501
7.426667,0.000486
7.427000,0.000470
7.427333,0.000452
7.427667,0.000433
7.428000,0.000413
7.428333,0.000391
7.428667,0.000369
7.429000,0.000345
7.429333,0.000320
7.429667,0.000295
7.430000,0.000269
7.430333,0.000242
7.430667,0.000216
7.431000,0.000188
7.431333,0.000161
7.431667,0.000134
7.432000,0.000106
7.432333,0.000079
7.432667,0.000052
7.433000,0.000026
7.433333,-0.000000
7.433667,-0.000025
7.434000,-0.000050
7.434333,-0.000074
7.434667,-0.000097
7.435000,-0.000120
7.435333,-0.000141
7.435667,-0.000161
7.436000,-0.000181
7.436333,-0.000199
7.436667,-0.000215
7.437000,-0.000231
7.437333,-0.000245
7.437667,-0.000258
7.438000,-0.000270
7.438333,-0.000280
7.438667,-0.000289
7.439000,-0.000297
7.439333,-0.000303
7.439667,-0.000308
7.440000,-0.000312
7.440333,-0.000314
7.440667,-0.000315
7.441000,-0.000315
7.441333,-0.000313
7.441667,-0.000310
7.442000,-0.000306
7.442333,-0.000301
7.442667,-0.000295
7.443000,-0.000287
7.443333,-0.000279
7.443667,-0.000270
7.444000,-0.000260
7.444333,-0.000249
7.444667,-0.000237
7.445000,-0.000225
7.445333,-0.000211
7.445667,-0.000198
7.446000,-0.000184
7.446333,-0.000169
7.446667,-0.000154
7.447000,-0.000139
7.447333,-0.000124
7.447667,-0.000108
7.448000,-0.000092
7.448333,-0.000077
7.448667,-0.000061
7.449000,-0.000045
7.449333,-0.000030
7.449667,-0.000015
7.450000,0.000000
7.450333,0.000015
7.450667,0.000029
7.451000,0.000043
7.451333,0.000056
7.451667,0.000069
7.452000,0.000081
7.452333,0.000093
7.452667,0.000104
7.453000,0.000114
7.453333,0.000124
7.453667,0.000133
7.454000,0.000141
7.454333,0.000148
7.454667,0.000155
7.455000,0.000161
7.455333,0.000166
7.455667,0.000170
7.456000,0.000174
7.456333,0.000177
7.456667,0.000179
7.457000,0.000180
7.457333,0.000181
7.457667,0.000181
7.458000,0.000180
7.458333,0.000178
7.458667,0.000176
7.459000,0.000173
7.459333,0.000169
7.459667,0.000165
7.460000,0.000160
7.460333,0.000155
7.460667,0.000149
7.461000,0.000143
7.461333,0.000136
7.461667,0.000129
7.462000,0.000121
7.462333,0.000114
7.462667,0.000105
7.463000,0.000097
7.463333,0.000089
7.463667,0.000080
7.464000,0.000071
7.464333,0.000062
7.464667,0.000053
7.465000,0.000044
7.465333,0.000035
7.465667,0.000026
7.466000,0.000017
7.466333,0.000009
7.466667,-0.000000
7.467000,-0.000008
7.467333,-0.000017
7.467667,-0.000024
7.468000,-0.000032
7.468333,-0.000039
7.468667,-0.000046
7.469000,-0.000053
7.469333,-0.000059
7.469667,-0.000065
7.470000,-0.000071
7.470333,-0.000076
7.470667,-0.000081
7.471000,-0.000085
7.471333,-0.000089
7.471667,-0.000092
7.472000,-0.000095
7.472333,-0.000098
7.472667,-0.000100
7.473000,-0.000101
7.473333,-0.000103
7.473667,-0.000103
7.474000,-0.000104
7.474333,-0.000104
7.474667,-0.000103
7.475000,-0.000102
7.475333,-0.000101
7.475667,-0.000099
7.476000,-0.000097
7.476333,-0.000095
7.476667,-0.000092
7.477000,-0.000089
7.477333,-0.000085
7.477667,-0.000082
7.478000,-0.000078
7.478333,-0.000074
7.478667,-0.000070
7.479000,-0.000065
7.479333,-0.000060
7.479667,-0.000056
7.480000,-0.000051
7.480333,-0.000046
7.480667,-0.000041
7.481000,-0.000036
7.481333,-0.000030
7.481667,-0.000025
7.482000,-0.000020
7.482333,-0.000015
7.482667,-0.000010
7.483000,-0.000005
7.483333,0.000000
7.483667,0.000005
7.484000,0.000009
7.484333,0.000014
7.484667,0.000018
7.485000,0.000023
7.485333,0.000027
7.485667,0.000030
7.486000,0.000034
7.486333,0.000038
7.486667,0.000041
7.487000,0.000044
7.487333,0.000046
7.487667,0.000049
7.488000,0.000051
7.488333,0.000053
7.488667,0.000055
7.489000,0.000056
7.489333,0.000057
7.489667,0.000058
7.490000,0.000059
7.490333,0.000059
7.490667,0.000059
7.491000,0.000059
7.491333,0.000059
7.491667,0.000059
7.492000,0.000058
7.492333,0.000057
7.492667,0.000056
7.493000,0.000054
7.493333,0.000053
7.493667,0.000051
7.494000,0.000049
7.494333,0.000047
7.494667,0.000045
7.495000,0.000042
7.495333,0.000040
7.495667,0.000037
7.496000,0.000035
7.496333,0.000032
7.496667,0.000029
7.497000,0.000026
7.497333,0.000023
7.497667,0.000020
7.498000,0.000017
7.498333,0.000014
7.498667,0.000012
7.499000,0.000009
7.499333,0.000006
7.499667,0.000003
7.500000,-0.000000
7.500333,-0.000003
7.500667,-0.000005
7.501000,-0.000008
7.501333,-0.000011
7.501667,-0.000013
7.502000,-0.000015
7.502333,-0.000017
7.502667,-0.000020
7.503000,-0.000022
7.503333,-0.000023
7.503667,-0.000025
7.504000,-0.000027
7.504333,-0.000028
7.504667,-0.000029
7.505000,-0.000030
7.505333,-0.000031
7.505667,-0.000032
7.506000,-0.000033
7.506333,-0.000033
7.506667,-0.000034
7.507000,-0.000034
7.507333,-0.000034
7.507667,-0.000034
7.508000,-0.000034
7.508333,-0.000034
7.508667,-0.000033
7.509000,-0.000033
7.509333,-0.000032
7.509667,-0.000031
7.510000,-0.000030
7.510333,-0.000029
7.510667,-0.000028
7.511000,-0.000027
7.511333,-0.000026
7.511667,-0.000024
7.512000,-0.000023
7.512333,-0.000021
7.512667,-0.000020
7.513000,-0.000018
7.513333,-0.000017
7.513667,-0.000015
7.514000,-0.000013
7.514333,-0.000012
7.514667,-0.000010
7.515000,-0.000008
7.515333,-0.000007
7.515667,-0.000005
7.516000,-0.000003
7.516333,-0.000002
7.516667,0.000000
7.517000,0.000002
7.517333,0.000003
7.517667,0.000005
7.518000,0.000006
7.518333,0.000007
7.518667,0.000009
7.519000,0.000010
7.519333,0.000011
7.519667,0.000012
7.520000,0.000013
7.520333,0.000014
7.520667,0.000015
7.521000,0.000016
7.521333,0.000017
7.521667,0.000017
7.522000,0.000018
7.522333,0.000018
7.522667,0.000019
7.523000,0.000019
7.523333,0.000019
7.523667,0.000020
7.524000,0.000020
7.524333,0.000020
7.524667,0.000019
7.525000,0.000019
7.525333,0.000019
7.525667,0.000019
7.526000,0.000018
7.526333,0.000018
7.526667,0.000017
7.527000,0.000017
7.527333,0.000016
7.527667,0.000015
7.528000,0.000015
7.528333,0.000014
7.528667,0.000013
7.529000,0.000012
7.529333,0.000011
7.529667,0.000011
7.530000,0.000010
7.530333,0.000009
7.530667,0.000008
7.531000,0.000007
7.531333,0.000006
7.531667,0.000005
7.532000,0.000004
7.532333,0.000003
7.532667,0.000002
7.533000,0.000001
7.533333,-0.000000
7.533667,-0.000001
7.534000,-0.000002
7.534333,-0.000003
7.534667,-0.000003
7.535000,-0.000004
7.535333,-0.000005
7.535667,-0.000006
7.536000,-0.000006
7.536333,-0.000007
7.536667,-0.000008
7.537000,-0.000008
7.537333,-0.000009
7.537667,-0.000009
7.538000,-0.000010
7.538333,-0.000010
7.538667,-0.000010
7.539000,-0.000011
7.539333,-0.000011
7.539667,-0.000011
7.540000,-0.000011
7.540333,-0.000011
7.540667,-0.000011
7.541000,-0.000011
7.541333,-0.000011
7.541667,-0.000011
7.542000,-0.000011
7.542333,-0.000011
7.542667,-0.000011
7.543000,-0.000010
7.543333,-0.000010
7.543667,-0.000010
7.544000,-0.000009
7.544333,-0.000009
7.544667,-0.000008
7.545000,-0.000008
7.545333,-0.000008
7.545667,-0.000007
7.546000,-0.000007
7.546333,-0.000006
7.546667,-0.000006
7.547000,-0.000005
7.547333,-0.000004
7.547667,-0.000004
7.548000,-0.000003
7.548333,-0.000003
7.548667,-0.000002
7.549000,-0.000002
7.549333,-0.000001
7.549667,-0.000001
7.550000,0.000000
7.550333,0.000001
7.550667,0.000001
7.551000,0.000002
7.551333,0.000002
7.551667,0.000002
7.552000,0.000003
7.552333,0.000003
7.552667,0.000004
7.553000,0.000004
7.553333,0.000004
7.553667,0.000005
7.554000,0.000005
7.554333,0.000005
7.554667,0.000006
7.555000,0.000006
7.555333,0.000006
7.555667,0.000006
7.556000,0.000006
7.556333,0.000006
7.556667,0.000006
7.557000,0.000006
7.557333,0.000006
7.557667,0.000006
7.558000,0.000006
7.558333,0.000006
7.558667,0.000006
7.559000,0.000006
7.559333,0.000006
7.559667,0.000006
7.560000,0.000006
7.560333,0.000006
7.560667,0.000005
7.561000,0.000005
7.561333,0.000005
7.561667,0.000005
7.562000,0.000004
7.562333,0.000004
7.562667,0.000004
7.563000,0.000003
7.563333,0.000003
7.563667,0.000003
7.564000,0.000003
7.564333,0.000002
7.564667,0.000002
7.565000,0.000002
7.565333,0.000001
7.565667,0.000001
7.566000,0.000001
7.566333,0.000000
7.566667,-0.000000
7.567000,-0.000000
7.567333,-0.000001
7.567667,-0.000001
7.568000,-0.000001
7.568333,-0.000001
7.568667,-0.000002
7.569000,-0.000002
7.569333,-0.000002
7.569667,-0.000002
7.570000,-0.000003
7.570333,-0.000003
7.570667,-0.000003
7.571000,-0.000003
7.571333,-0.000003
7.571667,-0.000003
7.572000,-0.000003
7.572333,-0.000003
7.572667,-0.000004
7.573000,-0.000004
7.573333,-0.000004
7.573667,-0.000004
7.574000,-0.000004
7.574333,-0.000004
7.574667,-0.000004
7.575000,-0.000004
7.575333,-0.000004
7.575667,-0.000004
7.576000,-0.000003
7.576333,-0.000003
7.576667,-0.000003
7.577000,-0.000003
7.577333,-0.000003
7.577667,-0.000003
7.578000,-0.000003
7.578333,-0.000003
7.578667,-0.000002
7.579000,-0.000002
7.579333,-0.000002
7.579667,-0.000002
7.580000,-0.000002
7.580333,-0.000002
7.580667,-0.000001
7.581000,-0.000001
7.581333,-0.000001
7.581667,-0.000001
7.582000,-0.000001
7.582333,-0.000001
7.582667,-0.000000
7.583000,-0.000000
7.583333,0.000000
7.583667,0.000000
7.584000,0.000000
7.584333,0.000001
7.584667,0.000001
7.585000,0.000001
7.585333,0.000001
7.585667,0.000001
7.586000,0.000001
7.586333,0.000001
7.586667,0.000001
7.587000,0.000002
7.587333,0.000002
7.587667,0.000002
7.588000,0.000002
7.588333,0.000002
7.588667,0.000002
7.589000,0.000002
7.589333,0.000002
7.589667,0.000002
7.590000,0.000002
7.590333,0.000002
7.590667,0.000002
7.591000,0.000002
7.591333,0.000002
7.591667,0.000002
7.592000,0.000002
7.592333,0.000002
7.592667,0.000002
7.593000,0.000002
7.593333,0.000002
7.593667,0.000002
7.594000,0.000002
7.594333,0.000002
7.594667,0.000002
7.595000,0.000002
7.595333,0.000001
7.595667,0.000001
7.596000,0.000001
7.596333,0.000001
7.596667,0.000001
7.597000,0.000001
7.597333,0.000001
7.597667,0.000001
7.598000,0.000001
7.598333,0.000001
7.598667,0.000000
7.599000,0.000000
7.599333,0.000000
7.599667,0.000000
7.600000,-0.000000
7.600333,-0.000000
7.600667,-0.000000
7.601000,-0.000000
7.601333,-0.000000
7.601667,-0.000000
7.602000,-0.000001
7.602333,-0.000001
7.602667,-0.000001
7.603000,-0.000001
7.603333,-0.000001
7.603667,-0.000001
7.604000,-0.000001
7.604333,-0.000001
7.604667,-0.000001
7.605000,-0.000001
7.605333,-0.000001
7.605667,-0.000001
7.606000,-0.000001
7.606333,-0.000001
7.606667,-0.000001
7.607000,-0.000001
7.607333,-0.000001
7.607667,-0.000001
7.608000,-0.000001
7.608333,-0.000001
7.608667,-0.000001
7.609000,-0.000001
7.609333,-0.000001
7.609667,-0.000001
7.610000,-0.000001
7.610333,-0.000001
7.610667,-0.000001
7.611000,-0.000001
7.611333,-0.000001
7.611667,-0.000001
7.612000,-0.000001
7.612333,-0.000001
7.612667,-0.000001
7.613000,-0.000001
7.613333,-0.000001
7.613667,-0.000001
7.614000,-0.000000
7.614333,-0.000000
7.614667,-0.000000
7.615000,-0.000000
7.615333,-0.000000
7.615667,-0.000000
7.616000,-0.000000
7.616333,-0.000000
7.616667,0.000000
7.617000,0.000000
7.617333,0.000000
7.617667,0.000000
7.618000,0.000000
7.618333,0.000000
7.618667,0.000000
7.619000,0.000000
7.619333,0.000000
7.619667,0.000000
7.620000,0.000000
7.620333,0.000001
7.620667,0.000001
7.621000,0.000001
7.621333,0.000001
7.621667,0.000001
7.622000,0.000001
7.622333,0.000001
7.622667,0.000001
7.623000,0.000001
7.623333,0.000001
7.623667,0.000001
7.624000,0.000001
7.624333,0.000001
7.624667,0.000001
7.625000,0.000001
7.625333,0.000001
7.625667,0.000001
7.626000,0.000001
7.626333,0.000001
7.626667,0.000001
7.627000,0.000001
7.627333,0.000001
7.627667,0.000001
7.628000,0.000001
7.628333,0.000000
7.628667,0.000000
7.629000,0.000000
7.629333,0.000000
7.629667,0.000000
7.630000,0.000000
7.630333,0.000000
7.630667,0.000000
7.631000,0.000000
7.631333,0.000000
7.631667,0.000000
7.632000,0.000000
7.632333,0.000000
7.632667,0.000000
7.633000,0.000000
7.633333,-0.000000
7.633667,-0.000000
7.634000,-0.000000
7.634333,-0.000000
7.634667,-0.000000
7.635000,-0.000000
7.635333,-0.000000
7.635667,-0.000000
7.636000,-0.000000
7.636333,-0.000000
7.636667,-0.000000
7.637000,-0.000000
7.637333,-0.000000
7.637667,-0.000000
7.638000,-0.000000
7.638333,-0.000000
7.638667,-0.000000
7.639000,-0.000000
7.639333,-0.000000
7.639667,-0.000000
7.640000,-0.000000
7.640333,-0.000000
7.640667,-0.000000
7.641000,-0.000000
7.641333,-0.000000
7.641667,-0.000000
7.642000,-0.000000
7.642333,-0.000000
7.642667,-0.000000
7.643000,-0.000000
7.643333,-0.000000
7.643667,-0.000000
7.644000,-0.000000
7.644333,-0.000000
7.644667,-0.000000
7.645000,-0.000000
7.645333,-0.000000
7.645667,-0.000000
7.646000,-0.000000
7.646333,-0.000000
7.646667,-0.000000
7.647000,-0.000000
7.647333,-0.000000
7.647667,-0.000000
7.648000,-0.000000
7.648333,-0.000000
7.648667,-0.000000
7.649000,-0.000000
7.649333,-0.000000
7.649667,-0.000000
7.650000,0.000000
7.650333,0.000000
7.650667,0.000000
7.651000,0.000000
7.651333,0.000000
7.651667,0.000000
7.652000,0.000000
7.652333,0.000000
7.652667,0.000000
7.653000,0.000000
7.653333,0.000000
7.653667,0.000000
7.654000,0.000000
7.654333,0.000000
7.654667,0.000000
7.655000,0.000000
7.655333,0.000000
7.655667,0.000000
7.656000,0.000000
7.656333,0.000000
7.656667,0.000000
7.657000,0.000000
7.657333,0.000000
7.657667,0.000000
7.658000,0.000000
7.658333,0.000000
7.658667,0.000000
7.659000,0.000000
7.659333,0.000000
7.659667,0.000000
7.660000,0.000000
7.660333,0.000000
7.660667,0.000000
7.661000,0.000000
7.661333,0.000000
7.661667,0.000000
7.662000,0.000000
7.662333,0.000000
7.662667,0.000000
7.663000,0.000000
7.663333,0.000000
7.663667,0.000000
7.664000,0.000000
7.664333,0.000000
7.664667,0.000000
7.665000,0.000000
7.665333,0.000000
7.665667,0.000000
7.666000,0.000000
7.666333,0.000000
7.666667,-0.000000
7.667000,-0.000000
7.667333,-0.000000
7.667667,-0.000000
7.668000,-0.000000
7.668333,-0.000000
7.668667,-0.000000
7.669000,-0.000000
7.669333,-0.000000
7.669667,-0.000000
7.670000,-0.000000
7.670333,-0.000000
7.670667,-0.000000
7.671000,-0.000000
7.671333,-0.000000
7.671667,-0.000000
7.672000,-0.000000
7.672333,-0.000000
7.672667,-0.000000
7.673000,-0.000000
7.673333,-0.000000
7.673667,-0.000000
7.674000,-0.000000
7.674333,-0.000000
7.674667,-0.000000
7.675000,-0.000000
7.675333,-0.000000
7.675667,-0.000000
7.676000,-0.000000
7.676333,-0.000000
7.676667,-0.000000
7.677000,-0.000000
7.677333,-0.000000
7.677667,-0.000000
7.678000,-0.000000
7.678333,-0.000000
7.678667,-0.000000
7.679000,-0.000000
7.679333,-0.000000
7.679667,-0.000000
7.680000,-0.000000
7.680333,-0.000000
7.680667,-0.000000
7.681000,-0.000000
7.681333,-0.000000
7.681667,-0.000000
7.682000,-0.000000
7.682333,-0.000000
7.682667,-0.000000
7.683000,-0.000000
7.683333,0.000000
7.683667,0.000000
7.684000,0.000000
7.684333,0.000000
7.684667,0.000000
7.685000,0.000000
7.685333,0.000000
7.685667,0.000000
7.686000,0.000000
7.686333,0.000000
7.686667,0.000000
7.687000,0.000000
7.687333,0.000000
7.687667,0.000000
7.688000,0.000000
7.688333,0.000000
7.688667,0.000000
7.689000,0.000000
7.689333,0.000000
7.689667,0.000000
7.690000,0.000000
7.690333,0.000000
7.690667,0.000000
7.691000,0.000000
7.691333,0.000000
7.691667,0.000000
7.692000,0.000000
7.692333,0.000000
7.692667,0.000000
7.693000,0.000000
7.693333,0.000000
7.693667,0.000000
7.694000,0.000000
7.694333,0.000000
7.694667,0.000000
7.695000,0.000000
7.695333,0.000000
7.695667,0.000000
7.696000,0.000000
7.696333,0.000000
7.696667,0.000000
7.697000,0.000000
7.697333,0.000000
7.697667,0.000000
7.698000,0.000000
7.698333,0.000000
7.698667,0.000000
7.699000,0.000000
7.699333,0.000000
7.699667,0.000000
7.700000,-0.000000
7.700333,-0.000000
7.700667,-0.000000
7.701000,-0.000000
7.701333,-0.000000
7.701667,-0.000000
7.702000,-0.000000
7.702333,-0.000000
7.702667,-0.000000
7.703000,-0.000000
7.703333,-0.000000
7.703667,-0.000000
7.704000,-0.000000
7.704333,-0.000000
7.704667,-0.000000
7.705000,-0.000000
7.705333,-0.000000
7.705667,-0.000000
7.706000,-0.000000
7.706333,-0.000000
7.706667,-0.000000
7.707000,-0.000000
7.707333,-0.000000
7.707667,-0.000000
7.708000,-0.000000
7.708333,-0.000000
7.708667,-0.000000
7.709000,-0.000000
7.709333,-0.000000
7.709667,-0.000000
7.710000,-0.000000
7.710333,-0.000000
7.710667,-0.000000
7.711000,-0.000000
7.711333,-0.000000
7.711667,-0.000000
7.712000,-0.000000
7.712333,-0.000000
7.712667,-0.000000
7.713000,-0.000000
7.713333,-0.000000
7.713667,-0.000000
7.714000,-0.000000
7.714333,-0.000000
7.714667,-0.000000
7.715000,-0.000000
7.715333,-0.000000
7.715667,-0.000000
7.716000,-0.000000
7.716333,-0.000000
7.716667,0.000000
7.717000,0.000000
7.717333,0.000000
7.717667,0.000000
7.718000,0.000000
7.718333,0.000000
7.718667,0.000000
7.719000,0.000000
7.719333,0.000000
7.719667,0.000000
7.720000,0.000000
7.720333,0.000000
7.720667,0.000000
7.721000,0.000000
7.721333,0.000000
7.721667,0.000000
7.722000,0.000000
7.722333,0.000000
7.722667,0.000000
7.723000,0.000000
7.723333,0.000000
7.723667,0.000000
7.724000,0.000000
7.724333,0.000000
7.724667,0.000000
7.725000,0.000000
7.725333,0.000000
7.725667,0.000000
7.726000,0.000000
7.726333,0.000000
7.726667,0.000000
7.727000,0.000000
7.727333,0.000000
7.727667,0.000000
7.728000,0.000000
7.728333,0.000000
7.728667,0.000000
7.729000,0.000000
7.729333,0.000000
7.729667,0.000000
7.730000,0.000000
7.730333,0.000000
7.730667,0.000000
7.731000,0.000000
7.731333,0.000000
7.731667,0.000000
7.732000,0.000000
7.732333,0.000000
7.732667,0.000000
7.733000,0.000000
7.733333,-0.000000
7.733667,-0.000000
7.734000,-0.000000
7.734333,-0.000000
7.734667,-0.000000
7.735000,-0.000000
7.735333,-0.000000
7.735667,-0.000000
7.736000,-0.000000
7.736333,-0.000000
7.736667,-0.000000
7.737000,-0.000000
7.737333,-0.000000
7.737667,-0.000000
7.738000,-0.000000
7.738333,-0.000000
7.738667,-0.000000
7.739000,-0.000000
7.739333,-0.000000
7.739667,-0.000000
7.740000,-0.000000
7.740333,-0.000000
7.740667,-0.000000
7.741000,-0.000000
7.741333,-0.000000
7.741667,-0.000000
7.742000,-0.000000
7.742333,-0.000000
7.742667,-0.000000
7.743000,-0.000000
7.743333,-0.000000
7.743667,-0.000000
7.744000,-0.000000
7.744333,-0.000000
7.744667,-0.000000
7.745000,-0.000000
7.745333,-0.000000
7.745667,-0.000000
7.746000,-0.000000
7.746333,-0.000000
7.746667,-0.000000
7.747000,-0.000000
7.747333,-0.000000
7.747667,-0.000000
7.748000,-0.000000
7.748333,-0.000000
7.748667,-0.000000
7.749000,-0.000000
7.749333,-0.000000
7.749667,-0.000000
7.750000,0.000000
7.750333,0.000000
7.750667,0.000000
7.751000,0.000000
7.751333,0.000000
7.751667,0.000000
7.752000,0.000000
7.752333,0.000000
7.752667,0.000000
7.753000,0.000000
7.753333,0.000000
7.753667,0.000000
7.754000,0.000000
7.754333,0.000000
7.754667,0.000000
7.755000,0.000000
7.755333,0.000000
7.755667,0.000000
7.756000,0.000000
7.756333,0.000000
7.756667,0.000000
7.757000,0.000000
7.757333,0.000000
7.757667,0.000000
7.758000,0.000000
7.758333,0.000000
7.758667,0.000000
7.759000,0.000000
7.759333,0.000000
7.759667,0.000000
7.760000,0.000000
7.760333,0.000000
7.760667,0.000000
7.761000,0.000000
7.761333,0.000000
7.761667,0.000000
7.762000,0.000000
7.762333,0.000000
7.762667,0.000000
7.763000,0.000000
7.763333,0.000000
7.763667,0.000000
7.764000,0.000000
7.764333,0.000000
7.764667,0.000000
7.765000,0.000000
7.765333,0.000000
7.765667,0.000000
7.766000,0.000000
7.766333,0.000000
7.766667,-0.000000
7.767000,-0.000000
7.767333,-0.000000
7.767667,-0.000000
7.768000,-0.000000
7.768333,-0.000000
7.768667,-0.000000
7.769000,-0.000000
7.769333,-0.000000
7.769667,-0.000000
7.770000,-0.000000
7.770333,-0.000000
7.770667,-0.000000
7.771000,-0.000000
7.771333,-0.000000
7.771667,-0.000000
7.772000,-0.000000
7.772333,-0.000000
7.772667,-0.000000
7.773000,-0.000000
7.773333,-0.000000
7.773667,-0.000000
7.774000,-0.000000
7.774333,-0.000000
7.774667,-0.000000
7.775000,-0.000000
7.775333,-0.000000
7.775667,-0.000000
7.776000,-0.000000
7.776333,-0.000000
7.776667,-0.000000
7.777000,-0.000000
7.777333,-0.000000
7.777667,-0.000000
7.778000,-0.000000
7.778333,-0.000000
7.778667,-0.000000
7.779000,-0.000000
7.779333,-0.000000
7.779667,-0.000000
7.780000,-0.000000
7.780333,-0.000000
7.780667,-0.000000
7.781000,-0.000000
7.781333,-0.000000
7.781667,-0.000000
7.782000,-0.000000
7.782333,-0.000000
7.782667,-0.000000
7.783000,-0.000000
7.783333,0.000000
7.783667,0.000000
7.784000,0.000000
7.784333,0.000000
7.784667,0.000000
7.785000,0.000000
7.785333,0.000000
7.785667,0.000000
7.786000,0.000000
7.786333,0.000000
7.786667,0.000000
7.787000,0.000000
7.787333,0.000000
7.787667,0.000000
7.788000,0.000000
7.788333,0.000000
7.788667,0.000000
7.789000,0.000000
7.789333,0.000000
7.789667,0.000000
7.790000,0.000000
7.790333,0.000000
7.790667,0.000000
7.791000,0.000000
7.791333,0.000000
7.791667,0.000000
7.792000,0.000000
7.792333,0.000000
7.792667,0.000000
7.793000,0.000000
7.793333,0.000000
7.793667,0.000000
7.794000,0.000000
7.794333,0.000000
7.794667,0.000000
7.795000,0.000000
7.795333,0.000000
7.795667,0.000000
7.796000,0.000000
7.796333,0.000000
7.796667,0.000000
7.797000,0.000000
7.797333,0.000000
7.797667,0.000000
7.798000,0.000000
7.798333,0.000000
7.798667,0.000000
7.799000,0.000000
7.799333,0.000000
7.799667,0.000000
7.800000,-0.000000
7.800333,-0.000000
7.800667,-0.000000
7.801000,-0.000000
7.801333,-0.000000
7.801667,-0.000000
7.802000,-0.000000
7.802333,-0.000000
7.802667,-0.000000
7.803000,-0.000000
7.803333,-0.000000
7.803667,-0.000000
7.804000,-0.000000
7.804333,-0.000000
7.804667,-0.000000
7.805000,-0.000000
7.805333,-0.000000
7.805667,-0.000000
7.806000,-0.000000
7.806333,-0.000000
7.806667,-0.000000
7.807000,-0.000000
7.807333,-0.000000
7.807667,-0.000000
7.808000,-0.000000
7.808333,-0.000000
7.808667,-0.000000
7.809000,-0.000000
7.809333,-0.000000
7.809667,-0.000000
7.810000,-0.000000
7.810333,-0.000000
7.810667,-0.000000
7.811000,-0.000000
7.811333,-0.000000
7.811667,-0.000000
7.812000,-0.000000
7.812333,-0.000000
7.812667,-0.000000
7.813000,-0.000000
7.813333,-0.000000
7.813667,-0.000000
7.814000,-0.000000
7.814333,-0.000000
7.814667,-0.000000
7.815000,-0.000000
7.815333,-0.000000
7.815667,-0.000000
7.816000,-0.000000
7.816333,-0.000000
7.816667,0.000000
7.817000,0.000000
7.817333,0.000000
7.817667,0.000000
7.818000,0.000000
7.818333,0.000000
7.818667,0.000000
7.819000,0.000000
7.819333,0.000000
7.819667,0.000000
7.820000,0.000000
7.820333,0.000000
7.820667,0.000000
7.821000,0.000000
7.821333,0.000000
7.821667,0.000000
7.822000,0.000000
7.822333,0.000000
7.822667,0.000000
7.823000,0.000000
7.823333,0.000000
7.823667,0.000000
7.824000,0.000000
7.824333,0.000000
7.824667,0.000000
7.825000,0.000000
7.825333,0.000000
7.825667,0.000000
7.826000,0.000000
7.826333,0.000000
7.826667,0.000000
7.827000,0.000000
7.827333,0.000000
7.827667,0.000000
7.828000,0.000000
7.828333,0.000000
7.828667,0.000000
7.829000,0.000000
7.829333,0.000000
7.829667,0.000000
7.830000,0.000000
7.830333,0.000000
7.830667,0.000000
7.831000,0.000000
7.831333,0.000000
7.831667,0.000000
7.832000,0.000000
7.832333,0.000000
7.832667,0.000000
7.833000,0.000000
7.833333,-0.000000
7.833667,-0.000000
7.834000,-0.000000
7.834333,-0.000000
7.834667,-0.000000
7.835000,-0.000000
7.835333,-0.000000
7.835667,-0.000000
7.836000,-0.000000
7.836333,-0.000000
7.836667,-0.000000
7.837000,-0.000000
7.837333,-0.000000
7.837667,-0.000000
7.838000,-0.000000
7.838333,-0.000000
7.838667,-0.000000
7.839000,-0.000000
7.839333,-0.000000
7.839667,-0.000000
7.840000,-0.000000
7.840333,-0.000000
7.840667,-0.000000
7.841000,-0.000000
7.841333,-0.000000
7.841667,-0.000000
7.842000,-0.000000
7.842333,-0.000000
7.842667,-0.000000
7.843000,-0.000000
7.843333,-0.000000
7.843667,-0.000000
7.844000,-0.000000
7.844333,-0.000000
7.844667,-0.000000
7.845000,-0.000000
7.845333,-0.000000
7.845667,-0.000000
7.846000,-0.000000
7.846333,-0.000000
7.846667,-0.000000
7.847000,-0.000000
7.847333,-0.000000
7.847667,-0.000000
7.848000,-0.000000
7.848333,-0.000000
7.848667,-0.000000
7.849000,-0.000000
7.849333,-0.000000
7.849667,-0.000000
7.850000,0.000000
7.850333,0.000000
7.850667,0.000000
7.851000,0.000000
7.851333,0.000000
7.851667,0.000000
7.852000,0.000000
7.852333,0.000000
7.852667,0.000000
7.853000,0.000000
7.853333,0.000000
7.853667,0.000000
7.854000,0.000000
7.854333,0.000000
7.854667,0.000000
7.855000,0.000000
7.855333,0.000000
7.855667,0.000000
7.856000,0.000000
7.856333,0.000000
7.856667,0.000000
7.857000,0.000000
7.857333,0.000000
7.857667,0.000000
7.858000,0.000000
7.858333,0.000000
7.858667,0.000000
7.859000,0.000000
7.859333,0.000000
7.859667,0.000000
7.860000,0.000000
7.860333,0.000000
7.860667,0.000000
7.861000,0.000000
7.861333,0.000000
7.861667,0.000000
7.862000,0.000000
7.862333,0.000000
7.862667,0.000000
7.863000,0.000000
7.863333,0.000000
7.863667,0.000000
7.864000,0.000000
7.864333,0.000000
7.864667,0.000000
7.865000,0.000000
7.865333,0.000000
7.865667,0.000000
7.866000,0.000000
7.866333,0.000000
7.866667,-0.000000
7.867000,-0.000000
7.867333,-0.000000
7.867667,-0.000000
7.868000,-0.000000
7.868333,-0.000000
7.868667,-0.000000
7.869000,-0.000000
7.869333,-0.000000
7.869667,-0.000000
7.870000,-0.000000
7.870333,-0.000000
7.870667,-0.000000
7.871000,-0.000000
7.871333,-0.000000
7.871667,-0.000000
7.872000,-0.000000
7.872333,-0.000000
7.872667,-0.000000
7.873000,-0.000000
7.873333,-0.000000
7.873667,-0.000000
7.874000,-0.000000
7.874333,-0.000000
7.874667,-0.000000
7.875000,-0.000000
7.875333,-0.000000
7.875667,-0.000000
7.876000,-0.000000
7.876333,-0.000000
7.876667,-0.000000
7.877000,-0.000000
7.877333,-0.000000
7.877667,-0.000000
7.878000,-0.000000
7.878333,-0.000000
7.878667,-0.000000
7.879000,-0.000000
7.879333,-0.000000
7.879667,-0.000000
7.880000,-0.000000
7.880333,0.003105
7.880667,0.006129
7.881000,0.009062
7.881333,0.011894
7.881667,0.014616
7.882000,0.017219
7.882333,0.019696
7.882667,0.022039
7.883000,0.024242
7.883333,0.026299
7.883667,0.028204
7.884000,0.029955
7.884333,0.031546
7.884667,0.032976
7.885000,0.034241
7.885333,0.035341
7.885667,0.036274
7.886000,0.037040
7.886333,0.037641
7.886667,0.038077
7.887000,0.038351
7.887333,0.038463
7.887667,0.038419
7.888000,0.038221
7.888333,0.037873
7.888667,0.037381
7.889000,0.036749
7.889333,0.035983
7.889667,0.035089
7.890000,0.034073
7.890333,0.032943
7.890667,0.031704
7.891000,0.030366
7.891333,0.028934
7.891667,0.027418
7.892000,0.025825
7.892333,0.024162
7.892667,0.022439
7.893000,0.020664
7.893333,0.018844
7.893667,0.016988
7.894000,0.015105
7.894333,0.013203
7.894667,0.011289
7.895000,0.009371
7.895333,0.007459
7.895667,0.005558
7.896000,0.003676
7.896333,0.001821
7.896667,0.000000
7.897000,-0.001781
7.897333,-0.003516
7.897667,-0.005199
7.898000,-0.006824
7.898333,-0.008386
7.898667,-0.009880
7.899000,-0.011301
7.899333,-0.012645
7.899667,-0.013909
7.900000,-0.015089
7.900333,-0.016182
7.900667,-0.017187
7.901000,-0.018100
7.901333,-0.018920
7.901667,-0.019646
7.902000,-0.020277
7.902333,-0.020812
7.902667,-0.021252
7.903000,-0.021597
7.903333,-0.021847
7.903667,-0.022004
7.904000,-0.022069
7.904333,-0.022043
7.904667,-0.021929
7.905000,-0.021730
7.905333,-0.021447
7.905667,-0.021085
7.906000,-0.020645
7.906333,-0.020132
7.906667,-0.019550
7.907000,-0.018901
7.907333,-0.018191
7.907667,-0.017422
7.908000,-0.016601
7.908333,-0.015731
7.908667,-0.014817
7.909000,-0.013863
7.909333,-0.012874
7.909667,-0.011856
7.910000,-0.010812
7.910333,-0.009747
7.910667,-0.008667
7.911000,-0.007575
7.911333,-0.006477
7.911667,-0.005377
7.912000,-0.004279
7.912333,-0.003189
7.912667,-0.002109
7.913000,-0.001045
7.913333,-0.000000
7.913667,0.001022
7.914000,0.002018
7.914333,0.002983
7.914667,0.003915
7.915000,0.004811
7.915333,0.005668
7.915667,0.006484
7.916000,0.007255
7.916333,0.007980
7.916667,0.008657
7.917000,0.009285
7.917333,0.009861
7.917667,0.010385
7.918000,0.010855
7.918333,0.011272
7.918667,0.011634
7.919000,0.011941
7.919333,0.012193
7.919667,0.012391
7.920000,0.012535
7.920333,0.012625
7.920667,0.012662
7.921000,0.012647
7.921333,0.012582
7.921667,0.012468
7.922000,0.012306
7.922333,0.012097
7.922667,0.011845
7.923000,0.011551
7.923333,0.011217
7.923667,0.010844
7.924000,0.010437
7.924333,0.009996
7.924667,0.009525
7.925000,0.009026
7.925333,0.008501
7.925667,0.007954
7.926000,0.007387
7.926333,0.006802
7.926667,0.006203
7.927000,0.005592
7.927333,0.004973
7.927667,0.004346
7.928000,0.003716
7.928333,0.003085
7.928667,0.002455
7.929000,0.001830
7.929333,0.001210
7.929667,0.000600
7.930000,0.000000
7.930333,-0.000586
7.930667,-0.001158
7.931000,-0.001712
7.931333,-0.002246
7.931667,-0.002761
7.932000,-0.003252
7.932333,-0.003720
7.932667,-0.004163
7.933000,-0.004579
7.933333,-0.004967
7.933667,-0.005327
7.934000,-0.005658
7.934333,-0.005958
7.934667,-0.006228
7.935000,-0.006467
7.935333,-0.006675
7.935667,-0.006851
7.936000,-0.006996
7.936333,-0.007110
7.936667,-0.007192
7.937000,-0.007243
7.937333,-0.007265
7.937667,-0.007256
7.938000,-0.007219
7.938333,-0.007153
7.938667,-0.007060
7.939000,-0.006941
7.939333,-0.006796
7.939667,-0.006627
7.940000,-0.006436
7.940333,-0.006222
7.940667,-0.005988
7.941000,-0.005735
7.941333,-0.005465
7.941667,-0.005179
7.942000,-0.004878
7.942333,-0.004564
7.942667,-0.004238
7.943000,-0.003903
7.943333,-0.003559
7.943667,-0.003209
7.944000,-0.002853
7.944333,-0.002494
7.944667,-0.002132
7.945000,-0.001770
7.945333,-0.001409
7.945667,-0.001050
7.946000,-0.000694
7.946333,-0.000344
7.946667,-0.000000
7.947000,0.000336
7.947333,0.000664
7.947667,0.000982
7.948000,0.001289
7.948333,0.001584
7.948667,0.001866
7.949000,0.002134
7.949333,0.002388
7.949667,0.002627
7.950000,0.002850
7.950333,0.003056
7.950667,0.003246
7.951000,0.003419
7.951333,0.003574
7.951667,0.003711
7.952000,0.003830
7.952333,0.003931
7.952667,0.004014
7.953000,0.004079
7.953333,0.004126
7.953667,0.004156
7.954000,0.004168
7.954333,0.004163
7.954667,0.004142
7.955000,0.004104
7.955333,0.004051
7.955667,0.003982
7.956000,0.003899
7.956333,0.003802
7.956667,0.003692
7.957000,0.003570
7.957333,0.003436
7.957667,0.003291
7.958000,0.003136
7.958333,0.002971
7.958667,0.002799
7.959000,0.002618
7.959333,0.002432
7.959667,0.002239
7.960000,0.002042
7.960333,0.001841
7.960667,0.001637
7.961000,0.001431
7.961333,0.001223
7.961667,0.001016
7.962000,0.000808
7.962333,0.000602
7.962667,0.000398
7.963000,0.000197
7.963333,0.000000
7.963667,-0.000193
7.964000,-0.000381
7.964333,-0.000563
7.964667,-0.000740
7.965000,-0.000909
7.965333,-0.001071
7.965667,-0.001225
7.966000,-0.001370
7.966333,-0.001507
7.966667,-0.001635
7.967000,-0.001754
7.967333,-0.001862
7.967667,-0.001961
7.968000,-0.002050
7.968333,-0.002129
7.968667,-0.002197
7.969000,-0.002255
7.969333,-0.002303
7.969667,-0.002340
7.970000,-0.002368
7.970333,-0.002385
7.970667,-0.002392
7.971000,-0.002389
7.971333,-0.002376
7.971667,-0.002355
7.972000,-0.002324
7.972333,-0.002285
7.972667,-0.002237
7.973000,-0.002182
7.973333,-0.002119
7.973667,-0.002048
7.974000,-0.001971
7.974333,-0.001888
7.974667,-0.001799
7.975000,-0.001705
7.975333,-0.001606
7.975667,-0.001502
7.976000,-0.001395
7.976333,-0.001285
7.976667,-0.001172
7.977000,-0.001056
7.977333,-0.000939
7.977667,-0.000821
7.978000,-0.000702
7.978333,-0.000583
7.978667,-0.000464
7.979000,-0.000346
7.979333,-0.000229
7.979667,-0.000113
7.980000,-0.000000
7.980333,0.000111
7.980667,0.000219
7.981000,0.000323
7.981333,0.000424
7.981667,0.000521
7.982000,0.000614
7.982333,0.000703
7.982667,0.000786
7.983000,0.000865
7.983333,0.000938
7.983667,0.001006
7.984000,0.001069
7.984333,0.001125
7.984667,0.001176
7.985000,0.001222
7.985333,0.001261
7.985667,0.001294
7.986000,0.001321
7.986333,0.001343
7.986667,0.001358
7.987000,0.001368
7.987333,0.001372
7.987667,0.001371
7.988000,0.001363
7.988333,0.001351
7.988667,0.001334
7.989000,0.001311
7.989333,0.001284
7.989667,0.001252
7.990000,0.001216
7.990333,0.001175
7.990667,0.001131
7.991000,0.001083
7.991333,0.001032
7.991667,0.000978
7.992000,0.000921
7.992333,0.000862
7.992667,0.000800
7.993000,0.000737
7.993333,0.000672
7.993667,0.000606
7.994000,0.000539
7.994333,0.000471
7.994667,0.000403
7.995000,0.000334
7.995333,0.000266
7.995667,0.000198
7.996000,0.000131
7.996333,0.000065
7.996667,0.000000
7.997000,-0.000064
7.997333,-0.000125
7.997667,-0.000185
7.998000,-0.000243
7.998333,-0.000299
7.998667,-0.000352
7.999000,-0.000403
7.999333,-0.000451
7.999667,-0.000496
8.000000,-0.000538
8.000333,-0.000577
8.000667,-0.000613
8.001000,-0.000646
8.001333,-0.000675
8.001667,-0.000701
8.002000,-0.000723
8.002333,-0.000742
8.002667,-0.000758
8.003000,-0.000770
8.003333,-0.000779
8.003667,-0.000785
8.004000,-0.000787
8.004333,-0.000786
8.004667,-0.000782
8.005000,-0.000775
8.005333,-0.000765
8.005667,-0.000752
8.006000,-0.000736
8.006333,-0.000718
8.006667,-0.000697
8.007000,-0.000674
8.007333,-0.000649
8.007667,-0.000622
8.008000,-0.000592
8.008333,-0.000561
8.008667,-0.000529
8.009000,-0.000495
8.009333,-0.000459
8.009667,-0.000423
8.010000,-0.000386
8.010333,-0.000348
8.010667,-0.000309
8.011000,-0.000270
8.011333,-0.000231
8.011667,-0.000192
8.012000,-0.000153
8.012333,-0.000114
8.012667,-0.000075
8.013000,-0.000037
8.013333,-0.000000
8.013667,0.000036
8.014000,0.000072
8.014333,0.000106
8.014667,0.000140
8.015000,0.000172
8.015333,0.000202
8.015667,0.000231
8.016000,0.000259
8.016333,0.000285
8.016667,0.000309
8.017000,0.000331
8.017333,0.000352
8.017667,0.000370
8.018000,0.000387
8.018333,0.000402
8.018667,0.000415
8.019000,0.000426
8.019333,0.000435
8.019667,0.000442
8.020000,0.000447
8.020333,0.000450
8.020667,0.000452
8.021000,0.000451
8.021333,0.000449
8.021667,0.000445
8.022000,0.000439
8.022333,0.000432
8.022667,0.000423
8.023000,0.000412
8.023333,0.000400
8.023667,0.000387
8.024000,0.000372
8.024333,0.000357
8.024667,0.000340
8.025000,0.000322
8.025333,0.000303
8.025667,0.000284
8.026000,0.000264
8.026333,0.000243
8.026667,0.000221
8.027000,0.000200
8.027333,0.000177
8.027667,0.000155
8.028000,0.000133
8.028333,0.000110
8.028667,0.000088
8.029000,0.000065
8.029333,0.000043
8.029667,0.000021
8.030000,0.000000
8.030333,-0.000021
8.030667,-0.000041
8.031000,-0.000061
8.031333,-0.000080
8.031667,-0.000098
8.032000,-0.000116
8.032333,-0.000133
8.032667,-0.000148
8.033000,-0.000163
8.033333,-0.000177
8.033667,-0.000190
8.034000,-0.000202
8.034333,-0.000213
8.034667,-0.000222
8.035000,-0.000231
8.035333,-0.000238
8.035667,-0.000244
8.036000,-0.000250
8.036333,-0.000254
8.036667,-0.000257
8.037000,-0.000258
8.037333,-0.000259
8.037667,-0.000259
8.038000,-0.000258
8.038333,-0.000255
8.038667,-0.000252
8.039000,-0.000248
8.039333,-0.000242
8.039667,-0.000236
8.040000,-0.000230
8.040333,-0.000222
8.040667,-0.000214
8.041000,-0.000205
8.041333,-0.000195
8.041667,-0.000185
8.042000,-0.000174
8.042333,-0.000163
8.042667,-0.000151
8.043000,-0.000139
8.043333,-0.000127
8.043667,-0.000114
8.044000,-0.000102
8.044333,-0.000089
8.044667,-0.000076
8.045000,-0.000063
8.045333,-0.000050
8.045667,-0.000037
8.046000,-0.000025
8.046333,-0.000012
8.046667,-0.000000
8.047000,0.000012
8.047333,0.000024
8.047667,0.000035
8.048000,0.000046
8.048333,0.000057
8.048667,0.000067
8.049000,0.000076
8.049333,0.000085
8.049667,0.000094
8.050000,0.000102
8.050333,0.000109
8.050667,0.000116
8.051000,0.000122
8.051333,0.000127
8.051667,0.000132
8.052000,0.000137
8.052333,0.000140
8.052667,0.000143
8.053000,0.000146
8.053333,0.000147
8.053667,0.000148
8.054000,0.000149
8.054333,0.000149
8.054667,0.000148
8.055000,0.000146
8.055333,0.000145
8.055667,0.000142
8.056000,0.000139
8.056333,0.000136
8.056667,0.000132
8.057000,0.000127
8.057333,0.000123
8.057667,0.000117
8.058000,0.000112
8.058333,0.000106
8.058667,0.000100
8.059000,0.000093
8.059333,0.000087
8.059667,0.000080
8.060000,0.000073
8.060333,0.000066
8.060667,0.000058
8.061000,0.000051
8.061333,0.000044
8.061667,0.000036
8.062000,0.000029
8.062333,0.000021
8.062667,0.000014
8.063000,0.000007
8.063333,0.000000
8.063667,-0.000007
8.064000,-0.000014
8.064333,-0.000020
8.064667,-0.000026
8.065000,-0.000032
8.065333,-0.000038
8.065667,-0.000044
8.066000,-0.000049
8.066333,-0.000054
8.066667,-0.000058
8.067000,-0.000063
8.067333,-0.000066
8.067667,-0.000070
8.068000,-0.000073
8.068333,-0.000076
8.068667,-0.000078
8.069000,-0.000080
8.069333,-0.000082
8.069667,-0.000083
8.070000,-0.000084
8.070333,-0.000085
8.070667,-0.000085
8.071000,-0.000085
8.071333,-0.000085
8.071667,-0.000084
8.072000,-0.000083
8.072333,-0.000082
8.072667,-0.000080
8.073000,-0.000078
8.073333,-0.000076
8.073667,-0.000073
8.074000,-0.000070
8.074333,-0.000067
8.074667,-0.000064
8.075000,-0.000061
8.075333,-0.000057
8.075667,-0.000054
8.076000,-0.000050
8.076333,-0.000046
8.076667,-0.000042
8.077000,-0.000038
8.077333,-0.000034
8.077667,-0.000029
8.078000,-0.000025
8.078333,-0.000021
8.078667,-0.000017
8.079000,-0.000012
8.079333,-0.000008
8.079667,-0.000004
8.080000,-0.000000
8.080333,0.000004
8.080667,0.000008
8.081000,0.000012
8.081333,0.000015
8.081667,0.000019
8.082000,0.000022
8.082333,0.000025
8.082667,0.000028
8.083000,0.000031
8.083333,0.000033
8.083667,0.000036
8.084000,0.000038
8.084333,0.000040
8.084667,0.000042
8.085000,0.000044
8.085333,0.000045
8.085667,0.000046
8.086000,0.000047
8.086333,0.000048
8.086667,0.000048
8.087000,0.000049
8.087333,0.000049
8.087667,0.000049
8.088000,0.000049
8.088333,0.000048
8.088667,0.000048
8.089000,0.000047
8.089333,0.000046
8.089667,0.000045
8.090000,0.000043
8.090333,0.000042
8.090667,0.000040
8.091000,0.000039
8.091333,0.000037
8.091667,0.000035
8.092000,0.000033
8.092333,0.000031
8.092667,0.000029
8.093000,0.000026
8.093333,0.000024
8.093667,0.000022
8.094000,0.000019
8.094333,0.000017
8.094667,0.000014
8.095000,0.000012
8.095333,0.000009
8.095667,0.000007
8.096000,0.000005
8.096333,0.000002
8.096667,0.000000
8.097000,-0.000002
8.097333,-0.000004
8.097667,-0.000007
8.098000,-0.000009
8.098333,-0.000011
8.098667,-0.000013
8.099000,-0.000014
8.099333,-0.000016
8.099667,-0.000018
8.100000,-0.000019
8.100333,-0.000021
8.100667,-0.000022
8.101000,-0.000023
8.101333,-0.000024
8.101667,-0.000025
8.102000,-0.000026
8.102333,-0.000026
8.102667,-0.000027
8.103000,-0.000027
8.103333,-0.000028
8.103667,-0.000028
8.104000,-0.000028
8.104333,-0.000028
8.104667,-0.000028
8.105000,-0.000028
8.105333,-0.000027
8.105667,-0.000027
8.106000,-0.000026
8.106333,-0.000026
8.106667,-0.000025
8.107000,-0.000024
8.107333,-0.000023
8.107667,-0.000022
8.108000,-0.000021
8.108333,-0.000020
8.108667,-0.000019
8.109000,-0.000018
8.109333,-0.000016
8.109667,-0.000015
8.110000,-0.000014
8.110333,-0.000012
8.110667,-0.000011
8.111000,-0.000010
8.111333,-0.000008
8.111667,-0.000007
8.112000,-0.000005
8.112333,-0.000004
8.112667,-0.000003
8.113000,-0.000001
8.113333,-0.000000
8.113667,0.000001
8.114000,0.000003
8.114333,0.000004
8.114667,0.000005
8.115000,0.000006
8.115333,0.000007
8.115667,0.000008
8.116000,0.000009
8.116333,0.000010
8.116667,0.000011
8.117000,0.000012
8.117333,0.000013
8.117667,0.000013
8.118000,0.000014
8.118333,0.000014
8.118667,0.000015
8.119000,0.000015
8.119333,0.000016
8.119667,0.000016
8.120000,0.000016
8.120333,0.000016
8.120667,0.000016
8.121000,0.000016
8.121333,0.000016
8.121667,0.000016
8.122000,0.000016
8.122333,0.000015
8.122667,0.000015
8.123000,0.000015
8.123333,0.000014
8.123667,0.000014
8.124000,0.000013
8.124333,0.000013
8.124667,0.000012
8.125000,0.000011
8.125333,0.000011
8.125667,0.000010
8.126000,0.000009
8.126333,0.000009
8.126667,0.000008
8.127000,0.000007
8.127333,0.000006
8.127667,0.000006
8.128000,0.000005
8.128333,0.000004
8.128667,0.000003
8.129000,0.000002
8.129333,0.000002
8.129667,0.000001
8.130000,0.000000
8.130333,-0.000001
8.130667,-0.000001
8.131000,-0.000002
8.131333,-0.000003
8.131667,-0.000004
8.132000,-0.000004
8.132333,-0.000005
8.132667,-0.000005
8.133000,-0.000006
8.133333,-0.000006
8.133667,-0.000007
8.134000,-0.000007
8.134333,-0.000008
8.134667,-0.000008
8.135000,-0.000008
8.135333,-0.000008
8.135667,-0.000009
8.136000,-0.000009
8.136333,-0.000009
8.136667,-0.000009
8.137000,-0.000009
8.137333,-0.000009
8.137667,-0.000009
8.138000,-0.000009
8.138333,-0.000009
8.138667,-0.000009
8.139000,-0.000009
8.139333,-0.000009
8.139667,-0.000008
8.140000,-0.000008
8.140333,-0.000008
8.140667,-0.000008
8.141000,-0.000007
8.141333,-0.000007
8.141667,-0.000007
8.142000,-0.000006
8.142333,-0.000006
8.142667,-0.000005
8.143000,-0.000005
8.143333,-0.000005
8.143667,-0.000004
8.144000,-0.000004
8.144333,-0.000003
8.144667,-0.000003
8.145000,-0.000002
8.145333,-0.000002
8.145667,-0.000001
8.146000,-0.000001
8.146333,-0.000000
8.146667,-0.000000
8.147000,0.000000
8.147333,0.000001
8.147667,0.000001
8.148000,0.000002
8.148333,0.000002
8.148667,0.000002
8.149000,0.000003
8.149333,0.000003
8.149667,0.000003
8.150000,0.000004
8.150333,0.001246
8.150667,0.002456
8.151000,0.003629
8.151333,0.004762
8.151667,0.005851
8.152000,0.006893
8.152333,0.007883
8.152667,0.008821
8.153000,0.009702
8.153333,0.010525
8.153667,0.011287
8.154000,0.011987
8.154333,0.012624
8.154667,0.013196
8.155000,0.013702
8.155333,0.014141
8.155667,0.014515
8.156000,0.014821
8.156333,0.015061
8.156667,0.015236
8.157000,0.015345
8.157333,0.015390
8.157667,0.015372
8.158000,0.015292
8.158333,0.015153
8.158667,0.014956
8.159000,0.014703
8.159333,0.014396
8.159667,0.014038
8.160000,0.013632
8.160333,0.013179
8.160667,0.012684
8.161000,0.012148
8.161333,0.011575
8.161667,0.010968
8.162000,0.010331
8.162333,0.009666
8.162667,0.008976
8.163000,0.008266
8.163333,0.007538
8.163667,0.006795
8.164000,0.006042
8.164333,0.005280
8.164667,0.004515
8.165000,0.003747
8.165333,0.002982
8.165667,0.002222
8.166000,0.001469
8.166333,0.000727
8.166667,-0.000002
8.167000,-0.000715
8.167333,-0.001409
8.167667,-0.002082
8.168000,-0.002732
8.168333,-0.003357
8.168667,-0.003955
8.169000,-0.004523
8.169333,-0.005061
8.169667,-0.005567
8.170000,-0.006039
8.170333,-0.006476
8.170667,-0.006878
8.171000,-0.007243
8.171333,-0.007571
8.171667,-0.007861
8.172000,-0.008114
8.172333,-0.008328
8.172667,-0.008504
8.173000,-0.008641
8.173333,-0.008741
8.173667,-0.008804
8.174000,-0.008830
8.174333,-0.008820
8.174667,-0.008774
8.175000,-0.008694
8.175333,-0.008581
8.175667,-0.008436
8.176000,-0.008260
8.176333,-0.008055
8.176667,-0.007821
8.177000,-0.007562
8.177333,-0.007277
8.177667,-0.006970
8.178000,-0.006641
8.178333,-0.006293
8.178667,-0.005927
8.179000,-0.005546
8.179333,-0.005150
8.179667,-0.004742
8.180000,-0.004325
8.180333,-0.003899
8.180667,-0.003466
8.181000,-0.003030
8.181333,-0.002590
8.181667,-0.002150
8.182000,-0.001711
8.182333,-0.001275
8.182667,-0.000843
8.183000,-0.000417
8.183333,0.000001
8.183667,0.000410
8.184000,0.000808
8.184333,0.001195
8.184667,0.001568
8.185000,0.001926
8.185333,0.002269
8.185667,0.002595
8.186000,0.002904
8.186333,0.003194
8.186667,0.003465
8.187000,0.003716
8.187333,0.003946
8.187667,0.004156
8.188000,0.004344
8.188333,0.004510
8.188667,0.004655
8.189000,0.004778
8.189333,0.004879
8.189667,0.004958
8.190000,0.005015
8.190333,0.005051
8.190667,0.005066
8.191000,0.005060
8.191333,0.005034
8.191667,0.004988
8.192000,0.004923
8.192333,0.004840
8.192667,0.004739
8.193000,0.004621
8.193333,0.004488
8.193667,0.004339
8.194000,0.004175
8.194333,0.003999
8.194667,0.003811
8.195000,0.003611
8.195333,0.003401
8.195667,0.003182
8.196000,0.002955
8.196333,0.002721
8.196667,0.002481
8.197000,0.002237
8.197333,0.001989
8.197667,0.001738
8.198000,0.001486
8.198333,0.001234
8.198667,0.000982
8.199000,0.000731
8.199333,0.000484
8.199667,0.000239
8.200000,-0.000001
8.200333,-0.000235
8.200667,-0.000464
8.201000,-0.000685
8.201333,-0.000899
8.201667,-0.001105
8.202000,-0.001302
8.202333,-0.001489
8.202667,-0.001666
8.203000,-0.001832
8.203333,-0.001988
8.203667,-0.002132
8.204000,-0.002264
8.204333,-0.002384
8.204667,-0.002492
8.205000,-0.002588
8.205333,-0.002671
8.205667,-0.002741
8.206000,-0.002799
8.206333,-0.002845
8.206667,-0.002878
8.207000,-0.002898
8.207333,-0.002907
8.207667,-0.002903
8.208000,-0.002888
8.208333,-0.002862
8.208667,-0.002825
8.209000,-0.002777
8.209333,-0.002719
8.209667,-0.002651
8.210000,-0.002575
8.210333,-0.002489
8.210667,-0.002396
8.211000,-0.002294
8.211333,-0.002186
8.211667,-0.002072
8.212000,-0.001951
8.212333,-0.001826
8.212667,-0.001695
8.213000,-0.001561
8.213333,-0.001424
8.213667,-0.001283
8.214000,-0.001141
8.214333,-0.000997
8.214667,-0.000853
8.215000,-0.000708
8.215333,-0.000563
8.215667,-0.000420
8.216000,-0.000277
8.216333,-0.000137
8.216667,0.000000
8.217000,0.000135
8.217333,0.000266
8.217667,0.000393
8.218000,0.000516
8.218333,0.000634
8.218667,0.000747
8.219000,0.000854
8.219333,0.000956
8.219667,0.001051
8.220000,0.001141
8.220333,0.001223
8.220667,0.001299
8.221000,0.001368
8.221333,0.001430
8.221667,0.001485
8.222000,0.001532
8.222333,0.001573
8.222667,0.001606
8.223000,0.001632
8.223333,0.001651
8.223667,0.001663
8.224000,0.001668
8.224333,0.001666
8.224667,0.001657
8.225000,0.001642
8.225333,0.001621
8.225667,0.001593
8.226000,0.001560
8.226333,0.001521
8.226667,0.001477
8.227000,0.001428
8.227333,0.001375
8.227667,0.001316
8.228000,0.001254
8.228333,0.001189
8.228667,0.001120
8.229000,0.001047
8.229333,0.000973
8.229667,0.000896
8.230000,0.000817
8.230333,0.000736
8.230667,0.000655
8.231000,0.000572
8.231333,0.000489
8.231667,0.000406
8.232000,0.000323
8.232333,0.000241
8.232667,0.000159
8.233000,0.000079
8.233333,-0.000000
8.233667,-0.000077
8.234000,-0.000153
8.234333,-0.000226
8.234667,-0.000296
8.235000,-0.000364
8.235333,-0.000429
8.235667,-0.000490
8.236000,-0.000548
8.236333,-0.000603
8.236667,-0.000654
8.237000,-0.000702
8.237333,-0.000745
8.237667,-0.000785
8.238000,-0.000820
8.238333,-0.000852
8.238667,-0.000879
8.239000,-0.000902
8.239333,-0.000922
8.239667,-0.000936
8.240000,-0.000947
8.240333,-0.000954
8.240667,-0.000957
8.241000,-0.000956
8.241333,-0.000951
8.241667,-0.000942
8.242000,-0.000930
8.242333,-0.000914
8.242667,-0.000895
8.243000,-0.000873
8.243333,-0.000848
8.243667,-0.000819
8.244000,-0.000789
8.244333,-0.000755
8.244667,-0.000720
8.245000,-0.000682
8.245333,-0.000642
8.245667,-0.000601
8.246000,-0.000558
8.246333,-0.000514
8.246667,-0.000469
8.247000,-0.000422
8.247333,-0.000376
8.247667,-0.000328
8.248000,-0.000281
8.248333,-0.000233
8.248667,-0.000185
8.249000,-0.000138
8.249333,-0.000091
8.249667,-0.000045
8.250000,0.000000
8.250333,0.000044
8.250667,0.000088
8.251000,0.000129
8.251333,0.000170
8.251667,0.000209
8.252000,0.000246
8.252333,0.000281
8.252667,0.000315
8.253000,0.000346
8.253333,0.000375
8.253667,0.000403
8.254000,0.000428
8.254333,0.000450
8.254667,0.000471
8.255000,0.000489
8.255333,0.000504
8.255667,0.000518
8.256000,0.000529
8.256333,0.000537
8.256667,0.000544
8.257000,0.000547
8.257333,0.000549
8.257667,0.000548
8.258000,0.000546
8.258333,0.000541
8.258667,0.000534
8.259000,0.000525
8.259333,0.000514
8.259667,0.000501
8.260000,0.000486
8.260333,0.000470
8.260667,0.000452
8.261000,0.000433
8.261333,0.000413
8.261667,0.000391
8.262000,0.000369
8.262333,0.000345
8.262667,0.000320
8.263000,0.000295
8.263333,0.000269
8.263667,0.000242
8.264000,0.000216
8.264333,0.000188
8.264667,0.000161
8.265000,0.000134
8.265333,0.000106
8.265667,0.000079
8.266000,0.000052
8.266333,0.000026
8.266667,-0.000000
8.267000,-0.000025
8.267333,-0.000050
8.267667,-0.000074
8.268000,-0.000097
8.268333,-0.000120
8.268667,-0.000141
8.269000,-0.000161
8.269333,-0.000181
8.269667,-0.000199
8.270000,-0.000215
8.270333,-0.000231
8.270667,-0.000245
8.271000,-0.000258
8.271333,-0.000270
8.271667,-0.000280
8.272000,-0.000289
8.272333,-0.000297
8.272667,-0.000303
8.273000,-0.000308
8.273333,-0.000312
8.273667,-0.000314
8.274000,-0.000315
8.274333,-0.000315
8.274667,-0.000313
8.275000,-0.000310
8.275333,-0.000306
8.275667,-0.000301
8.276000,-0.000295
8.276333,-0.000287
8.276667,-0.000279
8.277000,-0.000270
8.277333,-0.000260
8.277667,-0.000249
8.278000,-0.000237
8.278333,-0.000225
8.278667,-0.000211
8.279000,-0.000198
8.279333,-0.000184
8.279667,-0.000169
8.280000,-0.000154
8.280333,-0.000139
8.280667,-0.000124
8.281000,-0.000108
8.281333,-0.000092
8.281667,-0.000077
8.282000,-0.000061
8.282333,-0.000045
8.282667,-0.000030
8.283000,-0.000015
8.283333,0.000000
8.283667,0.000015
8.284000,0.000029
8.284333,0.000043
8.284667,0.000056
8.285000,0.000069
8.285333,0.000081
8.285667,0.000093
8.286000,0.000104
8.286333,0.000114
8.286667,0.000124
8.287000,0.000133
8.287333,0.000141
8.287667,0.000148
8.288000,0.000155
8.288333,0.000161
8.288667,0.000166
8.289000,0.000170
8.289333,0.000174
8.289667,0.000177
8.290000,0.000179
8.290333,0.000180
8.290667,0.000181
8.291000,0.000181
8.291333,0.000180
8.291667,0.000178
8.292000,0.000176
8.292333,0.000173
8.292667,0.000169
8.293000,0.000165
8.293333,0.000160
8.293667,0.000155
8.294000,0.000149
8.294333,0.000143
8.294667,0.000136
8.295000,0.000129
8.295333,0.000121
8.295667,0.000114
8.296000,0.000105
8.296333,0.000097
8.296667,0.000089
8.297000,0.000080
8.297333,0.000071
8.297667,0.000062
8.298000,0.000053
8.298333,0.000044
8.298667,0.000035
8.299000,0.000026
8.299333,0.000017
8.299667,0.000009
8.300000,-0.000000
8.300333,-0.000008
8.300667,-0.000017
8.301000,-0.000024
8.301333,-0.000032
8.301667,-0.000039
8.302000,-0.000046
8.302333,-0.000053
8.302667,-0.000059
8.303000,-0.000065
8.303333,-0.000071
8.303667,-0.000076
8.304000,-0.000081
8.304333,-0.000085
8.304667,-0.000089
8.305000,-0.000092
8.305333,-0.000095
8.305667,-0.000098
8.306000,-0.000100
8.306333,-0.000101
8.306667,-0.000103
8.307000,-0.000103
8.307333,-0.000104
8.307667,-0.000104
8.308000,-0.000103
8.308333,-0.000102
8.308667,-0.000101
8.309000,-0.000099
8.309333,-0.000097
8.309667,-0.000095
8.310000,-0.000092
8.310333,-0.000089
8.310667,-0.000085
8.311000,-0.000082
8.311333,-0.000078
8.311667,-0.000074
8.312000,-0.000070
8.312333,-0.000065
8.312667,-0.000060
8.313000,-0.000056
8.313333,-0.000051
8.313667,-0.000046
8.314000,-0.000041
8.314333,-0.000036
8.314667,-0.000030
8.315000,-0.000025
8.315333,-0.000020
8.315667,-0.000015
8.316000,-0.000010
8.316333,-0.000005
8.316667,0.000000
8.317000,0.000005
8.317333,0.000009
8.317667,0.000014
8.318000,0.000018
8.318333,0.000023
8.318667,0.000027
8.319000,0.000030
8.319333,0.000034
8.319667,0.000038
8.320000,0.000041
8.320333,0.000044
8.320667,0.000046
8.321000,0.000049
8.321333,0.000051
8.321667,0.000053
8.322000,0.000055
8.322333,0.000056
8.322667,0.000057
8.323000,0.000058
8.323333,0.000059
8.323667,0.000059
8.324000,0.000059
8.324333,0.000059
8.324667,0.000059
8.325000,0.000059
8.325333,0.000058
8.325667,0.000057
8.326000,0.000056
8.326333,0.000054
8.326667,0.000053
8.327000,0.000051
8.327333,0.000049
8.327667,0.000047
8.328000,0.000045
8.328333,0.000042
8.328667,0.000040
8.329000,0.000037
8.329333,0.000035
8.329667,0.000032
8.330000,0.000029
8.330333,0.000026
8.330667,0.000023
8.331000,0.000020
8.331333,0.000017
8.331667,0.000014
8.332000,0.000012
8.332333,0.000009
8.332667,0.000006
8.333000,0.000003
8.333333,-0.000000
8.333667,-0.000003
8.334000,-0.000005
8.334333,-0.000008
8.334667,-0.000011
8.335000,-0.000013
8.335333,-0.000015
8.335667,-0.000017
8.336000,-0.000020
8.336333,-0.000022
8.336667,-0.000023
8.337000,-0.000025
8.337333,-0.000027
8.337667,-0.000028
8.338000,-0.000029
8.338333,-0.000030
8.338667,-0.000031
8.339000,-0.000032
8.339333,-0.000033
8.339667,-0.000033
8.340000,-0.000034
8.340333,-0.000034
8.340667,-0.000034
8.341000,-0.000034
8.341333,-0.000034
8.341667,-0.000034
8.342000,-0.000033
8.342333,-0.000033
8.342667,-0.000032
8.343000,-0.000031
8.343333,-0.000030
8.343667,-0.000029
8.344000,-0.000028
8.344333,-0.000027
8.344667,-0.000026
8.345000,-0.000024
8.345333,-0.000023
8.345667,-0.000021
8.346000,-0.000020
8.346333,-0.000018
8.346667,-0.000017
8.347000,-0.000015
8.347333,-0.000013
8.347667,-0.000012
8.348000,-0.000010
8.348333,-0.000008
8.348667,-0.000007
8.349000,-0.000005
8.349333,-0.000003
8.349667,-0.000002
8.350000,0.000000
8.350333,0.000002
8.350667,0.000003
8.351000,0.000005
8.351333,0.000006
8.351667,0.000007
8.352000,0.000009
8.352333,0.000010
8.352667,0.000011
8.353000,0.000012
8.353333,0.000013
8.353667,0.000014
8.354000,0.000015
8.354333,0.000016
8.354667,0.000017
8.355000,0.000017
8.355333,0.000018
8.355667,0.000018
8.356000,0.000019
8.356333,0.000019
8.356667,0.000019
8.357000,0.000020
8.357333,0.000020
8.357667,0.000020
8.358000,0.000019
8.358333,0.000019
8.358667,0.000019
8.359000,0.000019
8.359333,0.000018
8.359667,0.000018
8.360000,0.000017
8.360333,0.000017
8.360667,0.000016
8.361000,0.000015
8.361333,0.000015
8.361667,0.000014
8.362000,0.000013
8.362333,0.000012
8.362667,0.000011
8.363000,0.000011
8.363333,0.000010
8.363667,0.000009
8.364000,0.000008
8.364333,0.000007
8.364667,0.000006
8.365000,0.000005
8.365333,0.000004
8.365667,0.000003
8.366000,0.000002
8.366333,0.000001
8.366667,-0.000000
8.367000,-0.000001
8.367333,-0.000002
8.367667,-0.000003
8.368000,-0.000003
8.368333,-0.000004
8.368667,-0.000005
8.369000,-0.000006
8.369333,-0.000006
8.369667,-0.000007
8.370000,-0.000008
8.370333,-0.000008
8.370667,-0.000009
8.371000,-0.000009
8.371333,-0.000010
8.371667,-0.000010
8.372000,-0.000010
8.372333,-0.000011
8.372667,-0.000011
8.373000,-0.000011
8.373333,-0.000011
8.373667,-0.000011
8.374000,-0.000011
8.374333,-0.000011
8.374667,-0.000011
8.375000,-0.000011
8.375333,-0.000011
8.375667,-0.000011
8.376000,-0.000011
8.376333,-0.000010
8.376667,-0.000010
8.377000,-0.000010
8.377333,-0.000009
8.377667,-0.000009
8.378000,-0.000008
8.378333,-0.000008
8.378667,-0.000008
8.379000,-0.000007
8.379333,-0.000007
8.379667,-0.000006
8.380000,-0.000006
8.380333,-0.000005
8.380667,-0.000004
8.381000,-0.000004
8.381333,-0.000003
8.381667,-0.000003
8.382000,-0.000002
8.382333,-0.000002
8.382667,-0.000001
8.383000,-0.000001
8.383333,0.000000
8.383667,0.000001
8.384000,0.000001
8.384333,0.000002
8.384667,0.000002
8.385000,0.000002
8.385333,0.000003
8.385667,0.000003
8.386000,0.000004
8.386333,0.000004
8.386667,0.000004
8.387000,0.000005
8.387333,0.000005
8.387667,0.000005
8.388000,0.000006
8.388333,0.000006
8.388667,0.000006
8.389000,0.000006
8.389333,0.000006
8.389667,0.000006
8.390000,0.000006
8.390333,0.000006
8.390667,0.000006
8.391000,0.000006
8.391333,0.000006
8.391667,0.000006
8.392000,0.000006
8.392333,0.000006
8.392667,0.000006
8.393000,0.000006
8.393333,0.000006
8.393667,0.000006
8.394000,0.000005
8.394333,0.000005
8.394667,0.000005
8.395000,0.000005
8.395333,0.000004
8.395667,0.000004
8.396000,0.000004
8.396333,0.000003
8.396667,0.000003
8.397000,0.000003
8.397333,0.000003
8.397667,0.000002
8.398000,0.000002
8.398333,0.000002
8.398667,0.000001
8.399000,0.000001
8.399333,0.000001
8.399667,0.000000
8.400000,-0.000000
8.400333,-0.000000
8.400667,-0.000001
8.401000,-0.000001
8.401333,-0.000001
8.401667,-0.000001
8.402000,-0.000002
8.402333,-0.000002
8.402667,-0.000002
8.403000,-0.000002
8.403333,-0.000003
8.403667,-0.000003
8.404000,-0.000003
8.404333,-0.000003
8.404667,-0.000003
8.405000,-0.000003
8.405333,-0.000003
8.405667,-0.000003
8.406000,-0.000004
8.406333,-0.000004
8.406667,-0.000004
8.407000,-0.000004
8.407333,-0.000004
8.407667,-0.000004
8.408000,-0.000004
8.408333,-0.000004
8.408667,-0.000004
8.409000,-0.000004
8.409333,-0.000003
8.409667,-0.000003
8.410000,-0.000003
8.410333,-0.000003
8.410667,-0.000003
8.411000,-0.000003
8.411333,-0.000003
8.411667,-0.000003
8.412000,-0.000002
8.412333,-0.000002
8.412667,-0.000002
8.413000,-0.000002
8.413333,-0.000002
8.413667,-0.000002
8.414000,-0.000001
8.414333,-0.000001
8.414667,-0.000001
8.415000,-0.000001
8.415333,-0.000001
8.415667,-0.000001
8.416000,-0.000000
8.416333,-0.000000
8.416667,0.000000
8.417000,0.000000
8.417333,0.000000
8.417667,0.000001
8.418000,0.000001
8.418333,0.000001
8.418667,0.000001
8.419000,0.000001
8.419333,0.000001
8.419667,0.000001
8.420000,0.000001
8.420333,0.000002
8.420667,0.000002
8.421000,0.000002
8.421333,0.000002
8.421667,0.000002
8.422000,0.000002
8.422333,0.000002
8.422667,0.000002
8.423000,0.000002
8.423333,0.000002
8.423667,0.000002
8.424000,0.000002
8.424333,0.000002
8.424667,0.000002
8.425000,0.000002
8.425333,0.000002
8.425667,0.000002
8.426000,0.000002
8.426333,0.000002
8.426667,0.000002
8.427000,0.000002
8.427333,0.000002
8.427667,0.000002
8.428000,0.000002
8.428333,0.000002
8.428667,0.000001
8.429000,0.000001
8.429333,0.000001
8.429667,0.000001
8.430000,0.000001
8.430333,0.000001
8.430667,0.000001
8.431000,0.000001
8.431333,0.000001
8.431667,0.000001
8.432000,0.000000
8.432333,0.000000
8.432667,0.000000
8.433000,0.000000
8.433333,-0.000000
8.433667,-0.000000
8.434000,-0.000000
8.434333,-0.000000
8.434667,-0.000000
8.435000,-0.000000
8.435333,-0.000001
8.435667,-0.000001
8.436000,-0.000001
8.436333,-0.000001
8.436667,-0.000001
8.437000,-0.000001
8.437333,-0.000001
8.437667,-0.000001
8.438000,-0.000001
8.438333,-0.000001
8.438667,-0.000001
8.439000,-0.000001
8.439333,-0.000001
8.439667,-0.000001
8.440000,-0.000001
8.440333,-0.000001
8.440667,-0.000001
8.441000,-0.000001
8.441333,-0.000001
8.441667,-0.000001
8.442000,-0.000001
8.442333,-0.000001
8.442667,-0.000001
8.443000,-0.000001
8.443333,-0.000001
8.443667,-0.000001
8.444000,-0.000001
8.444333,-0.000001
8.444667,-0.000001
8.445000,-0.000001
8.445333,-0.000001
8.445667,-0.000001
8.446000,-0.000001
8.446333,-0.000001
8.446667,-0.000001
8.447000,-0.000001
8.447333,-0.000000
8.447667,-0.000000
8.448000,-0.000000
8.448333,-0.000000
8.448667,-0.000000
8.449000,-0.000000
8.449333,-0.000000
8.449667,-0.000000
8.450000,0.000000
8.450333,0.000000
8.450667,0.000000
8.451000,0.000000
8.451333,0.000000
8.451667,0.000000
8.452000,0.000000
8.452333,0.000000
8.452667,0.000000
8.453000,0.000000
8.453333,0.000000
8.453667,0.000001
8.454000,0.000001
8.454333,0.000001
8.454667,0.000001
8.455000,0.000001
8.455333,0.000001
8.455667,0.000001
8.456000,0.000001
8.456333,0.000001
8.456667,0.000001
8.457000,0.000001
8.457333,0.000001
8.457667,0.000001
8.458000,0.000001
8.458333,0.000001
8.458667,0.000001
8.459000,0.000001
8.459333,0.000001
8.459667,0.000001
8.460000,0.000001
8.460333,0.000001
8.460667,0.000001
8.461000,0.000001
8.461333,0.000001
8.461667,0.000000
8.462000,0.000000
8.462333,0.000000
8.462667,0.000000
8.463000,0.000000
8.463333,0.000000
8.463667,0.000000
8.464000,0.000000
8.464333,0.000000
8.464667,0.000000
8.465000,0.000000
8.465333,0.000000
8.465667,0.000000
8.466000,0.000000
8.466333,0.000000
8.466667,-0.000000
8.467000,-0.000000
8.467333,-0.000000
8.467667,-0.000000
8.468000,-0.000000
8.468333,-0.000000
8.468667,-0.000000
8.469000,-0.000000
8.469333,-0.000000
8.469667,-0.000000
8.470000,-0.000000
8.470333,-0.000000
8.470667,-0.000000
8.471000,-0.000000
8.471333,-0.000000
8.471667,-0.000000
8.472000,-0.000000
8.472333,-0.000000
8.472667,-0.000000
8.473000,-0.000000
8.473333,-0.000000
8.473667,-0.000000
8.474000,-0.000000
8.474333,-0.000000
8.474667,-0.000000
8.475000,-0.000000
8.475333,-0.000000
8.475667,-0.000000
8.476000,-0.000000
8.476333,-0.000000
8.476667,-0.000000
8.477000,-0.000000
8.477333,-0.000000
8.477667,-0.000000
8.478000,-0.000000
8.478333,-0.000000
8.478667,-0.000000
8.479000,-0.000000
8.479333,-0.000000
8.479667,-0.000000
8.480000,-0.000000
8.480333,-0.000000
8.480667,-0.000000
8.481000,-0.000000
8.481333,-0.000000
8.481667,-0.000000
8.482000,-0.000000
8.482333,-0.000000
8.482667,-0.000000
8.483000,-0.000000
8.483333,0.000000
8.483667,0.000000
8.484000,0.000000
8.484333,0.000000
8.484667,0.000000
8.485000,0.000000
8.485333,0.000000
8.485667,0.000000
8.486000,0.000000
8.486333,0.000000
8.486667,0.000000
8.487000,0.000000
8.487333,0.000000
8.487667,0.000000
8.488000,0.000000
8.488333,0.000000
8.488667,0.000000
8.489000,0.000000
8.489333,0.000000
8.489667,0.000000
8.490000,0.000000
8.490333,0.000000
8.490667,0.000000
8.491000,0.000000
8.491333,0.000000
8.491667,0.000000
8.492000,0.000000
8.492333,0.000000
8.492667,0.000000
8.493000,0.000000
8.493333,0.000000
8.493667,0.000000
8.494000,0.000000
8.494333,0.000000
8.494667,0.000000
8.495000,0.000000
8.495333,0.000000
8.495667,0.000000
8.496000,0.000000
8.496333,0.000000
8.496667,0.000000
8.497000,0.000000
8.497333,0.000000
8.497667,0.000000
8.498000,0.000000
8.498333,0.000000
8.498667,0.000000
8.499000,0.000000
8.499333,0.000000
8.499667,0.000000
8.500000,-0.000000
8.500333,-0.000000
8.500667,-0.000000
8.501000,-0.000000
8.501333,-0.000000
8.501667,-0.000000
8.502000,-0.000000
8.502333,-0.000000
8.502667,-0.000000
8.503000,-0.000000
8.503333,-0.000000
8.503667,-0.000000
8.504000,-0.000000
8.504333,-0.000000
8.504667,-0.000000
8.505000,-0.000000
8.505333,-0.000000
8.505667,-0.000000
8.506000,-0.000000
8.506333,-0.000000
8.506667,-0.000000
8.507000,-0.000000
8.507333,-0.000000
8.507667,-0.000000
8.508000,-0.000000
8.508333,-0.000000
8.508667,-0.000000
8.509000,-0.000000
8.509333,-0.000000
8.509667,-0.000000
8.510000,-0.000000
8.510333,-0.000000
8.510667,-0.000000
8.511000,-0.000000
8.511333,-0.000000
8.511667,-0.000000
8.512000,-0.000000
8.512333,-0.000000
8.512667,-0.000000
8.513000,-0.000000
8.513333,-0.000000
8.513667,-0.000000
8.514000,-0.000000
8.514333,-0.000000
8.514667,-0.000000
8.515000,-0.000000
8.515333,-0.000000
8.515667,-0.000000
8.516000,-0.000000
8.516333,-0.000000
8.516667,0.000000
8.517000,0.000000
8.517333,0.000000
8.517667,0.000000
8.518000,0.000000
8.518333,0.000000
8.518667,0.000000
8.519000,0.000000
8.519333,0.000000
8.519667,0.000000
8.520000,0.000000
8.520333,0.000000
8.520667,0.000000
8.521000,0.000000
8.521333,0.000000
8.521667,0.000000
8.522000,0.000000
8.522333,0.000000
8.522667,0.000000
8.523000,0.000000
8.523333,0.000000
8.523667,0.000000
8.524000,0.000000
8.524333,0.000000
8.524667,0.000000
8.525000,0.000000
8.525333,0.000000
8.525667,0.000000
8.526000,0.000000
8.526333,0.000000
8.526667,0.000000
8.527000,0.000000
8.527333,0.000000
8.527667,0.000000
8.528000,0.000000
8.528333,0.000000
8.528667,0.000000
8.529000,0.000000
8.529333,0.000000
8.529667,0.000000
8.530000,0.000000
8.530333,0.000000
8.530667,0.000000
8.531000,0.000000
8.531333,0.000000
8.531667,0.000000
8.532000,0.000000
8.532333,0.000000
8.532667,0.000000
8.533000,0.000000
8.533333,-0.000000
8.533667,-0.000000
8.534000,-0.000000
8.534333,-0.000000
8.534667,-0.000000
8.535000,-0.000000
8.535333,-0.000000
8.535667,-0.000000
8.536000,-0.000000
8.536333,-0.000000
8.536667,-0.000000
8.537000,-0.000000
8.537333,-0.000000
8.537667,-0.000000
8.538000,-0.000000
8.538333,-0.000000
8.538667,-0.000000
8.539000,-0.000000
8.539333,-0.000000
8.539667,-0.000000
8.540000,-0.000000
8.540333,-0.000000
8.540667,-0.000000
8.541000,-0.000000
8.541333,-0.000000
8.541667,-0.000000
8.542000,-0.000000
8.542333,-0.000000
8.542667,-0.000000
8.543000,-0.000000
8.543333,-0.000000
8.543667,-0.000000
8.544000,-0.000000
8.544333,-0.000000
8.544667,-0.000000
8.545000,-0.000000
8.545333,-0.000000
8.545667,-0.000000
8.546000,-0.000000
8.546333,-0.000000
8.546667,-0.000000
8.547000,-0.000000
8.547333,-0.000000
8.547667,-0.000000
8.548000,-0.000000
8.548333,-0.000000
8.548667,-0.000000
8.549000,-0.000000
8.549333,-0.000000
8.549667,-0.000000
8.550000,0.000000
8.550333,0.000000
8.550667,0.000000
8.551000,0.000000
8.551333,0.000000
8.551667,0.000000
8.552000,0.000000
8.552333,0.000000
8.552667,0.000000
8.553000,0.000000
8.553333,0.000000
8.553667,0.000000
8.554000,0.000000
8.554333,0.000000
8.554667,0.000000
8.555000,0.000000
8.555333,0.000000
8.555667,0.000000
8.556000,0.000000
8.556333,0.000000
8.556667,0.000000
8.557000,0.000000
8.557333,0.000000
8.557667,0.000000
8.558000,0.000000
8.558333,0.000000
8.558667,0.000000
8.559000,0.000000
8.559333,0.000000
8.559667,0.000000
8.560000,0.000000
8.560333,0.000000
8.560667,0.000000
8.561000,0.000000
8.561333,0.000000
8.561667,0.000000
8.562000,0.000000
8.562333,0.000000
8.562667,0.000000
8.563000,0.000000
8.563333,0.000000
8.563667,0.000000
8.564000,0.000000
8.564333,0.000000
8.564667,0.000000
8.565000,0.000000
8.565333,0.000000
8.565667,0.000000
8.566000,0.000000
8.566333,0.000000
8.566667,-0.000000
8.567000,-0.000000
8.567333,-0.000000
8.567667,-0.000000
8.568000,-0.000000
8.568333,-0.000000
8.568667,-0.000000
8.569000,-0.000000
8.569333,-0.000000
8.569667,-0.000000
8.570000,-0.000000
8.570333,-0.000000
8.570667,-0.000000
8.571000,-0.000000
8.571333,-0.000000
8.571667,-0.000000
8.572000,-0.000000
8.572333,-0.000000
8.572667,-0.000000
8.573000,-0.000000
8.573333,-0.000000
8.573667,-0.000000
8.574000,-0.000000
8.574333,-0.000000
8.574667,-0.000000
8.575000,-0.000000
8.575333,-0.000000
8.575667,-0.000000
8.576000,-0.000000
8.576333,-0.000000
8.576667,-0.000000
8.577000,-0.000000
8.577333,-0.000000
8.577667,-0.000000
8.578000,-0.000000
8.578333,-0.000000
8.578667,-0.000000
8.579000,-0.000000
8.579333,-0.000000
8.579667,-0.000000
8.580000,-0.000000
8.580333,-0.000000
8.580667,-0.000000
8.581000,-0.000000
8.581333,-0.000000
8.581667,-0.000000
8.582000,-0.000000
8.582333,-0.000000
8.582667,-0.000000
8.583000,-0.000000
8.583333,0.000000
8.583667,0.000000
8.584000,0.000000
8.584333,0.000000
8.584667,0.000000
8.585000,0.000000
8.585333,0.000000
8.585667,0.000000
8.586000,0.000000
8.586333,0.000000
8.586667,0.000000
8.587000,0.000000
8.587333,0.000000
8.587667,0.000000
8.588000,0.000000
8.588333,0.000000
8.588667,0.000000
8.589000,0.000000
8.589333,0.000000
8.589667,0.000000
8.590000,0.000000
8.590333,0.000000
8.590667,0.000000
8.591000,0.000000
8.591333,0.000000
8.591667,0.000000
8.592000,0.000000
8.592333,0.000000
8.592667,0.000000
8.593000,0.000000
8.593333,0.000000
8.593667,0.000000
8.594000,0.000000
8.594333,0.000000
8.594667,0.000000
8.595000,0.000000
8.595333,0.000000
8.595667,0.000000
8.596000,0.000000
8.596333,0.000000
8.596667,0.000000
8.597000,0.000000
8.597333,0.000000
8.597667,0.000000
8.598000,0.000000
8.598333,0.000000
8.598667,0.000000
8.599000,0.000000
8.599333,0.000000
8.599667,0.000000
8.600000,-0.000000
8.600333,-0.000000
8.600667,-0.000000
8.601000,-0.000000
8.601333,-0.000000
8.601667,-0.000000
8.602000,-0.000000
8.602333,-0.000000
8.602667,-0.000000
8.603000,-0.000000
8.603333,-0.000000
8.603667,-0.000000
8.604000,-0.000000
8.604333,-0.000000
8.604667,-0.000000
8.605000,-0.000000
8.605333,-0.000000
8.605667,-0.000000
8.606000,-0.000000
8.606333,-0.000000
8.606667,-0.000000
8.607000,-0.000000
8.607333,-0.000000
8.607667,-0.000000
8.608000,-0.000000
8.608333,-0.000000
8.608667,-0.000000
8.609000,-0.000000
8.609333,-0.000000
8.609667,-0.000000
8.610000,-0.000000
8.610333,-0.000000
8.610667,-0.000000
8.611000,-0.000000
8.611333,-0.000000
8.611667,-0.000000
8.612000,-0.000000
8.612333,-0.000000
8.612667,-0.000000
8.613000,-0.000000
8.613333,-0.000000
8.613667,-0.000000
8.614000,-0.000000
8.614333,-0.000000
8.614667,-0.000000
8.615000,-0.000000
8.615333,-0.000000
8.615667,-0.000000
8.616000,-0.000000
8.616333,-0.000000
8.616667,0.000000
8.617000,0.000000
8.617333,0.000000
8.617667,0.000000
8.618000,0.000000
8.618333,0.000000
8.618667,0.000000
8.619000,0.000000
8.619333,0.000000
8.619667,0.000000
8.620000,0.000000
8.620333,0.000000
8.620667,0.000000
8.621000,0.000000
8.621333,0.000000
8.621667,0.000000
8.622000,0.000000
8.622333,0.000000
8.622667,0.000000
8.623000,0.000000
8.623333,0.000000
8.623667,0.000000
8.624000,0.000000
8.624333,0.000000
8.624667,0.000000
8.625000,0.000000
8.625333,0.000000
8.625667,0.000000
8.626000,0.000000
8.626333,0.000000
8.626667,0.000000
8.627000,0.000000
8.627333,0.000000
8.627667,0.000000
8.628000,0.000000
8.628333,0.000000
8.628667,0.000000
8.629000,0.000000
8.629333,0.000000
8.629667,0.000000
8.630000,0.000000
8.630333,0.000000
8.630667,0.000000
8.631000,0.000000
8.631333,0.000000
8.631667,0.000000
8.632000,0.000000
8.632333,0.000000
8.632667,0.000000
8.633000,0.000000
8.633333,-0.000000
8.633667,-0.000000
8.634000,-0.000000
8.634333,-0.000000
8.634667,-0.000000
8.635000,-0.000000
8.635333,-0.000000
8.635667,-0.000000
8.636000,-0.000000
8.636333,-0.000000
8.636667,-0.000000
8.637000,-0.000000
8.637333,-0.000000
8.637667,-0.000000
8.638000,-0.000000
8.638333,-0.000000
8.638667,-0.000000
8.639000,-0.000000
8.639333,-0.000000
8.639667,-0.000000
8.640000,-0.000000
8.640333,-0.000000
8.640667,-0.000000
8.641000,-0.000000
8.641333,-0.000000
8.641667,-0.000000
8.642000,-0.000000
8.642333,-0.000000
8.642667,-0.000000
8.643000,-0.000000
8.643333,-0.000000
8.643667,-0.000000
8.644000,-0.000000
8.644333,-0.000000
8.644667,-0.000000
8.645000,-0.000000
8.645333,-0.000000
8.645667,-0.000000
8.646000,-0.000000
8.646333,-0.000000
8.646667,-0.000000
8.647000,-0.000000
8.647333,-0.000000
8.647667,-0.000000
8.648000,-0.000000
8.648333,-0.000000
8.648667,-0.000000
8.649000,-0.000000
8.649333,-0.000000
8.649667,-0.000000
8.650000,0.000000
8.650333,0.000000
8.650667,0.000000
8.651000,0.000000
8.651333,0.000000
8.651667,0.000000
8.652000,0.000000
8.652333,0.000000
8.652667,0.000000
8.653000,0.000000
8.653333,0.000000
8.653667,0.000000
8.654000,0.000000
8.654333,0.000000
8.654667,0.000000
8.655000,0.000000
8.655333,0.000000
8.655667,0.000000
8.656000,0.000000
8.656333,0.000000
8.656667,0.000000
8.657000,0.000000
8.657333,0.000000
8.657667,0.000000
8.658000,0.000000
8.658333,0.000000
8.658667,0.000000
8.659000,0.000000
8.659333,0.000000
8.659667,0.000000
8.660000,0.000000
8.660333,0.000000
8.660667,0.000000
8.661000,0.000000
8.661333,0.000000
8.661667,0.000000
8.662000,0.000000
8.662333,0.000000
8.662667,0.000000
8.663000,0.000000
8.663333,0.000000
8.663667,0.000000
8.664000,0.000000
8.664333,0.000000
8.664667,0.000000
8.665000,0.000000
8.665333,0.000000
8.665667,0.000000
8.666000,0.000000
8.666333,0.000000
8.666667,-0.000000
8.667000,-0.000000
8.667333,-0.000000
8.667667,-0.000000
8.668000,-0.000000
8.668333,-0.000000
8.668667,-0.000000
8.669000,-0.000000
8.669333,-0.000000
8.669667,-0.000000
8.670000,-0.000000
8.670333,-0.000000
8.670667,-0.000000
8.671000,-0.000000
8.671333,-0.000000
8.671667,-0.000000
8.672000,-0.000000
8.672333,-0.000000
8.672667,-0.000000
8.673000,-0.000000
8.673333,-0.000000
8.673667,-0.000000
8.674000,-0.000000
8.674333,-0.000000
8.674667,-0.000000
8.675000,-0.000000
8.675333,-0.000000
8.675667,-0.000000
8.676000,-0.000000
8.676333,-0.000000
8.676667,-0.000000
8.677000,-0.000000
8.677333,-0.000000
8.677667,-0.000000
8.678000,-0.000000
8.678333,-0.000000
8.678667,-0.000000
8.679000,-0.000000
8.679333,-0.000000
8.679667,-0.000000
8.680000,-0.000000
8.680333,-0.000000
8.680667,-0.000000
8.681000,-0.000000
8.681333,-0.000000
8.681667,-0.000000
8.682000,-0.000000
8.682333,-0.000000
8.682667,-0.000000
8.683000,-0.000000
8.683333,0.000000
8.683667,0.000000
8.684000,0.000000
8.684333,0.000000
8.684667,0.000000
8.685000,0.000000
8.685333,0.000000
8.685667,0.000000
8.686000,0.000000
8.686333,0.000000
8.686667,0.000000
8.687000,0.000000
8.687333,0.000000
8.687667,0.000000
8.688000,0.000000
8.688333,0.000000
8.688667,0.000000
8.689000,0.000000
8.689333,0.000000
8.689667,0.000000
8.690000,0.000000
8.690333,0.000000
8.690667,0.000000
8.691000,0.000000
8.691333,0.000000
8.691667,0.000000
8.692000,0.000000
8.692333,0.000000
8.692667,0.000000
8.693000,0.000000
8.693333,0.000000
8.693667,0.000000
8.694000,0.000000
8.694333,0.000000
8.694667,0.000000
8.695000,0.000000
8.695333,0.000000
8.695667,0.000000
8.696000,0.000000
8.696333,0.000000
8.696667,0.000000
8.697000,0.000000
8.697333,0.000000
8.697667,0.000000
8.698000,0.000000
8.698333,0.000000
8.698667,0.000000
8.699000,0.000000
8.699333,0.000000
8.699667,0.000000
8.700000,-0.000000
8.700333,-0.000000
8.700667,-0.000000
8.701000,-0.000000
8.701333,-0.000000
8.701667,-0.000000
8.702000,-0.000000
8.702333,-0.000000
8.702667,-0.000000
8.703000,-0.000000
8.703333,-0.000000
8.703667,-0.000000
8.704000,-0.000000
8.704333,-0.000000
8.704667,-0.000000
8.705000,-0.000000
8.705333,-0.000000
8.705667,-0.000000
8.706000,-0.000000
8.706333,-0.000000
8.706667,-0.000000
8.707000,-0.000000
8.707333,-0.000000
8.707667,-0.000000
8.708000,-0.000000
8.708333,-0.000000
8.708667,-0.000000
8.709000,-0.000000
8.709333,-0.000000
8.709667,-0.000000
8.710000,-0.000000
8.710333,-0.000000
8.710667,-0.000000
8.711000,-0.000000
8.711333,-0.000000
8.711667,-0.000000
8.712000,-0.000000
8.712333,-0.000000
8.712667,-0.000000
8.713000,-0.000000
8.713333,-0.000000
8.713667,0.003105
8.714000,0.006129
8.714333,0.009062
8.714667,0.011894
8.715000,0.014616
8.715333,0.017219
8.715667,0.019696
8.716000,0.022039
8.716333,0.024242
8.716667,0.026299
8.717000,0.028204
8.717333,0.029955
8.717667,0.031546
8.718000,0.032976
8.718333,0.034241
8.718667,0.035341
8.719000,0.036274
8.719333,0.037040
8.719667,0.037641
8.720000,0.038077
8.720333,0.038351
8.720667,0.038463
8.721000,0.038419
8.721333,0.038221
8.721667,0.037873
8.722000,0.037381
8.722333,0.036749
8.722667,0.035983
8.723000,0.035089
8.723333,0.034073
8.723667,0.032943
8.724000,0.031704
8.724333,0.030366
8.724667,0.028934
8.725000,0.027418
8.725333,0.025825
8.725667,0.024162
8.726000,0.022439
8.726333,0.020664
8.726667,0.018844
8.727000,0.016988
8.727333,0.015105
8.727667,0.013203
8.728000,0.011289
8.728333,0.009371
8.728667,0.007459
8.729000,0.005558
8.729333,0.003676
8.729667,0.001821
8.730000,0.000000
8.730333,-0.001781
8.730667,-0.003516
8.731000,-0.005199
8.731333,-0.006824
8.731667,-0.008386
8.732000,-0.009880
8.732333,-0.011301
8.732667,-0.012645
8.733000,-0.013909
8.733333,-0.015089
8.733667,-0.016182
8.734000,-0.017187
8.734333,-0.018100
8.734667,-0.018920
8.735000,-0.019646
8.735333,-0.020277
8.735667,-0.020812
8.736000,-0.021252
8.736333,-0.021597
8.736667,-0.021847
8.737000,-0.022004
8.737333,-0.022069
8.737667,-0.022043
8.738000,-0.021929
8.738333,-0.021730
8.738667,-0.021447
8.739000,-0.021085
8.739333,-0.020645
8.739667,-0.020132
8.740000,-0.019550
8.740333,-0.018901
8.740667,-0.018191
8.741000,-0.017422
8.741333,-0.016601
8.741667,-0.015731
8.742000,-0.014817
8.742333,-0.013863
8.742667,-0.012874
8.743000,-0.011856
8.743333,-0.010812
8.743667,-0.009747
8.744000,-0.008667
8.744333,-0.007575
8.744667,-0.006477
8.745000,-0.005377
8.745333,-0.004279
8.745667,-0.003189
8.746000,-0.002109
8.746333,-0.001045
8.746667,-0.000000
8.747000,0.001022
8.747333,0.002018
8.747667,0.002983
8.748000,0.003915
8.748333,0.004811
8.748667,0.005668
8.749000,0.006484
8.749333,0.007255
8.749667,0.007980
8.750000,0.008657
8.750333,0.009285
8.750667,0.009861
8.751000,0.010385
8.751333,0.010855
8.751667,0.011272
8.752000,0.011634
8.752333,0.011941
8.752667,0.012193
8.753000,0.012391
8.753333,0.012535
8.753667,0.012625
8.754000,0.012662
8.754333,0.012647
8.754667,0.012582
8.755000,0.012468
8.755333,0.012306
8.755667,0.012097
8.756000,0.011845
8.756333,0.011551
8.756667,0.011217
8.757000,0.010844
8.757333,0.010437
8.757667,0.009996
8.758000,0.009525
8.758333,0.009026
8.758667,0.008501
8.759000,0.007954
8.759333,0.007387
8.759667,0.006802
8.760000,0.006203
8.760333,0.005592
8.760667,0.004973
8.761000,0.004346
8.761333,0.003716
8.761667,0.003085
8.762000,0.002455
8.762333,0.001830
8.762667,0.001210
8.763000,0.000600
8.763333,0.000000
8.763667,-0.000586
8.764000,-0.001158
8.764333,-0.001712
8.764667,-0.002246
8.765000,-0.002761
8.765333,-0.003252
8.765667,-0.003720
8.766000,-0.004163
8.766333,-0.004579
8.766667,-0.004967
8.767000,-0.005327
8.767333,-0.005658
8.767667,-0.005958
8.768000,-0.006228
8.768333,-0.006467
8.768667,-0.006675
8.769000,-0.006851
8.769333,-0.006996
8.769667,-0.007110
8.770000,-0.007192
8.770333,-0.007243
8.770667,-0.007265
8.771000,-0.007256
8.771333,-0.007219
8.771667,-0.007153
8.772000,-0.007060
8.772333,-0.006941
8.772667,-0.006796
8.773000,-0.006627
8.773333,-0.006436
8.773667,-0.006222
8.774000,-0.005988
8.774333,-0.005735
8.774667,-0.005465
8.775000,-0.005179
8.775333,-0.004878
8.775667,-0.004564
8.776000,-0.004238
8.776333,-0.003903
8.776667,-0.003559
8.777000,-0.003209
8.777333,-0.002853
8.777667,-0.002494
8.778000,-0.002132
8.778333,-0.001770
8.778667,-0.001409
8.779000,-0.001050
8.779333,-0.000694
8.779667,-0.000344
8.780000,-0.000000
8.780333,0.000336
8.780667,0.000664
8.781000,0.000982
8.781333,0.001289
8.781667,0.001584
8.782000,0.001866
8.782333,0.002134
8.782667,0.002388
8.783000,0.002627
8.783333,0.002850
8.783667,0.003056
8.784000,0.003246
8.784333,0.003419
8.784667,0.003574
8.785000,0.003711
8.785333,0.003830
8.785667,0.003931
8.786000,0.004014
8.786333,0.004079
8.786667,0.004126
8.787000,0.004156
8.787333,0.004168
8.787667,0.004163
8.788000,0.004142
8.788333,0.004104
8.788667,0.004051
8.789000,0.003982
8.789333,0.003899
8.789667,0.003802
8.790000,0.003692
8.790333,0.003570
8.790667,0.003436
8.791000,0.003291
8.791333,0.003136
8.791667,0.002971
8.792000,0.002799
8.792333,0.002618
8.792667,0.002432
8.793000,0.002239
8.793333,0.002042
8.793667,0.001841
8.794000,0.001637
8.794333,0.001431
8.794667,0.001223
8.795000,0.001016
8.795333,0.000808
8.795667,0.000602
8.796000,0.000398
8.796333,0.000197
8.796667,0.000000
8.797000,-0.000193
8.797333,-0.000381
8.797667,-0.000563
8.798000,-0.000740
8.798333,-0.000909
8.798667,-0.001071
8.799000,-0.001225
8.799333,-0.001370
8.799667,-0.001507
8.800000,-0.001635
8.800333,-0.001754
8.800667,-0.001862
8.801000,-0.001961
8.801333,-0.002050
8.801667,-0.002129
8.802000,-0.002197
8.802333,-0.002255
8.802667,-0.002303
8.803000,-0.002340
8.803333,-0.002368
8.803667,-0.002385
8.804000,-0.002392
8.804333,-0.002389
8.804667,-0.002376
8.805000,-0.002355
8.805333,-0.002324
8.805667,-0.002285
8.806000,-0.002237
8.806333,-0.002182
8.806667,-0.002119
8.807000,-0.002048
8.807333,-0.001971
8.807667,-0.001888
8.808000,-0.001799
8.808333,-0.001705
8.808667,-0.001606
8.809000,-0.001502
8.809333,-0.001395
8.809667,-0.001285
8.810000,-0.001172
8.810333,-0.001056
8.810667,-0.000939
8.811000,-0.000821
8.811333,-0.000702
8.811667,-0.000583
8.812000,-0.000464
8.812333,-0.000346
8.812667,-0.000229
8.813000,-0.000113
8.813333,-0.000000
8.813667,0.000111
8.814000,0.000219
8.814333,0.000323
8.814667,0.000424
8.815000,0.000521
8.815333,0.000614
8.815667,0.000703
8.816000,0.000786
8.816333,0.000865
8.816667,0.000938
8.817000,0.001006
8.817333,0.001069
8.817667,0.001125
8.818000,0.001176
8.818333,0.001222
8.818667,0.001261
8.819000,0.001294
8.819333,0.001321
8.819667,0.001343
8.820000,0.001358
8.820333,0.001368
8.820667,0.001372
8.821000,0.001371
8.821333,0.001363
8.821667,0.001351
8.822000,0.001334
8.822333,0.001311
8.822667,0.001284
8.823000,0.001252
8.823333,0.001216
8.823667,0.001175
8.824000,0.001131
8.824333,0.001083
8.824667,0.001032
8.825000,0.000978
8.825333,0.000921
8.825667,0.000862
8.826000,0.000800
8.826333,0.000737
8.826667,0.000672
8.827000,0.000606
8.827333,0.000539
8.827667,0.000471
8.828000,0.000403
8.828333,0.000334
8.828667,0.000266
8.829000,0.000198
8.829333,0.000131
8.829667,0.000065
8.830000,0.000000
8.830333,-0.000064
8.830667,-0.000125
8.831000,-0.000185
8.831333,-0.000243
8.831667,-0.000299
8.832000,-0.000352
8.832333,-0.000403
8.832667,-0.000451
8.833000,-0.000496
8.833333,-0.000538
8.833667,-0.000577
8.834000,-0.000613
8.834333,-0.000646
8.834667,-0.000675
8.835000,-0.000701
8.835333,-0.000723
8.835667,-0.000742
8.836000,-0.000758
8.836333,-0.000770
8.836667,-0.000779
8.837000,-0.000785
8.837333,-0.000787
8.837667,-0.000786
8.838000,-0.000782
8.838333,-0.000775
8.838667,-0.000765
8.839000,-0.000752
8.839333,-0.000736
8.839667,-0.000718
8.840000,-0.000697
8.840333,-0.000674
8.840667,-0.000649
8.841000,-0.000622
8.841333,-0.000592
8.841667,-0.000561
8.842000,-0.000529
8.842333,-0.000495
8.842667,-0.000459
8.843000,-0.000423
8.843333,-0.000386
8.843667,-0.000348
8.844000,-0.000309
8.844333,-0.000270
8.844667,-0.000231
8.845000,-0.000192
8.845333,-0.000153
8.845667,-0.000114
8.846000,-0.000075
8.846333,-0.000037
8.846667,-0.000000
8.847000,0.000036
8.847333,0.000072
8.847667,0.000106
8.848000,0.000140
8.848333,0.000172
8.848667,0.000202
8.849000,0.000231
8.849333,0.000259
8.849667,0.000285
8.850000,0.000309
8.850333,0.000331
8.850667,0.000352
8.851000,0.000370
8.851333,0.000387
8.851667,0.000402
8.852000,0.000415
8.852333,0.000426
8.852667,0.000435
8.853000,0.000442
8.853333,0.000447
8.853667,0.000450
8.854000,0.000452
8.854333,0.000451
8.854667,0.000449
8.855000,0.000445
8.855333,0.000439
8.855667,0.000432
8.856000,0.000423
8.856333,0.000412
8.856667,0.000400
8.857000,0.000387
8.857333,0.000372
8.857667,0.000357
8.858000,0.000340
8.858333,0.000322
8.858667,0.000303
8.859000,0.000284
8.859333,0.000264
8.859667,0.000243
8.860000,0.000221
8.860333,0.000200
8.860667,0.000177
8.861000,0.000155
8.861333,0.000133
8.861667,0.000110
8.862000,0.000088
8.862333,0.000065
8.862667,0.000043
8.863000,0.000021
8.863333,0.000000
8.863667,-0.000021
8.864000,-0.000041
8.864333,-0.000061
8.864667,-0.000080
8.865000,-0.000098
8.865333,-0.000116
8.865667,-0.000133
8.866000,-0.000148
8.866333,-0.000163
8.866667,-0.000177
8.867000,-0.000190
8.867333,-0.000202
8.867667,-0.000213
8.868000,-0.000222
8.868333,-0.000231
8.868667,-0.000238
8.869000,-0.000244
8.869333,-0.000250
8.869667,-0.000254
8.870000,-0.000257
8.870333,-0.000258
8.870667,-0.000259
8.871000,-0.000259
8.871333,-0.000258
8.871667,-0.000255
8.872000,-0.000252
8.872333,-0.000248
8.872667,-0.000242
8.873000,-0.000236
8.873333,-0.000230
8.873667,-0.000222
8.874000,-0.000214
8.874333,-0.000205
8.874667,-0.000195
8.875000,-0.000185
8.875333,-0.000174
8.875667,-0.000163
8.876000,-0.000151
8.876333,-0.000139
8.876667,-0.000127
8.877000,-0.000114
8.877333,-0.000102
8.877667,-0.000089
8.878000,-0.000076
8.878333,-0.000063
8.878667,-0.000050
8.879000,-0.000037
8.879333,-0.000025
8.879667,-0.000012
8.880000,-0.000000
8.880333,0.000012
8.880667,0.000024
8.881000,0.000035
8.881333,0.000046
8.881667,0.000057
8.882000,0.000067
8.882333,0.000076
8.882667,0.000085
8.883000,0.000094
8.883333,0.000102
8.883667,0.000109
8.884000,0.000116
8.884333,0.000122
8.884667,0.000127
8.885000,0.000132
8.885333,0.000137
8.885667,0.000140
8.886000,0.000143
8.886333,0.000146
8.886667,0.000147
8.887000,0.000148
8.887333,0.000149
8.887667,0.000149
8.888000,0.000148
8.888333,0.000146
8.888667,0.000145
8.889000,0.000142
8.889333,0.000139
8.889667,0.000136
8.890000,0.000132
8.890333,0.000127
8.890667,0.000123
8.891000,0.000117
8.891333,0.000112
8.891667,0.000106
8.892000,0.000100
8.892333,0.000093
8.892667,0.000087
8.893000,0.000080
8.893333,0.000073
8.893667,0.000066
8.894000,0.000058
8.894333,0.000051
8.894667,0.000044
8.895000,0.000036
8.895333,0.000029
8.895667,0.000021
8.896000,0.000014
8.896333,0.000007
8.896667,0.000000
8.897000,-0.000007
8.897333,-0.000014
8.897667,-0.000020
8.898000,-0.000026
8.898333,-0.000032
8.898667,-0.000038
8.899000,-0.000044
8.899333,-0.000049
8.899667,-0.000054
8.900000,-0.000058
8.900333,-0.000063
8.900667,-0.000066
8.901000,-0.000070
8.901333,-0.000073
8.901667,-0.000076
8.902000,-0.000078
8.902333,-0.000080
8.902667,-0.000082
8.903000,-0.000083
8.903333,-0.000084
8.903667,-0.000085
8.904000,-0.000085
8.904333,-0.000085
8.904667,-0.000085
8.905000,-0.000084
8.905333,-0.000083
8.905667,-0.000082
8.906000,-0.000080
8.906333,-0.000078
8.906667,-0.000076
8.907000,-0.000073
8.907333,-0.000070
8.907667,-0.000067
8.908000,-0.000064
8.908333,-0.000061
8.908667,-0.000057
8.909000,-0.000054
8.909333,-0.000050
8.909667,-0.000046
8.910000,-0.000042
8.910333,-0.000038
8.910667,-0.000034
8.911000,-0.000029
8.911333,-0.000025
8.911667,-0.000021
8.912000,-0.000017
8.912333,-0.000012
8.912667,-0.000008
8.913000,-0.000004
8.913333,-0.000000
8.913667,0.000004
8.914000,0.000008
8.914333,0.000012
8.914667,0.000015
8.915000,0.000019
8.915333,0.000022
8.915667,0.000025
8.916000,0.000028
8.916333,0.000031
8.916667,0.000033
8.917000,0.000036
8.917333,0.000038
8.917667,0.000040
8.918000,0.000042
8.918333,0.000044
8.918667,0.000045
8.919000,0.000046
8.919333,0.000047
8.919667,0.000048
8.920000,0.000048
8.920333,0.000049
8.920667,0.000049
8.921000,0.000049
8.921333,0.000049
8.921667,0.000048
8.922000,0.000048
8.922333,0.000047
8.922667,0.000046
8.923000,0.000045
8.923333,0.000043
8.923667,0.000042
8.924000,0.000040
8.924333,0.000039
8.924667,0.000037
8.925000,0.000035
8.925333,0.000033
8.925667,0.000031
8.926000,0.000029
8.926333,0.000026
8.926667,0.000024
8.927000,0.000022
8.927333,0.000019
8.927667,0.000017
8.928000,0.000014
8.928333,0.000012
8.928667,0.000009
8.929000,0.000007
8.929333,0.000005
8.929667,0.000002
8.930000,0.000000
8.930333,-0.000002
8.930667,-0.000004
8.931000,-0.000007
8.931333,-0.000009
8.931667,-0.000011
8.932000,-0.000013
8.932333,-0.000014
8.932667,-0.000016
8.933000,-0.000018
8.933333,-0.000019
8.933667,-0.000021
8.934000,-0.000022
8.934333,-0.000023
8.934667,-0.000024
8.935000,-0.000025
8.935333,-0.000026
8.935667,-0.000026
8.936000,-0.000027
8.936333,-0.000027
8.936667,-0.000028
8.937000,-0.000028
8.937333,-0.000028
8.937667,-0.000028
8.938000,-0.000028
8.938333,-0.000028
8.938667,-0.000027
8.939000,-0.000027
8.939333,-0.000026
8.939667,-0.000026
8.940000,-0.000025
8.940333,-0.000024
8.940667,-0.000023
8.941000,-0.000022
8.941333,-0.000021
8.941667,-0.000020
8.942000,-0.000019
8.942333,-0.000018
8.942667,-0.000016
8.943000,-0.000015
8.943333,-0.000014
8.943667,-0.000012
8.944000,-0.000011
8.944333,-0.000010
8.944667,-0.000008
8.945000,-0.000007
8.945333,-0.000005
8.945667,-0.000004
8.946000,-0.000003
8.946333,-0.000001
8.946667,-0.000000
8.947000,0.000001
8.947333,0.000003
8.947667,0.000004
8.948000,0.000005
8.948333,0.000006
8.948667,0.000007
8.949000,0.000008
8.949333,0.000009
8.949667,0.000010
8.950000,0.000011
8.950333,0.000012
8.950667,0.000013
8.951000,0.000013
8.951333,0.000014
8.951667,0.000014
8.952000,0.000015
8.952333,0.000015
8.952667,0.000016
8.953000,0.000016
8.953333,0.000016
8.953667,0.000016
8.954000,0.000016
8.954333,0.000016
8.954667,0.000016
8.955000,0.000016
8.955333,0.000016
8.955667,0.000015
8.956000,0.000015
8.956333,0.000015
8.956667,0.000014
8.957000,0.000014
8.957333,0.000013
8.957667,0.000013
8.958000,0.000012
8.958333,0.000011
8.958667,0.000011
8.959000,0.000010
8.959333,0.000009
8.959667,0.000009
8.960000,0.000008
8.960333,0.000007
8.960667,0.000006
8.961000,0.000006
8.961333,0.000005
8.961667,0.000004
8.962000,0.000003
8.962333,0.000002
8.962667,0.000002
8.963000,0.000001
8.963333,0.000000
8.963667,-0.000001
8.964000,-0.000001
8.964333,-0.000002
8.964667,-0.000003
8.965000,-0.000004
8.965333,-0.000004
8.965667,-0.000005
8.966000,-0.000005
8.966333,-0.000006
8.966667,-0.000006
8.967000,-0.000007
8.967333,-0.000007
8.967667,-0.000008
8.968000,-0.000008
8.968333,-0.000008
8.968667,-0.000008
8.969000,-0.000009
8.969333,-0.000009
8.969667,-0.000009
8.970000,-0.000009
8.970333,-0.000009
8.970667,-0.000009
8.971000,-0.000009
8.971333,-0.000009
8.971667,-0.000009
8.972000,-0.000009
8.972333,-0.000009
8.972667,-0.000009
8.973000,-0.000008
8.973333,-0.000008
8.973667,-0.000008
8.974000,-0.000008
8.974333,-0.000007
8.974667,-0.000007
8.975000,-0.000007
8.975333,-0.000006
8.975667,-0.000006
8.976000,-0.000005
8.976333,-0.000005
8.976667,-0.000005
8.977000,-0.000004
8.977333,-0.000004
8.977667,-0.000003
8.978000,-0.000003
8.978333,-0.000002
8.978667,-0.000002
8.979000,-0.000001
8.979333,-0.000001
8.979667,-0.000000
8.980000,-0.000000
8.980333,0.000000
8.980667,0.000001
8.981000,0.000001
8.981333,0.000002
8.981667,0.000002
8.982000,0.000002
8.982333,0.000003
8.982667,0.000003
8.983000,0.000003
8.983333,0.000004
8.983667,0.001246
8.984000,0.002456
8.984333,0.003629
8.984667,0.004762
8.985000,0.005851
8.985333,0.006893
8.985667,0.007883
8.986000,0.008821
8.986333,0.009702
8.986667,0.010525
8.987000,0.011287
8.987333,0.011987
8.987667,0.012624
8.988000,0.013196
8.988333,0.013702
8.988667,0.014141
8.989000,0.014515
8.989333,0.014821
8.989667,0.015061
8.990000,0.015236
8.990333,0.015345
8.990667,0.015390
8.991000,0.015372
8.991333,0.015292
8.991667,0.015153
8.992000,0.014956
8.992333,0.014703
8.992667,0.014396
8.993000,0.014038
8.993333,0.013632
8.993667,0.013179
8.994000,0.012684
8.994333,0.012148
8.994667,0.011575
8.995000,0.010968
8.995333,0.010331
8.995667,0.009666
8.996000,0.008976
8.996333,0.008266
8.996667,0.007538
8.997000,0.006795
8.997333,0.006042
8.997667,0.005280
8.998000,0.004515
8.998333,0.003747
8.998667,0.002982
8.999000,0.002222
8.999333,0.001469
8.999667,0.000727
9.000000,-0.000002
9.000333,-0.000715
9.000667,-0.001409
9.001000,-0.002082
9.001333,-0.002732
9.001667,-0.003357
9.002000,-0.003955
9.002333,-0.004523
9.002667,-0.005061
9.003000,-0.005567
9.003333,-0.006039
9.003667,-0.006476
9.004000,-0.006878
9.004333,-0.007243
9.004667,-0.007571
9.005000,-0.007861
9.005333,-0.008114
9.005667,-0.008328
9.006000,-0.008504
9.006333,-0.008641
9.006667,-0.008741
9.007000,-0.008804
9.007333,-0.008830
9.007667,-0.008820
9.008000,-0.008774
9.008333,-0.008694
9.008667,-0.008581
9.009000,-0.008436
9.009333,-0.008260
9.009667,-0.008055
9.010000,-0.007821
9.010333,-0.007562
9.010667,-0.007277
9.011000,-0.006970
9.011333,-0.006641
9.011667,-0.006293
9.012000,-0.005927
9.012333,-0.005546
9.012667,-0.005150
9.013000,-0.004742
9.013333,-0.004325
9.013667,-0.003899
9.014000,-0.003466
9.014333,-0.003030
9.014667,-0.002590
9.015000,-0.002150
9.015333,-0.001711
9.015667,-0.001275
9.016000,-0.000843
9.016333,-0.000417
9.016667,0.000001
9.017000,0.000410
9.017333,0.000808
9.017667,0.001195
9.018000,0.001568
9.018333,0.001926
9.018667,0.002269
9.019000,0.002595
9.019333,0.002904
9.019667,0.003194
9.020000,0.003465
9.020333,0.003716
9.020667,0.003946
9.021000,0.004156
9.021333,0.004344
9.021667,0.004510
9.022000,0.004655
9.022333,0.004778
9.022667,0.004879
9.023000,0.004958
9.023333,0.005015
9.023667,0.005051
9.024000,0.005066
9.024333,0.005060
9.024667,0.005034
9.025000,0.004988
9.025333,0.004923
9.025667,0.004840
9.026000,0.004739
9.026333,0.004621
9.026667,0.004488
9.027000,0.004339
9.027333,0.004175
9.027667,0.003999
9.028000,0.003811
9.028333,0.003611
9.028667,0.003401
9.029000,0.003182
9.029333,0.002955
9.029667,0.002721
9.030000,0.002481
9.030333,0.002237
9.030667,0.001989
9.031000,0.001738
9.031333,0.001486
9.031667,0.001234
9.032000,0.000982
9.032333,0.000731
9.032667,0.000484
9.033000,0.000239
9.033333,-0.000001
9.033667,-0.000235
9.034000,-0.000464
9.034333,-0.000685
9.034667,-0.000899
9.035000,-0.001105
9.035333,-0.001302
9.035667,-0.001489
9.036000,-0.001666
9.036333,-0.001832
9.036667,-0.001988
9.037000,-0.002132
9.037333,-0.002264
9.037667,-0.002384
9.038000,-0.002492
9.038333,-0.002588
9.038667,-0.002671
9.039000,-0.002741
9.039333,-0.002799
9.039667,-0.002845
9.040000,-0.002878
9.040333,-0.002898
9.040667,-0.002907
9.041000,-0.002903
9.041333,-0.002888
9.041667,-0.002862
9.042000,-0.002825
9.042333,-0.002777
9.042667,-0.002719
9.043000,-0.002651
9.043333,-0.002575
9.043667,-0.002489
9.044000,-0.002396
9.044333,-0.002294
9.044667,-0.002186
9.045000,-0.002072
9.045333,-0.001951
9.045667,-0.001826
9.046000,-0.001695
9.046333,-0.001561
9.046667,-0.001424
9.047000,-0.001283
9.047333,-0.001141
9.047667,-0.000997
9.048000,-0.000853
9.048333,-0.000708
9.048667,-0.000563
9.049000,-0.000420
9.049333,-0.000277
9.049667,-0.000137
9.050000,0.000000
9.050333,0.000135
9.050667,0.000266
9.051000,0.000393
9.051333,0.000516
9.051667,0.000634
9.052000,0.000747
9.052333,0.000854
9.052667,0.000956
9.053000,0.001051
9.053333,0.001141
9.053667,0.001223
9.054000,0.001299
9.054333,0.001368
9.054667,0.001430
9.055000,0.001485
9.055333,0.001532
9.055667,0.001573
9.056000,0.001606
9.056333,0.001632
9.056667,0.001651
9.057000,0.001663
9.057333,0.001668
9.057667,0.001666
9.058000,0.001657
9.058333,0.001642
9.058667,0.001621
9.059000,0.001593
9.059333,0.001560
9.059667,0.001521
9.060000,0.001477
9.060333,0.001428
9.060667,0.001375
9.061000,0.001316
9.061333,0.001254
9.061667,0.001189
9.062000,0.001120
9.062333,0.001047
9.062667,0.000973
9.063000,0.000896
9.063333,0.000817
9.063667,0.000736
9.064000,0.000655
9.064333,0.000572
9.064667,0.000489
9.065000,0.000406
9.065333,0.000323
9.065667,0.000241
9.066000,0.000159
9.066333,0.000079
9.066667,-0.000000
9.067000,-0.000077
9.067333,-0.000153
9.067667,-0.000226
9.068000,-0.000296
9.068333,-0.000364
9.068667,-0.000429
9.069000,-0.000490
9.069333,-0.000548
9.069667,-0.000603
9.070000,-0.000654
9.070333,-0.000702
9.070667,-0.000745
9.071000,-0.000785
9.071333,-0.000820
9.071667,-0.000852
9.072000,-0.000879
9.072333,-0.000902
9.072667,-0.000922
9.073000,-0.000936
9.073333,-0.000947
9.073667,-0.000954
9.074000,-0.000957
9.074333,-0.000956
9.074667,-0.000951
9.075000,-0.000942
9.075333,-0.000930
9.075667,-0.000914
9.076000,-0.000895
9.076333,-0.000873
9.076667,-0.000848
9.077000,-0.000819
9.077333,-0.000789
9.077667,-0.000755
9.078000,-0.000720
9.078333,-0.000682
9.078667,-0.000642
9.079000,-0.000601
9.079333,-0.000558
9.079667,-0.000514
9.080000,-0.000469
9.080333,-0.000422
9.080667,-0.000376
9.081000,-0.000328
9.081333,-0.000281
9.081667,-0.000233
9.082000,-0.000185
9.082333,-0.000138
9.082667,-0.000091
9.083000,-0.000045
9.083333,0.000000
9.083667,0.000044
9.084000,0.000088
9.084333,0.000129
9.084667,0.000170
9.085000,0.000209
9.085333,0.000246
9.085667,0.000281
9.086000,0.000315
9.086333,0.000346
9.086667,0.000375
9.087000,0.000403
9.087333,0.000428
9.087667,0.000450
9.088000,0.000471
9.088333,0.000489
9.088667,0.000504
9.089000,0.000518
9.089333,0.000529
9.089667,0.000537
9.090000,0.000544
9.090333,0.000547
9.090667,0.000549
9.091000,0.000548
9.091333,0.000546
9.091667,0.000541
9.092000,0.000534
9.092333,0.000525
9.092667,0.000514
9.093000,0.000501
9.093333,0.000486
9.093667,0.000470
9.094000,0.000452
9.094333,0.000433
9.094667,0.000413
9.095000,0.000391
9.095333,0.000369
9.095667,0.000345
9.096000,0.000320
9.096333,0.000295
9.096667,0.000269
9.097000,0.000242
9.097333,0.000216
9.097667,0.000188
9.098000,0.000161
9.098333,0.000134
9.098667,0.000106
9.099000,0.000079
9.099333,0.000052
9.099667,0.000026
9.100000,-0.000000
9.100333,-0.000025
9.100667,-0.000050
9.101000,-0.000074
9.101333,-0.000097
9.101667,-0.000120
9.102000,-0.000141
9.102333,-0.000161
9.102667,-0.000181
9.103000,-0.000199
9.103333,-0.000215
9.103667,-0.000231
9.104000,-0.000245
9.104333,-0.000258
9.104667,-0.000270
9.105000,-0.000280
9.105333,-0.000289
9.105667,-0.000297
9.106000,-0.000303
9.106333,-0.000308
9.106667,-0.000312
9.107000,-0.000314
9.107333,-0.000315
9.107667,-0.000315
9.108000,-0.000313
9.108333,-0.000310
9.108667,-0.000306
9.109000,-0.000301
9.109333,-0.000295
9.109667,-0.000287
9.110000,-0.000279
9.110333,-0.000270
9.110667,-0.000260
9.111000,-0.000249
9.111333,-0.000237
9.111667,-0.000225
9.112000,-0.000211
9.112333,-0.000198
9.112667,-0.000184
9.113000,-0.000169
9.113333,-0.000154
9.113667,-0.000139
9.114000,-0.000124
9.114333,-0.000108
9.114667,-0.000092
9.115000,-0.000077
9.115333,-0.000061
9.115667,-0.000045
9.116000,-0.000030
9.116333,-0.000015
9.116667,0.000000
9.117000,0.000015
9.117333,0.000029
9.117667,0.000043
9.118000,0.000056
9.118333,0.000069
9.118667,0.000081
9.119000,0.000093
9.119333,0.000104
9.119667,0.000114
9.120000,0.000124
9.120333,0.000133
9.120667,0.000141
9.121000,0.000148
9.121333,0.000155
9.121667,0.000161
9.122000,0.000166
9.122333,0.000170
9.122667,0.000174
9.123000,0.000177
9.123333,0.000179
9.123667,0.000180
9.124000,0.000181
9.124333,0.000181
9.124667,0.000180
9.125000,0.000178
9.125333,0.000176
9.125667,0.000173
9.126000,0.000169
9.126333,0.000165
9.126667,0.000160
9.127000,0.000155
9.127333,0.000149
9.127667,0.000143
9.128000,0.000136
9.128333,0.000129
9.128667,0.000121
9.129000,0.000114
9.129333,0.000105
9.129667,0.000097
9.130000,0.000089
9.130333,0.000080
9.130667,0.000071
9.131000,0.000062
9.131333,0.000053
9.131667,0.000044
9.132000,0.000035
9.132333,0.000026
9.132667,0.000017
9.133000,0.000009
9.133333,-0.000000
9.133667,-0.000008
9.134000,-0.000017
9.134333,-0.000024
9.134667,-0.000032
9.135000,-0.000039
9.135333,-0.000046
9.135667,-0.000053
9.136000,-0.000059
9.136333,-0.000065
9.136667,-0.000071
9.137000,-0.000076
9.137333,-0.000081
9.137667,-0.000085
9.138000,-0.000089
9.138333,-0.000092
9.138667,-0.000095
9.139000,-0.000098
9.139333,-0.000100
9.139667,-0.000101
9.140000,-0.000103
9.140333,-0.000103
9.140667,-0.000104
9.141000,-0.000104
9.141333,-0.000103
9.141667,-0.000102
9.142000,-0.000101
9.142333,-0.000099
9.142667,-0.000097
9.143000,-0.000095
9.143333,-0.000092
9.143667,-0.000089
9.144000,-0.000085
9.144333,-0.000082
9.144667,-0.000078
9.145000,-0.000074
9.145333,-0.000070
9.145667,-0.000065
9.146000,-0.000060
9.146333,-0.000056
9.146667,-0.000051
9.147000,-0.000046
9.147333,-0.000041
9.147667,-0.000036
9.148000,-0.000030
9.148333,-0.000025
9.148667,-0.000020
9.149000,-0.000015
9.149333,-0.000010
9.149667,-0.000005
9.150000,0.000000
9.150333,0.000005
9.150667,0.000009
9.151000,0.000014
9.151333,0.000018
9.151667,0.000023
9.152000,0.000027
9.152333,0.000030
9.152667,0.000034
9.153000,0.000038
9.153333,0.000041
9.153667,0.000044
9.154000,0.000046
9.154333,0.000049
9.154667,0.000051
9.155000,0.000053
9.155333,0.000055
9.155667,0.000056
9.156000,0.000057
9.156333,0.000058
9.156667,0.000059
9.157000,0.000059
9.157333,0.000059
9.157667,0.000059
9.158000,0.000059
9.158333,0.000059
9.158667,0.000058
9.159000,0.000057
9.159333,0.000056
9.159667,0.000054
9.160000,0.000053
9.160333,0.000051
9.160667,0.000049
9.161000,0.000047
9.161333,0.000045
9.161667,0.000042
9.162000,0.000040
9.162333,0.000037
9.162667,0.000035
9.163000,0.000032
9.163333,0.000029
9.163667,0.000026
9.164000,0.000023
9.164333,0.000020
9.164667,0.000017
9.165000,0.000014
9.165333,0.000012
9.165667,0.000009
9.166000,0.000006
9.166333,0.000003
9.166667,-0.000000
9.167000,-0.000003
9.167333,-0.000005
9.167667,-0.000008
9.168000,-0.000011
9.168333,-0.000013
9.168667,-0.000015
9.169000,-0.000017
9.169333,-0.000020
9.169667,-0.000022
9.170000,-0.000023
9.170333,-0.000025
9.170667,-0.000027
9.171000,-0.000028
9.171333,-0.000029
9.171667,-0.000030
9.172000,-0.000031
9.172333,-0.000032
9.172667,-0.000033
9.173000,-0.000033
9.173333,-0.000034
9.173667,-0.000034
9.174000,-0.000034
9.174333,-0.000034
9.174667,-0.000034
9.175000,-0.000034
9.175333,-0.000033
9.175667,-0.000033
9.176000,-0.000032
9.176333,-0.000031
9.176667,-0.000030
9.177000,-0.000029
9.177333,-0.000028
9.177667,-0.000027
9.178000,-0.000026
9.178333,-0.000024
9.178667,-0.000023
9.179000,-0.000021
9.179333,-0.000020
9.179667,-0.000018
9.180000,-0.000017
9.180333,-0.000015
9.180667,-0.000013
9.181000,-0.000012
9.181333,-0.000010
9.181667,-0.000008
9.182000,-0.000007
9.182333,-0.000005
9.182667,-0.000003
9.183000,-0.000002
9.183333,0.000000
9.183667,0.000002
9.184000,0.000003
9.184333,0.000005
9.184667,0.000006
9.185000,0.000007
9.185333,0.000009
9.185667,0.000010
9.186000,0.000011
9.186333,0.000012
9.186667,0.000013
9.187000,0.000014
9.187333,0.000015
9.187667,0.000016
9.188000,0.000017
9.188333,0.000017
9.188667,0.000018
9.189000,0.000018
9.189333,0.000019
9.189667,0.000019
9.190000,0.000019
9.190333,0.000020
9.190667,0.000020
9.191000,0.000020
9.191333,0.000019
9.191667,0.000019
9.192000,0.000019
9.192333,0.000019
9.192667,0.000018
9.193000,0.000018
9.193333,0.000017
9.193667,0.000017
9.194000,0.000016
9.194333,0.000015
9.194667,0.000015
9.195000,0.000014
9.195333,0.000013
9.195667,0.000012
9.196000,0.000011
9.196333,0.000011
9.196667,0.000010
9.197000,0.000009
9.197333,0.000008
9.197667,0.000007
9.198000,0.000006
9.198333,0.000005
9.198667,0.000004
9.199000,0.000003
9.199333,0.000002
9.199667,0.000001
9.200000,-0.000000
9.200333,-0.000001
9.200667,-0.000002
9.201000,-0.000003
9.201333,-0.000003
9.201667,-0.000004
9.202000,-0.000005
9.202333,-0.000006
9.202667,-0.000006
9.203000,-0.000007
9.203333,-0.000008
9.203667,-0.000008
9.204000,-0.000009
9.204333,-0.000009
9.204667,-0.000010
9.205000,-0.000010
9.205333,-0.000010
9.205667,-0.000011
9.206000,-0.000011
9.206333,-0.000011
9.206667,-0.000011
9.207000,-0.000011
9.207333,-0.000011
9.207667,-0.000011
9.208000,-0.000011
9.208333,-0.000011
9.208667,-0.000011
9.209000,-0.000011
9.209333,-0.000011
9.209667,-0.000010
9.210000,-0.000010
9.210333,-0.000010
9.210667,-0.000009
9.211000,-0.000009
9.211333,-0.000008
9.211667,-0.000008
9.212000,-0.000008
9.212333,-0.000007
9.212667,-0.000007
9.213000,-0.000006
9.213333,-0.000006
9.213667,-0.000005
9.214000,-0.000004
9.214333,-0.000004
9.214667,-0.000003
9.215000,-0.000003
9.215333,-0.000002
9.215667,-0.000002
9.216000,-0.000001
9.216333,-0.000001
9.216667,0.000000
9.217000,0.000001
9.217333,0.000001
9.217667,0.000002
9.218000,0.000002
9.218333,0.000002
9.218667,0.000003
9.219000,0.000003
9.219333,0.000004
9.219667,0.000004
9.220000,0.000004
9.220333,0.000005
9.220667,0.000005
9.221000,0.000005
9.221333,0.000006
9.221667,0.000006
9.222000,0.000006
9.222333,0.000006
9.222667,0.000006
9.223000,0.000006
9.223333,0.000006
9.223667,0.000006
9.224000,0.000006
9.224333,0.000006
9.224667,0.000006
9.225000,0.000006
9.225333,0.000006
9.225667,0.000006
9.226000,0.000006
9.226333,0.000006
9.226667,0.000006
9.227000,0.000006
9.227333,0.000005
9.227667,0.000005
9.228000,0.000005
9.228333,0.000005
9.228667,0.000004
9.229000,0.000004
9.229333,0.000004
9.229667,0.000003
9.230000,0.000003
9.230333,0.000003
9.230667,0.000003
9.231000,0.000002
9.231333,0.000002
9.231667,0.000002
9.232000,0.000001
9.232333,0.000001
9.232667,0.000001
9.233000,0.000000
9.233333,-0.000000
9.233667,-0.000000
9.234000,-0.000001
9.234333,-0.000001
9.234667,-0.000001
9.235000,-0.000001
9.235333,-0.000002
9.235667,-0.000002
9.236000,-0.000002
9.236333,-0.000002
9.236667,-0.000003
9.237000,-0.000003
9.237333,-0.000003
9.237667,-0.000003
9.238000,-0.000003
9.238333,-0.000003
9.238667,-0.000003
9.239000,-0.000003
9.239333,-0.000004
9.239667,-0.000004
9.240000,-0.000004
9.240333,-0.000004
9.240667,-0.000004
9.241000,-0.000004
9.241333,-0.000004
9.241667,-0.000004
9.242000,-0.000004
9.242333,-0.000004
9.242667,-0.000003
9.243000,-0.000003
9.243333,-0.000003
9.243667,-0.000003
9.244000,-0.000003
9.244333,-0.000003
9.244667,-0.000003
9.245000,-0.000003
9.245333,-0.000002
9.245667,-0.000002
9.246000,-0.000002
9.246333,-0.000002
9.246667,-0.000002
9.247000,-0.000002
9.247333,-0.000001
9.247667,-0.000001
9.248000,-0.000001
9.248333,-0.000001
9.248667,-0.000001
9.249000,-0.000001
9.249333,-0.000000
9.249667,-0.000000
9.250000,0.000000
9.250333,0.000000
9.250667,0.000000
9.251000,0.000001
9.251333,0.000001
9.251667,0.000001
9.252000,0.000001
9.252333,0.000001
9.252667,0.000001
9.253000,0.000001
9.253333,0.000001
9.253667,0.000002
9.254000,0.000002
9.254333,0.000002
9.254667,0.000002
9.255000,0.000002
9.255333,0.000002
9.255667,0.000002
9.256000,0.000002
9.256333,0.000002
9.256667,0.000002
9.257000,0.000002
9.257333,0.000002
9.257667,0.000002
9.258000,0.000002
9.258333,0.000002
9.258667,0.000002
9.259000,0.000002
9.259333,0.000002
9.259667,0.000002
9.260000,0.000002
9.260333,0.000002
9.260667,0.000002
9.261000,0.000002
9.261333,0.000002
9.261667,0.000002
9.262000,0.000001
9.262333,0.000001
9.262667,0.000001
9.263000,0.000001
9.263333,0.000001
9.263667,0.000001
9.264000,0.000001
9.264333,0.000001
9.264667,0.000001
9.265000,0.000001
9.265333,0.000000
9.265667,0.000000
9.266000,0.000000
9.266333,0.000000
9.266667,-0.000000
9.267000,-0.000000
9.267333,-0.000000
9.267667,-0.000000
9.268000,-0.000000
9.268333,-0.000000
9.268667,-0.000001
9.269000,-0.000001
9.269333,-0.000001
9.269667,-0.000001
9.270000,-0.000001
9.270333,-0.000001
9.270667,-0.000001
9.271000,-0.000001
9.271333,-0.000001
9.271667,-0.000001
9.272000,-0.000001
9.272333,-0.000001
9.272667,-0.000001
9.273000,-0.000001
9.273333,-0.000001
9.273667,-0.000001
9.274000,-0.000001
9.274333,-0.000001
9.274667,-0.000001
9.275000,-0.000001
9.275333,-0.000001
9.275667,-0.000001
9.276000,-0.000001
9.276333,-0.000001
9.276667,-0.000001
9.277000,-0.000001
9.277333,-0.000001
9.277667,-0.000001
9.278000,-0.000001
9.278333,-0.000001
9.278667,-0.000001
9.279000,-0.000001
9.279333,-0.000001
9.279667,-0.000001
9.280000,-0.000001
9.280333,-0.000001
9.280667,-0.000000
9.281000,-0.000000
9.281333,-0.000000
9.281667,-0.000000
9.282000,-0.000000
9.282333,-0.000000
9.282667,-0.000000
9.283000,-0.000000
9.283333,0.000000
9.283667,0.000000
9.284000,0.000000
9.284333,0.000000
9.284667,0.000000
9.285000,0.000000
9.285333,0.000000
9.285667,0.000000
9.286000,0.000000
9.286333,0.000000
9.286667,0.000000
9.287000,0.000001
9.287333,0.000001
9.287667,0.000001
9.288000,0.000001
9.288333,0.000001
9.288667,0.000001
9.289000,0.000001
9.289333,0.000001
9.289667,0.000001
9.290000,0.000001
9.290333,0.000001
9.290667,0.000001
9.291000,0.000001
9.291333,0.000001
9.291667,0.000001
9.292000,0.000001
9.292333,0.000001
9.292667,0.000001
9.293000,0.000001
9.293333,0.000001
9.293667,0.000001
9.294000,0.000001
9.294333,0.000001
9.294667,0.000001
9.295000,0.000000
9.295333,0.000000
9.295667,0.000000
9.296000,0.000000
9.296333,0.000000
9.296667,0.000000
9.297000,0.000000
9.297333,0.000000
9.297667,0.000000
9.298000,0.000000
9.298333,0.000000
9.298667,0.000000
9.299000,0.000000
9.299333,0.000000
9.299667,0.000000
9.300000,-0.000000
9.300333,-0.000000
9.300667,-0.000000
9.301000,-0.000000
9.301333,-0.000000
9.301667,-0.000000
9.302000,-0.000000
9.302333,-0.000000
9.302667,-0.000000
9.303000,-0.000000
9.303333,-0.000000
9.303667,-0.000000
9.304000,-0.000000
9.304333,-0.000000
9.304667,-0.000000
9.305000,-0.000000
9.305333,-0.000000
9.305667,-0.000000
9.306000,-0.000000
9.306333,-0.000000
9.306667,-0.000000
9.307000,-0.000000
9.307333,-0.000000
9.307667,-0.000000
9.308000,-0.000000
9.308333,-0.000000
9.308667,-0.000000
9.309000,-0.000000
9.309333,-0.000000
9.309667,-0.000000
9.310000,-0.000000
9.310333,-0.000000
9.310667,-0.000000
9.311000,-0.000000
9.311333,-0.000000
9.311667,-0.000000
9.312000,-0.000000
9.312333,-0.000000
9.312667,-0.000000
9.313000,-0.000000
9.313333,-0.000000
9.313667,-0.000000
9.314000,-0.000000
9.314333,-0.000000
9.314667,-0.000000
9.315000,-0.000000
9.315333,-0.000000
9.315667,-0.000000
9.316000,-0.000000
9.316333,-0.000000
9.316667,0.000000
9.317000,0.000000
9.317333,0.000000
9.317667,0.000000
9.318000,0.000000
9.318333,0.000000
9.318667,0.000000
9.319000,0.000000
9.319333,0.000000
9.319667,0.000000
9.320000,0.000000
9.320333,0.000000
9.320667,0.000000
9.321000,0.000000
9.321333,0.000000
9.321667,0.000000
9.322000,0.000000
9.322333,0.000000
9.322667,0.000000
9.323000,0.000000
9.323333,0.000000
9.323667,0.000000
9.324000,0.000000
9.324333,0.000000
9.324667,0.000000
9.325000,0.000000
9.325333,0.000000
9.325667,0.000000
9.326000,0.000000
9.326333,0.000000
9.326667,0.000000
9.327000,0.000000
9.327333,0.000000
9.327667,0.000000
9.328000,0.000000
9.328333,0.000000
9.328667,0.000000
9.329000,0.000000
9.329333,0.000000
9.329667,0.000000
9.330000,0.000000
9.330333,0.000000
9.330667,0.000000
9.331000,0.000000
9.331333,0.000000
9.331667,0.000000
9.332000,0.000000
9.332333,0.000000
9.332667,0.000000
9.333000,0.000000
9.333333,-0.000000
9.333667,-0.000000
9.334000,-0.000000
9.334333,-0.000000
9.334667,-0.000000
9.335000,-0.000000
9.335333,-0.000000
9.335667,-0.000000
9.336000,-0.000000
9.336333,-0.000000
9.336667,-0.000000
9.337000,-0.000000
9.337333,-0.000000
9.337667,-0.000000
9.338000,-0.000000
9.338333,-0.000000
9.338667,-0.000000
9.339000,-0.000000
9.339333,-0.000000
9.339667,-0.000000
9.340000,-0.000000
9.340333,-0.000000
9.340667,-0.000000
9.341000,-0.000000
9.341333,-0.000000
9.341667,-0.000000
9.342000,-0.000000
9.342333,-0.000000
9.342667,-0.000000
9.343000,-0.000000
9.343333,-0.000000
9.343667,-0.000000
9.344000,-0.000000
9.344333,-0.000000
9.344667,-0.000000
9.345000,-0.000000
9.345333,-0.000000
9.345667,-0.000000
9.346000,-0.000000
9.346333,-0.000000
9.346667,-0.000000
9.347000,-0.000000
9.347333,-0.000000
9.347667,-0.000000
9.348000,-0.000000
9.348333,-0.000000
9.348667,-0.000000
9.349000,-0.000000
9.349333,-0.000000
9.349667,-0.000000
9.350000,0.000000
9.350333,0.000000
9.350667,0.000000
9.351000,0.000000
9.351333,0.000000
9.351667,0.000000
9.352000,0.000000
9.352333,0.000000
9.352667,0.000000
9.353000,0.000000
9.353333,0.000000
9.353667,0.000000
9.354000,0.000000
9.354333,0.000000
9.354667,0.000000
9.355000,0.000000
9.355333,0.000000
9.355667,0.000000
9.356000,0.000000
9.356333,0.000000
9.356667,0.000000
9.357000,0.000000
9.357333,0.000000
9.357667,0.000000
9.358000,0.000000
9.358333,0.000000
9.358667,0.000000
9.359000,0.000000
9.359333,0.000000
9.359667,0.000000
9.360000,0.000000
9.360333,0.000000
9.360667,0.000000
9.361000,0.000000
9.361333,0.000000
9.361667,0.000000
9.362000,0.000000
9.362333,0.000000
9.362667,0.000000
9.363000,0.000000
9.363333,0.000000
9.363667,0.000000
9.364000,0.000000
9.364333,0.000000
9.364667,0.000000
9.365000,0.000000
9.365333,0.000000
9.365667,0.000000
9.366000,0.000000
9.366333,0.000000
9.366667,-0.000000
9.367000,-0.000000
9.367333,-0.000000
9.367667,-0.000000
9.368000,-0.000000
9.368333,-0.000000
9.368667,-0.000000
9.369000,-0.000000
9.369333,-0.000000
9.369667,-0.000000
9.370000,-0.000000
9.370333,-0.000000
9.370667,-0.000000
9.371000,-0.000000
9.371333,-0.000000
9.371667,-0.000000
9.372000,-0.000000
9.372333,-0.000000
9.372667,-0.000000
9.373000,-0.000000
9.373333,-0.000000
9.373667,-0.000000
9.374000,-0.000000
9.374333,-0.000000
9.374667,-0.000000
9.375000,-0.000000
9.375333,-0.000000
9.375667,-0.000000
9.376000,-0.000000
9.376333,-0.000000
9.376667,-0.000000
9.377000,-0.000000
9.377333,-0.000000
9.377667,-0.000000
9.378000,-0.000000
9.378333,-0.000000
9.378667,-0.000000
9.379000,-0.000000
9.379333,-0.000000
9.379667,-0.000000
9.380000,-0.000000
9.380333,-0.000000
9.380667,-0.000000
9.381000,-0.000000
9.381333,-0.000000
9.381667,-0.000000
9.382000,-0.000000
9.382333,-0.000000
9.382667,-0.000000
9.383000,-0.000000
9.383333,0.000000
9.383667,0.000000
9.384000,0.000000
9.384333,0.000000
9.384667,0.000000
9.385000,0.000000
9.385333,0.000000
9.385667,0.000000
9.386000,0.000000
9.386333,0.000000
9.386667,0.000000
9.387000,0.000000
9.387333,0.000000
9.387667,0.000000
9.388000,0.000000
9.388333,0.000000
9.388667,0.000000
9.389000,0.000000
9.389333,0.000000
9.389667,0.000000
9.390000,0.000000
9.390333,0.000000
9.390667,0.000000
9.391000,0.000000
9.391333,0.000000
9.391667,0.000000
9.392000,0.000000
9.392333,0.000000
9.392667,0.000000
9.393000,0.000000
9.393333,0.000000
9.393667,0.000000
9.394000,0.000000
9.394333,0.000000
9.394667,0.000000
9.395000,0.000000
9.395333,0.000000
9.395667,0.000000
9.396000,0.000000
9.396333,0.000000
9.396667,0.000000
9.397000,0.000000
9.397333,0.000000
9.397667,0.000000
9.398000,0.000000
9.398333,0.000000
9.398667,0.000000
9.399000,0.000000
9.399333,0.000000
9.399667,0.000000
9.400000,-0.000000
9.400333,-0.000000
9.400667,-0.000000
9.401000,-0.000000
9.401333,-0.000000
9.401667,-0.000000
9.402000,-0.000000
9.402333,-0.000000
9.402667,-0.000000
9.403000,-0.000000
9.403333,-0.000000
9.403667,-0.000000
9.404000,-0.000000
9.404333,-0.000000
9.404667,-0.000000
9.405000,-0.000000
9.405333,-0.000000
9.405667,-0.000000
9.406000,-0.000000
9.406333,-0.000000
9.406667,-0.000000
9.407000,-0.000000
9.407333,-0.000000
9.407667,-0.000000
9.408000,-0.000000
9.408333,-0.000000
9.408667,-0.000000
9.409000,-0.000000
9.409333,-0.000000
9.409667,-0.000000
9.410000,-0.000000
9.410333,-0.000000
9.410667,-0.000000
9.411000,-0.000000
9.411333,-0.000000
9.411667,-0.000000
9.412000,-0.000000
9.412333,-0.000000
9.412667,-0.000000
9.413000,-0.000000
9.413333,-0.000000
9.413667,-0.000000
9.414000,-0.000000
9.414333,-0.000000
9.414667,-0.000000
9.415000,-0.000000
9.415333,-0.000000
9.415667,-0.000000
9.416000,-0.000000
9.416333,-0.000000
9.416667,0.000000
9.417000,0.000000
9.417333,0.000000
9.417667,0.000000
9.418000,0.000000
9.418333,0.000000
9.418667,0.000000
9.419000,0.000000
9.419333,0.000000
9.419667,0.000000
9.420000,0.000000
9.420333,0.000000
9.420667,0.000000
9.421000,0.000000
9.421333,0.000000
9.421667,0.000000
9.422000,0.000000
9.422333,0.000000
9.422667,0.000000
9.423000,0.000000
9.423333,0.000000
9.423667,0.000000
9.424000,0.000000
9.424333,0.000000
9.424667,0.000000
9.425000,0.000000
9.425333,0.000000
9.425667,0.000000
9.426000,0.000000
9.426333,0.000000
9.426667,0.000000
9.427000,0.000000
9.427333,0.000000
9.427667,0.000000
9.428000,0.000000
9.428333,0.000000
9.428667,0.000000
9.429000,0.000000
9.429333,0.000000
9.429667,0.000000
9.430000,0.000000
9.430333,0.000000
9.430667,0.000000
9.431000,0.000000
9.431333,0.000000
9.431667,0.000000
9.432000,0.000000
9.432333,0.000000
9.432667,0.000000
9.433000,0.000000
9.433333,-0.000000
9.433667,-0.000000
9.434000,-0.000000
9.434333,-0.000000
9.434667,-0.000000
9.435000,-0.000000
9.435333,-0.000000
9.435667,-0.000000
9.436000,-0.000000
9.436333,-0.000000
9.436667,-0.000000
9.437000,-0.000000
9.437333,-0.000000
9.437667,-0.000000
9.438000,-0.000000
9.438333,-0.000000
9.438667,-0.000000
9.439000,-0.000000
9.439333,-0.000000
9.439667,-0.000000
9.440000,-0.000000
9.440333,-0.000000
9.440667,-0.000000
9.441000,-0.000000
9.441333,-0.000000
9.441667,-0.000000
9.442000,-0.000000
9.442333,-0.000000
9.442667,-0.000000
9.443000,-0.000000
9.443333,-0.000000
9.443667,-0.000000
9.444000,-0.000000
9.444333,-0.000000
9.444667,-0.000000
9.445000,-0.000000
9.445333,-0.000000
9.445667,-0.000000
9.446000,-0.000000
9.446333,-0.000000
9.446667,-0.000000
9.447000,-0.000000
9.447333,-0.000000
9.447667,-0.000000
9.448000,-0.000000
9.448333,-0.000000
9.448667,-0.000000
9.449000,-0.000000
9.449333,-0.000000
9.449667,-0.000000
9.450000,0.000000
9.450333,0.000000
9.450667,0.000000
9.451000,0.000000
9.451333,0.000000
9.451667,0.000000
9.452000,0.000000
9.452333,0.000000
9.452667,0.000000
9.453000,0.000000
9.453333,0.000000
9.453667,0.000000
9.454000,0.000000
9.454333,0.000000
9.454667,0.000000
9.455000,0.000000
9.455333,0.000000
9.455667,0.000000
9.456000,0.000000
9.456333,0.000000
9.456667,0.000000
9.457000,0.000000
9.457333,0.000000
9.457667,0.000000
9.458000,0.000000
9.458333,0.000000
9.458667,0.000000
9.459000,0.000000
9.459333,0.000000
9.459667,0.000000
9.460000,0.000000
9.460333,0.000000
9.460667,0.000000
9.461000,0.000000
9.461333,0.000000
9.461667,0.000000
9.462000,0.000000
9.462333,0.000000
9.462667,0.000000
9.463000,0.000000
9.463333,0.000000
9.463667,0.000000
9.464000,0.000000
9.464333,0.000000
9.464667,0.000000
9.465000,0.000000
9.465333,0.000000
9.465667,0.000000
9.466000,0.000000
9.466333,0.000000
9.466667,-0.000000
9.467000,-0.000000
9.467333,-0.000000
9.467667,-0.000000
9.468000,-0.000000
9.468333,-0.000000
9.468667,-0.000000
9.469000,-0.000000
9.469333,-0.000000
9.469667,-0.000000
9.470000,-0.000000
9.470333,-0.000000
9.470667,-0.000000
9.471000,-0.000000
9.471333,-0.000000
9.471667,-0.000000
9.472000,-0.000000
9.472333,-0.000000
9.472667,-0.000000
9.473000,-0.000000
9.473333,-0.000000
9.473667,-0.000000
9.474000,-0.000000
9.474333,-0.000000
9.474667,-0.000000
9.475000,-0.000000
9.475333,-0.000000
9.475667,-0.000000
9.476000,-0.000000
9.476333,-0.000000
9.476667,-0.000000
9.477000,-0.000000
9.477333,-0.000000
9.477667,-0.000000
9.478000,-0.000000
9.478333,-0.000000
9.478667,-0.000000
9.479000,-0.000000
9.479333,-0.000000
9.479667,-0.000000
9.480000,-0.000000
9.480333,-0.000000
9.480667,-0.000000
9.481000,-0.000000
9.481333,-0.000000
9.481667,-0.000000
9.482000,-0.000000
9.482333,-0.000000
9.482667,-0.000000
9.483000,-0.000000
9.483333,0.000000
9.483667,0.000000
9.484000,0.000000
9.484333,0.000000
9.484667,0.000000
9.485000,0.000000
9.485333,0.000000
9.485667,0.000000
9.486000,0.000000
9.486333,0.000000
9.486667,0.000000
9.487000,0.000000
9.487333,0.000000
9.487667,0.000000
9.488000,0.000000
9.488333,0.000000
9.488667,0.000000
9.489000,0.000000
9.489333,0.000000
9.489667,0.000000
9.490000,0.000000
9.490333,0.000000
9.490667,0.000000
9.491000,0.000000
9.491333,0.000000
9.491667,0.000000
9.492000,0.000000
9.492333,0.000000
9.492667,0.000000
9.493000,0.000000
9.493333,0.000000
9.493667,0.000000
9.494000,0.000000
9.494333,0.000000
9.494667,0.000000
9.495000,0.000000
9.495333,0.000000
9.495667,0.000000
9.496000,0.000000
9.496333,0.000000
9.496667,0.000000
9.497000,0.000000
9.497333,0.000000
9.497667,0.000000
9.498000,0.000000
9.498333,0.000000
9.498667,0.000000
9.499000,0.000000
9.499333,0.000000
9.499667,0.000000
9.500000,-0.000000
9.500333,-0.000000
9.500667,-0.000000
9.501000,-0.000000
9.501333,-0.000000
9.501667,-0.000000
9.502000,-0.000000
9.502333,-0.000000
9.502667,-0.000000
9.503000,-0.000000
9.503333,-0.000000
9.503667,-0.000000
9.504000,-0.000000
9.504333,-0.000000
9.504667,-0.000000
9.505000,-0.000000
9.505333,-0.000000
9.505667,-0.000000
9.506000,-0.000000
9.506333,-0.000000
9.506667,-0.000000
9.507000,-0.000000
9.507333,-0.000000
9.507667,-0.000000
9.508000,-0.000000
9.508333,-0.000000
9.508667,-0.000000
9.509000,-0.000000
9.509333,-0.000000
9.509667,-0.000000
9.510000,-0.000000
9.510333,-0.000000
9.510667,-0.000000
9.511000,-0.000000
9.511333,-0.000000
9.511667,-0.000000
9.512000,-0.000000
9.512333,-0.000000
9.512667,-0.000000
9.513000,-0.000000
9.513333,-0.000000
9.513667,-0.000000
9.514000,-0.000000
9.514333,-0.000000
9.514667,-0.000000
9.515000,-0.000000
9.515333,-0.000000
9.515667,-0.000000
9.516000,-0.000000
9.516333,-0.000000
9.516667,0.000000
9.517000,0.000000
9.517333,0.000000
9.517667,0.000000
9.518000,0.000000
9.518333,0.000000
9.518667,0.000000
9.519000,0.000000
9.519333,0.000000
9.519667,0.000000
9.520000,0.000000
9.520333,0.000000
9.520667,0.000000
9.521000,0.000000
9.521333,0.000000
9.521667,0.000000
9.522000,0.000000
9.522333,0.000000
9.522667,0.000000
9.523000,0.000000
9.523333,0.000000
9.523667,0.000000
9.524000,0.000000
9.524333,0.000000
9.524667,0.000000
9.525000,0.000000
9.525333,0.000000
9.525667,0.000000
9.526000,0.000000
9.526333,0.000000
9.526667,0.000000
9.527000,0.000000
9.527333,0.000000
9.527667,0.000000
9.528000,0.000000
9.528333,0.000000
9.528667,0.000000
9.529000,0.000000
9.529333,0.000000
9.529667,0.000000
9.530000,0.000000
9.530333,0.000000
9.530667,0.000000
9.531000,0.000000
9.531333,0.000000
9.531667,0.000000
9.532000,0.000000
9.532333,0.000000
9.532667,0.000000
9.533000,0.000000
9.533333,-0.000000
9.533667,-0.000000
9.534000,-0.000000
9.534333,-0.000000
9.534667,-0.000000
9.535000,-0.000000
9.535333,-0.000000
9.535667,-0.000000
9.536000,-0.000000
9.536333,-0.000000
9.536667,-0.000000
9.537000,-0.000000
9.537333,-0.000000
9.537667,-0.000000
9.538000,-0.000000
9.538333,-0.000000
9.538667,-0.000000
9.539000,-0.000000
9.539333,-0.000000
9.539667,-0.000000
9.540000,-0.000000
9.540333,-0.000000
9.540667,-0.000000
9.541000,-0.000000
9.541333,-0.000000
9.541667,-0.000000
9.542000,-0.000000
9.542333,-0.000000
9.542667,-0.000000
9.543000,-0.000000
9.543333,-0.000000
9.543667,-0.000000
9.544000,-0.000000
9.544333,-0.000000
9.544667,-0.000000
9.545000,-0.000000
9.545333,-0.000000
9.545667,-0.000000
9.546000,-0.000000
9.546333,-0.000000
9.546667,-0.000000
9.547000,0.003105
9.547333,0.006129
9.547667,0.009062
9.548000,0.011894
9.548333,0.014616
9.548667,0.017219
9.549000,0.019696
9.549333,0.022039
9.549667,0.024242
9.550000,0.026299
9.550333,0.028204
9.550667,0.029955
9.551000,0.031546
9.551333,0.032976
9.551667,0.034241
9.552000,0.035341
9.552333,0.036274
9.552667,0.037040
9.553000,0.037641
9.553333,0.038077
9.553667,0.038351
9.554000,0.038463
9.554333,0.038419
9.554667,0.038221
9.555000,0.037873
9.555333,0.037381
9.555667,0.036749
9.556000,0.035983
9.556333,0.035089
9.556667,0.034073
9.557000,0.032943
9.557333,0.031704
9.557667,0.030366
9.558000,0.028934
9.558333,0.027418
9.558667,0.025825
9.559000,0.024162
9.559333,0.022439
9.559667,0.020664
9.560000,0.018844
9.560333,0.016988
9.560667,0.015105
9.561000,0.013203
9.561333,0.011289
9.561667,0.009371
9.562000,0.007459
9.562333,0.005558
9.562667,0.003676
9.563000,0.001821
9.563333,0.000000
9.563667,-0.001781
9.564000,-0.003516
9.564333,-0.005199
9.564667,-0.006824
9.565000,-0.008386
9.565333,-0.009880
9.565667,-0.011301
9.566000,-0.012645
9.566333,-0.013909
9.566667,-0.015089
9.567000,-0.016182
9.567333,-0.017187
9.567667,-0.018100
9.568000,-0.018920
9.568333,-0.019646
9.568667,-0.020277
9.569000,-0.020812
9.569333,-0.021252
9.569667,-0.021597
9.570000,-0.021847
9.570333,-0.022004
9.570667,-0.022069
9.571000,-0.022043
9.571333,-0.021929
9.571667,-0.021730
9.572000,-0.021447
9.572333,-0.021085
9.572667,-0.020645
9.573000,-0.020132
9.573333,-0.019550
9.573667,-0.018901
9.574000,-0.018191
9.574333,-0.017422
9.574667,-0.016601
9.575000,-0.015731
9.575333,-0.014817
9.575667,-0.013863
9.576000,-0.012874
9.576333,-0.011856
9.576667,-0.010812
9.577000,-0.009747
9.577333,-0.008667
9.577667,-0.007575
9.578000,-0.006477
9.578333,-0.005377
9.578667,-0.004279
9.579000,-0.003189
9.579333,-0.002109
9.579667,-0.001045
9.580000,-0.000000
9.580333,0.001022
9.580667,0.002018
9.581000,0.002983
9.581333,0.003915
9.581667,0.004811
9.582000,0.005668
9.582333,0.006484
9.582667,0.007255
9.583000,0.007980
9.583333,0.008657
9.583667,0.009285
9.584000,0.009861
9.584333,0.010385
9.584667,0.010855
9.585000,0.011272
9.585333,0.011634
9.585667,0.011941
9.586000,0.012193
9.586333,0.012391
9.586667,0.012535
9.587000,0.012625
9.587333,0.012662
9.587667,0.012647
9.588000,0.012582
9.588333,0.012468
9.588667,0.012306
9.589000,0.012097
9.589333,0.011845
9.589667,0.011551
9.590000,0.011217
9.590333,0.010844
9.590667,0.010437
9.591000,0.009996
9.591333,0.009525
9.591667,0.009026
9.592000,0.008501
9.592333,0.007954
9.592667,0.007387
9.593000,0.006802
9.593333,0.006203
9.593667,0.005592
9.594000,0.004973
9.594333,0.004346
9.594667,0.003716
9.595000,0.003085
9.595333,0.002455
9.595667,0.001830
9.596000,0.001210
9.596333,0.000600
9.596667,0.000000
9.597000,-0.000586
9.597333,-0.001158
9.597667,-0.001712
9.598000,-0.002246
9.598333,-0.002761
9.598667,-0.003252
9.599000,-0.003720
9.599333,-0.004163
9.599667,-0.004579
9.600000,-0.004967
9.600333,-0.005327
9.600667,-0.005658
9.601000,-0.005958
9.601333,-0.006228
9.601667,-0.006467
9.602000,-0.006675
9.602333,-0.006851
9.602667,-0.006996
9.603000,-0.007110
9.603333,-0.007192
9.603667,-0.007243
9.604000,-0.007265
9.604333,-0.007256
9.604667,-0.007219
9.605000,-0.007153
9.605333,-0.007060
9.605667,-0.006941
9.606000,-0.006796
9.606333,-0.006627
9.606667,-0.006436
9.607000,-0.006222
9.607333,-0.005988
9.607667,-0.005735
9.608000,-0.005465
9.608333,-0.005179
9.608667,-0.004878
9.609000,-0.004564
9.609333,-0.004238
9.609667,-0.003903
9.610000,-0.003559
9.610333,-0.003209
9.610667,-0.002853
9.611000,-0.002494
9.611333,-0.002132
9.611667,-0.001770
9.612000,-0.001409
9.612333,-0.001050
9.612667,-0.000694
9.613000,-0.000344
9.613333,-0.000000
9.613667,0.000336
9.614000,0.000664
9.614333,0.000982
9.614667,0.001289
9.615000,0.001584
9.615333,0.001866
9.615667,0.002134
9.616000,0.002388
9.616333,0.002627
9.616667,0.002850
9.617000,0.003056
9.617333,0.003246
9.617667,0.003419
9.618000,0.003574
9.618333,0.003711
9.618667,0.003830
9.619000,0.003931
9.619333,0.004014
9.619667,0.004079
9.620000,0.004126
9.620333,0.004156
9.620667,0.004168
9.621000,0.004163
9.621333,0.004142
9.621667,0.004104
9.622000,0.004051
9.622333,0.003982
9.622667,0.003899
9.623000,0.003802
9.623333,0.003692
9.623667,0.003570
9.624000,0.003436
9.624333,0.003291
9.624667,0.003136
9.625000,0.002971
9.625333,0.002799
9.625667,0.002618
9.626000,0.002432
9.626333,0.002239
9.626667,0.002042
9.627000,0.001841
9.627333,0.001637
9.627667,0.001431
9.628000,0.001223
9.628333,0.001016
9.628667,0.000808
9.629000,0.000602
9.629333,0.000398
9.629667,0.000197
9.630000,0.000000
9.630333,-0.000193
9.630667,-0.000381
9.631000,-0.000563
9.631333,-0.000740
9.631667,-0.000909
9.632000,-0.001071
9.632333,-0.001225
9.632667,-0.001370
9.633000,-0.001507
9.633333,-0.001635
9.633667,-0.001754
9.634000,-0.001862
9.634333,-0.001961
9.634667,-0.002050
9.635000,-0.002129
9.635333,-0.002197
9.635667,-0.002255
9.636000,-0.002303
9.636333,-0.002340
9.636667,-0.002368
9.637000,-0.002385
9.637333,-0.002392
9.637667,-0.002389
9.638000,-0.002376
9.638333,-0.002355
9.638667,-0.002324
9.639000,-0.002285
9.639333,-0.002237
9.639667,-0.002182
9.640000,-0.002119
9.640333,-0.002048
9.640667,-0.001971
9.641000,-0.001888
9.641333,-0.001799
9.641667,-0.001705
9.642000,-0.001606
9.642333,-0.001502
9.642667,-0.001395
9.643000,-0.001285
9.643333,-0.001172
9.643667,-0.001056
9.644000,-0.000939
9.644333,-0.000821
9.644667,-0.000702
9.645000,-0.000583
9.645333,-0.000464
9.645667,-0.000346
9.646000,-0.000229
9.646333,-0.000113
9.646667,-0.000000
9.647000,0.000111
9.647333,0.000219
9.647667,0.000323
9.648000,0.000424
9.648333,0.000521
9.648667,0.000614
9.649000,0.000703
9.649333,0.000786
9.649667,0.000865
9.650000,0.000938
9.650333,0.001006
9.650667,0.001069
9.651000,0.001125
9.651333,0.001176
9.651667,0.001222
9.652000,0.001261
9.652333,0.001294
9.652667,0.001321
9.653000,0.001343
9.653333,0.001358
9.653667,0.001368
9.654000,0.001372
9.654333,0.001371
9.654667,0.001363
9.655000,0.001351
9.655333,0.001334
9.655667,0.001311
9.656000,0.001284
9.656333,0.001252
9.656667,0.001216
9.657000,0.001175
9.657333,0.001131
9.657667,0.001083
9.658000,0.001032
9.658333,0.000978
9.658667,0.000921
9.659000,0.000862
9.659333,0.000800
9.659667,0.000737
9.660000,0.000672
9.660333,0.000606
9.660667,0.000539
9.661000,0.000471
9.661333,0.000403
9.661667,0.000334
9.662000,0.000266
9.662333,0.000198
9.662667,0.000131
9.663000,0.000065
9.663333,0.000000
9.663667,-0.000064
9.664000,-0.000125
9.664333,-0.000185
9.664667,-0.000243
9.665000,-0.000299
9.665333,-0.000352
9.665667,-0.000403
9.666000,-0.000451
9.666333,-0.000496
9.666667,-0.000538
9.667000,-0.000577
9.667333,-0.000613
9.667667,-0.000646
9.668000,-0.000675
9.668333,-0.000701
9.668667,-0.000723
9.669000,-0.000742
9.669333,-0.000758
9.669667,-0.000770
9.670000,-0.000779
9.670333,-0.000785
9.670667,-0.000787
9.671000,-0.000786
9.671333,-0.000782
9.671667,-0.000775
9.672000,-0.000765
9.672333,-0.000752
9.672667,-0.000736
9.673000,-0.000718
9.673333,-0.000697
9.673667,-0.000674
9.674000,-0.000649
9.674333,-0.000622
9.674667,-0.000592
9.675000,-0.000561
9.675333,-0.000529
9.675667,-0.000495
9.676000,-0.000459
9.676333,-0.000423
9.676667,-0.000386
9.677000,-0.000348
9.677333,-0.000309
9.677667,-0.000270
9.678000,-0.000231
9.678333,-0.000192
9.678667,-0.000153
9.679000,-0.000114
9.679333,-0.000075
9.679667,-0.000037
9.680000,-0.000000
9.680333,0.000036
9.680667,0.000072
9.681000,0.000106
9.681333,0.000140
9.681667,0.000172
9.682000,0.000202
9.682333,0.000231
9.682667,0.000259
9.683000,0.000285
9.683333,0.000309
9.683667,0.000331
9.684000,0.000352
9.684333,0.000370
9.684667,0.000387
9.685000,0.000402
9.685333,0.000415
9.685667,0.000426
9.686000,0.000435
9.686333,0.000442
9.686667,0.000447
9.687000,0.000450
9.687333,0.000452
9.687667,0.000451
9.688000,0.000449
9.688333,0.000445
9.688667,0.000439
9.689000,0.000432
9.689333,0.000423
9.689667,0.000412
9.690000,0.000400
9.690333,0.000387
9.690667,0.000372
9.691000,0.000357
9.691333,0.000340
9.691667,0.000322
9.692000,0.000303
9.692333,0.000284
9.692667,0.000264
9.693000,0.000243
9.693333,0.000221
9.693667,0.000200
9.694000,0.000177
9.694333,0.000155
9.694667,0.000133
9.695000,0.000110
9.695333,0.000088
9.695667,0.000065
9.696000,0.000043
9.696333,0.000021
9.696667,0.000000
9.697000,-0.000021
9.697333,-0.000041
9.697667,-0.000061
9.698000,-0.000080
9.698333,-0.000098
9.698667,-0.000116
9.699000,-0.000133
9.699333,-0.000148
9.699667,-0.000163
9.700000,-0.000177
9.700333,-0.000190
9.700667,-0.000202
9.701000,-0.000213
9.701333,-0.000222
9.701667,-0.000231
9.702000,-0.000238
9.702333,-0.000244
9.702667,-0.000250
9.703000,-0.000254
9.703333,-0.000257
9.703667,-0.000258
9.704000,-0.000259
9.704333,-0.000259
9.704667,-0.000258
9.705000,-0.000255
9.705333,-0.000252
9.705667,-0.000248
9.706000,-0.000242
9.706333,-0.000236
9.706667,-0.000230
9.707000,-0.000222
9.707333,-0.000214
9.707667,-0.000205
9.708000,-0.000195
9.708333,-0.000185
9.708667,-0.000174
9.709000,-0.000163
9.709333,-0.000151
9.709667,-0.000139
9.710000,-0.000127
9.710333,-0.000114
9.710667,-0.000102
9.711000,-0.000089
9.711333,-0.000076
9.711667,-0.000063
9.712000,-0.000050
9.712333,-0.000037
9.712667,-0.000025
9.713000,-0.000012
9.713333,-0.000000
9.713667,0.000012
9.714000,0.000024
9.714333,0.000035
9.714667,0.000046
9.715000,0.000057
9.715333,0.000067
9.715667,0.000076
9.716000,0.000085
9.716333,0.000094
9.716667,0.000102
9.717000,0.000109
9.717333,0.000116
9.717667,0.000122
9.718000,0.000127
9.718333,0.000132
9.718667,0.000137
9.719000,0.000140
9.719333,0.000143
9.719667,0.000146
9.720000,0.000147
9.720333,0.000148
9.720667,0.000149
9.721000,0.000149
9.721333,0.000148
9.721667,0.000146
9.722000,0.000145
9.722333,0.000142
9.722667,0.000139
9.723000,0.000136
9.723333,0.000132
9.723667,0.000127
9.724000,0.000123
9.724333,0.000117
9.724667,0.000112
9.725000,0.000106
9.725333,0.000100
9.725667,0.000093
9.726000,0.000087
9.726333,0.000080
9.726667,0.000073
9.727000,0.000066
9.727333,0.000058
9.727667,0.000051
9.728000,0.000044
9.728333,0.000036
9.728667,0.000029
9.729000,0.000021
9.729333,0.000014
9.729667,0.000007
9.730000,0.000000
9.730333,-0.000007
9.730667,-0.000014
9.731000,-0.000020
9.731333,-0.000026
9.731667,-0.000032
9.732000,-0.000038
9.732333,-0.000044
9.732667,-0.000049
9.733000,-0.000054
9.733333,-0.000058
9.733667,-0.000063
9.734000,-0.000066
9.734333,-0.000070
9.734667,-0.000073
9.735000,-0.000076
9.735333,-0.000078
9.735667,-0.000080
9.736000,-0.000082
9.736333,-0.000083
9.736667,-0.000084
9.737000,-0.000085
9.737333,-0.000085
9.737667,-0.000085
9.738000,-0.000085
9.738333,-0.000084
9.738667,-0.000083
9.739000,-0.000082
9.739333,-0.000080
9.739667,-0.000078
9.740000,-0.000076
9.740333,-0.000073
9.740667,-0.000070
9.741000,-0.000067
9.741333,-0.000064
9.741667,-0.000061
9.742000,-0.000057
9.742333,-0.000054
9.742667,-0.000050
9.743000,-0.000046
9.743333,-0.000042
9.743667,-0.000038
9.744000,-0.000034
9.744333,-0.000029
9.744667,-0.000025
9.745000,-0.000021
9.745333,-0.000017
9.745667,-0.000012
9.746000,-0.000008
9.746333,-0.000004
9.746667,-0.000000
9.747000,0.000004
9.747333,0.000008
9.747667,0.000012
9.748000,0.000015
9.748333,0.000019
9.748667,0.000022
9.749000,0.000025
9.749333,0.000028
9.749667,0.000031
9.750000,0.000033
9.750333,0.000036
9.750667,0.000038
9.751000,0.000040
9.751333,0.000042
9.751667,0.000044
9.752000,0.000045
9.752333,0.000046
9.752667,0.000047
9.753000,0.000048
9.753333,0.000048
9.753667,0.000049
9.754000,0.000049
9.754333,0.000049
9.754667,0.000049
9.755000,0.000048
9.755333,0.000048
9.755667,0.000047
9.756000,0.000046
9.756333,0.000045
9.756667,0.000043
9.757000,0.000042
9.757333,0.000040
9.757667,0.000039
9.758000,0.000037
9.758333,0.000035
9.758667,0.000033
9.759000,0.000031
9.759333,0.000029
9.759667,0.000026
9.760000,0.000024
9.760333,0.000022
9.760667,0.000019
9.761000,0.000017
9.761333,0.000014
9.761667,0.000012
9.762000,0.000009
9.762333,0.000007
9.762667,0.000005
9.763000,0.000002
9.763333,0.000000
9.763667,-0.000002
9.764000,-0.000004
9.764333,-0.000007
9.764667,-0.000009
9.765000,-0.000011
9.765333,-0.000013
9.765667,-0.000014
9.766000,-0.000016
9.766333,-0.000018
9.766667,-0.000019
9.767000,-0.000021
9.767333,-0.000022
9.767667,-0.000023
9.768000,-0.000024
9.768333,-0.000025
9.768667,-0.000026
9.769000,-0.000026
9.769333,-0.000027
9.769667,-0.000027
9.770000,-0.000028
9.770333,-0.000028
9.770667,-0.000028
9.771000,-0.000028
9.771333,-0.000028
9.771667,-0.000028
9.772000,-0.000027
9.772333,-0.000027
9.772667,-0.000026
9.773000,-0.000026
9.773333,-0.000025
9.773667,-0.000024
9.774000,-0.000023
9.774333,-0.000022
9.774667,-0.000021
9.775000,-0.000020
9.775333,-0.000019
9.775667,-0.000018
9.776000,-0.000016
9.776333,-0.000015
9.776667,-0.000014
9.777000,-0.000012
9.777333,-0.000011
9.777667,-0.000010
9.778000,-0.000008
9.778333,-0.000007
9.778667,-0.000005
9.779000,-0.000004
9.779333,-0.000003
9.779667,-0.000001
9.780000,-0.000000
9.780333,0.000001
9.780667,0.000003
9.781000,0.000004
9.781333,0.000005
9.781667,0.000006
9.782000,0.000007
9.782333,0.000008
9.782667,0.000009
9.783000,0.000010
9.783333,0.000011
9.783667,0.000012
9.784000,0.000013
9.784333,0.000013
9.784667,0.000014
9.785000,0.000014
9.785333,0.000015
9.785667,0.000015
9.786000,0.000016
9.786333,0.000016
9.786667,0.000016
9.787000,0.000016
9.787333,0.000016
9.787667,0.000016
9.788000,0.000016
9.788333,0.000016
9.788667,0.000016
9.789000,0.000015
9.789333,0.000015
9.789667,0.000015
9.790000,0.000014
9.790333,0.000014
9.790667,0.000013
9.791000,0.000013
9.791333,0.000012
9.791667,0.000011
9.792000,0.000011
9.792333,0.000010
9.792667,0.000009
9.793000,0.000009
9.793333,0.000008
9.793667,0.000007
9.794000,0.000006
9.794333,0.000006
9.794667,0.000005
9.795000,0.000004
9.795333,0.000003
9.795667,0.000002
9.796000,0.000002
9.796333,0.000001
9.796667,0.000000
9.797000,-0.000001
9.797333,-0.000001
9.797667,-0.000002
9.798000,-0.000003
9.798333,-0.000004
9.798667,-0.000004
9.799000,-0.000005
9.799333,-0.000005
9.799667,-0.000006
9.800000,-0.000006
9.800333,-0.000007
9.800667,-0.000007
9.801000,-0.000008
9.801333,-0.000008
9.801667,-0.000008
9.802000,-0.000008
9.802333,-0.000009
9.802667,-0.000009
9.803000,-0.000009
9.803333,-0.000009
9.803667,-0.000009
9.804000,-0.000009
9.804333,-0.000009
9.804667,-0.000009
9.805000,-0.000009
9.805333,-0.000009
9.805667,-0.000009
9.806000,-0.000009
9.806333,-0.000008
9.806667,-0.000008
9.807000,-0.000008
9.807333,-0.000008
9.807667,-0.000007
9.808000,-0.000007
9.808333,-0.000007
9.808667,-0.000006
9.809000,-0.000006
9.809333,-0.000005
9.809667,-0.000005
9.810000,-0.000005
9.810333,-0.000004
9.810667,-0.000004
9.811000,-0.000003
9.811333,-0.000003
9.811667,-0.000002
9.812000,-0.000002
9.812333,-0.000001
9.812667,-0.000001
9.813000,-0.000000
9.813333,-0.000000
9.813667,0.000000
9.814000,0.000001
9.814333,0.000001
9.814667,0.000002
9.815000,0.000002
9.815333,0.000002
9.815667,0.000003
9.816000,0.000003
9.816333,0.000003
9.816667,0.000004
9.817000,0.001246
9.817333,0.002456
9.817667,0.003629
9.818000,0.004762
9.818333,0.005851
9.818667,0.006893
9.819000,0.007883
9.819333,0.008821
9.819667,0.009702
9.820000,0.010525
9.820333,0.011287
9.820667,0.011987
9.821000,0.012624
9.821333,0.013196
9.821667,0.013702
9.822000,0.014141
9.822333,0.014515
9.822667,0.014821
9.823000,0.015061
9.823333,0.015236
9.823667,0.015345
9.824000,0.015390
9.824333,0.015372
9.824667,0.015292
9.825000,0.015153
9.825333,0.014956
9.825667,0.014703
9.826000,0.014396
9.826333,0.014038
9.826667,0.013632
9.827000,0.013179
9.827333,0.012684
9.827667,0.012148
9.828000,0.011575
9.828333,0.010968
9.828667,0.010331
9.829000,0.009666
9.829333,0.008976
9.829667,0.008266
9.830000,0.007538
9.830333,0.006795
9.830667,0.006042
9.831000,0.005280
9.831333,0.004515
9.831667,0.003747
9.832000,0.002982
9.832333,0.002222
9.832667,0.001469
9.833000,0.000727
9.833333,-0.000002
9.833667,-0.000715
9.834000,-0.001409
9.834333,-0.002082
9.834667,-0.002732
9.835000,-0.003357
9.835333,-0.003955
9.835667,-0.004523
9.836000,-0.005061
9.836333,-0.005567
9.836667,-0.006039
9.837000,-0.006476
9.837333,-0.006878
9.837667,-0.007243
9.838000,-0.007571
9.838333,-0.007861
9.838667,-0.008114
9.839000,-0.008328
9.839333,-0.008504
9.839667,-0.008641
9.840000,-0.008741
9.840333,-0.008804
9.840667,-0.008830
9.841000,-0.008820
9.841333,-0.008774
9.841667,-0.008694
9.842000,-0.008581
9.842333,-0.008436
9.842667,-0.008260
9.843000,-0.008055
9.843333,-0.007821
9.843667,-0.007562
9.844000,-0.007277
9.844333,-0.006970
9.844667,-0.006641
9.845000,-0.006293
9.845333,-0.005927
9.845667,-0.005546
9.846000,-0.005150
9.846333,-0.004742
9.846667,-0.004325
9.847000,-0.003899
9.847333,-0.003466
9.847667,-0.003030
9.848000,-0.002590
9.848333,-0.002150
9.848667,-0.001711
9.849000,-0.001275
9.849333,-0.000843
9.849667,-0.000417
9.850000,0.000001
9.850333,0.000410
9.850667,0.000808
9.851000,0.001195
9.851333,0.001568
9.851667,0.001926
9.852000,0.002269
9.852333,0.002595
9.852667,0.002904
9.853000,0.003194
9.853333,0.003465
9.853667,0.003716
9.854000,0.003946
9.854333,0.004156
9.854667,0.004344
9.855000,0.004510
9.855333,0.004655
9.855667,0.004778
9.856000,0.004879
9.856333,0.004958
9.856667,0.005015
9.857000,0.005051
9.857333,0.005066
9.857667,0.005060
9.858000,0.005034
9.858333,0.004988
9.858667,0.004923
9.859000,0.004840
9.859333,0.004739
9.859667,0.004621
9.860000,0.004488
9.860333,0.004339
9.860667,0.004175
9.861000,0.003999
9.861333,0.003811
9.861667,0.003611
9.862000,0.003401
9.862333,0.003182
9.862667,0.002955
9.863000,0.002721
9.863333,0.002481
9.863667,0.002237
9.864000,0.001989
9.864333,0.001738
9.864667,0.001486
9.865000,0.001234
9.865333,0.000982
9.865667,0.000731
9.866000,0.000484
9.866333,0.000239
9.866667,-0.000001
9.867000,-0.000235
9.867333,-0.000464
9.867667,-0.000685
9.868000,-0.000899
9.868333,-0.001105
9.868667,-0.001302
9.869000,-0.001489
9.869333,-0.001666
9.869667,-0.001832
9.870000,-0.001988
9.870333,-0.002132
9.870667,-0.002264
9.871000,-0.002384
9.871333,-0.002492
9.871667,-0.002588
9.872000,-0.002671
9.872333,-0.002741
9.872667,-0.002799
9.873000,-0.002845
9.873333,-0.002878
9.873667,-0.002898
9.874000,-0.002907
9.874333,-0.002903
9.874667,-0.002888
9.875000,-0.002862
9.875333,-0.002825
9.875667,-0.002777
9.876000,-0.002719
9.876333,-0.002651
9.876667,-0.002575
9.877000,-0.002489
9.877333,-0.002396
9.877667,-0.002294
9.878000,-0.002186
9.878333,-0.002072
9.878667,-0.001951
9.879000,-0.001826
9.879333,-0.001695
9.879667,-0.001561
9.880000,-0.001424
9.880333,-0.001283
9.880667,-0.001141
9.881000,-0.000997
9.881333,-0.000853
9.881667,-0.000708
9.882000,-0.000563
9.882333,-0.000420
9.882667,-0.000277
9.883000,-0.000137
9.883333,0.000000
9.883667,0.000135
9.884000,0.000266
9.884333,0.000393
9.884667,0.000516
9.885000,0.000634
9.885333,0.000747
9.885667,0.000854
9.886000,0.000956
9.886333,0.001051
9.886667,0.001141
9.887000,0.001223
9.887333,0.001299
9.887667,0.001368
9.888000,0.001430
9.888333,0.001485
9.888667,0.001532
9.889000,0.001573
9.889333,0.001606
9.889667,0.001632
9.890000,0.001651
9.890333,0.001663
9.890667,0.001668
9.891000,0.001666
9.891333,0.001657
9.891667,0.001642
9.892000,0.001621
9.892333,0.001593
9.892667,0.001560
9.893000,0.001521
9.893333,0.001477
9.893667,0.001428
9.894000,0.001375
9.894333,0.001316
9.894667,0.001254
9.895000,0.001189
9.895333,0.001120
9.895667,0.001047
9.896000,0.000973
9.896333,0.000896
9.896667,0.000817
9.897000,0.000736
9.897333,0.000655
9.897667,0.000572
9.898000,0.000489
9.898333,0.000406
9.898667,0.000323
9.899000,0.000241
9.899333,0.000159
9.899667,0.000079
9.900000,-0.000000
9.900333,-0.000077
9.900667,-0.000153
9.901000,-0.000226
9.901333,-0.000296
9.901667,-0.000364
9.902000,-0.000429
9.902333,-0.000490
9.902667,-0.000548
9.903000,-0.000603
9.903333,-0.000654
9.903667,-0.000702
9.904000,-0.000745
9.904333,-0.000785
9.904667,-0.000820
9.905000,-0.000852
9.905333,-0.000879
9.905667,-0.000902
9.906000,-0.000922
9.906333,-0.000936
9.906667,-0.000947
9.907000,-0.000954
9.907333,-0.000957
9.907667,-0.000956
9.908000,-0.000951
9.908333,-0.000942
9.908667,-0.000930
9.909000,-0.000914
9.909333,-0.000895
9.909667,-0.000873
9.910000,-0.000848
9.910333,-0.000819
9.910667,-0.000789
9.911000,-0.000755
9.911333,-0.000720
9.911667,-0.000682
9.912000,-0.000642
9.912333,-0.000601
9.912667,-0.000558
9.913000,-0.000514
9.913333,-0.000469
9.913667,-0.000422
9.914000,-0.000376
9.914333,-0.000328
9.914667,-0.000281
9.915000,-0.000233
9.915333,-0.000185
9.915667,-0.000138
9.916000,-0.000091
9.916333,-0.000045
9.916667,0.000000
9.917000,0.000044
9.917333,0.000088
9.917667,0.000129
9.918000,0.000170
9.918333,0.000209
9.918667,0.000246
9.919000,0.000281
9.919333,0.000315
9.919667,0.000346
9.920000,0.000375
9.920333,0.000403
9.920667,0.000428
9.921000,0.000450
9.921333,0.000471
9.921667,0.000489
9.922000,0.000504
9.922333,0.000518
9.922667,0.000529
9.923000,0.000537
9.923333,0.000544
9.923667,0.000547
9.924000,0.000549
9.924333,0.000548
9.924667,0.000546
9.925000,0.000541
9.925333,0.000534
9.925667,0.000525
9.926000,0.000514
9.926333,0.000501
9.926667,0.000486
9.927000,0.000470
9.927333,0.000452
9.927667,0.000433
9.928000,0.000413
9.928333,0.000391
9.928667,0.000369
9.929000,0.000345
9.929333,0.000320
9.929667,0.000295
9.930000,0.000269
9.930333,0.000242
9.930667,0.000216
9.931000,0.000188
9.931333,0.000161
9.931667,0.000134
9.932000,0.000106
9.932333,0.000079
9.932667,0.000052
9.933000,0.000026
9.933333,-0.000000
9.933667,-0.000025
9.934000,-0.000050
9.934333,-0.000074
9.934667,-0.000097
9.935000,-0.000120
9.935333,-0.000141
9.935667,-0.000161
9.936000,-0.000181
9.936333,-0.000199
9.936667,-0.000215
9.937000,-0.000231
9.937333,-0.000245
9.937667,-0.000258
9.938000,-0.000270
9.938333,-0.000280
9.938667,-0.000289
9.939000,-0.000297
9.939333,-0.000303
9.939667,-0.000308
9.940000,-0.000312
9.940333,-0.000314
9.940667,-0.000315
9.941000,-0.000315
9.941333,-0.000313
9.941667,-0.000310
9.942000,-0.000306
9.942333,-0.000301
9.942667,-0.000295
9.943000,-0.000287
9.943333,-0.000279
9.943667,-0.000270
9.944000,-0.000260
9.944333,-0.000249
9.944667,-0.000237
9.945000,-0.000225
9.945333,-0.000211
9.945667,-0.000198
9.946000,-0.000184
9.946333,-0.000169
9.946667,-0.000154
9.947000,-0.000139
9.947333,-0.000124
9.947667,-0.000108
9.948000,-0.000092
9.948333,-0.000077
9.948667,-0.000061
9.949000,-0.000045
9.949333,-0.000030
9.949667,-0.000015
9.950000,0.000000
9.950333,0.000015
9.950667,0.000029
9.951000,0.000043
9.951333,0.000056
9.951667,0.000069
9.952000,0.000081
9.952333,0.000093
9.952667,0.000104
9.953000,0.000114
9.953333,0.000124
9.953667,0.000133
9.954000,0.000141
9.954333,0.000148
9.954667,0.000155
9.955000,0.000161
9.955333,0.000166
9.955667,0.000170
9.956000,0.000174
9.956333,0.000177
9.956667,0.000179
9.957000,0.000180
9.957333,0.000181
9.957667,0.000181
9.958000,0.000180
9.958333,0.000178
9.958667,0.000176
9.959000,0.000173
9.959333,0.000169
9.959667,0.000165
9.960000,0.000160
9.960333,0.000155
9.960667,0.000149
9.961000,0.000143
9.961333,0.000136
9.961667,0.000129
9.962000,0.000121
9.962333,0.000114
9.962667,0.000105
9.963000,0.000097
9.963333,0.000089
9.963667,0.000080
9.964000,0.000071
9.964333,0.000062
9.964667,0.000053
9.965000,0.000044
9.965333,0.000035
9.965667,0.000026
9.966000,0.000017
9.966333,0.000009
9.966667,-0.000000
9.967000,-0.000008
9.967333,-0.000017
9.967667,-0.000024
9.968000,-0.000032
9.968333,-0.000039
9.968667,-0.000046
9.969000,-0.000053
9.969333,-0.000059
9.969667,-0.000065
9.970000,-0.000071
9.970333,-0.000076
9.970667,-0.000081
9.971000,-0.000085
9.971333,-0.000089
9.971667,-0.000092
9.972000,-0.000095
9.972333,-0.000098
9.972667,-0.000100
9.973000,-0.000101
9.973333,-0.000103
9.973667,-0.000103
9.974000,-0.000104
9.974333,-0.000104
9.974667,-0.000103
9.975000,-0.000102
9.975333,-0.000101
9.975667,-0.000099
9.976000,-0.000097
9.976333,-0.000095
9.976667,-0.000092
9.977000,-0.000089
9.977333,-0.000085
9.977667,-0.000082
9.978000,-0.000078
9.978333,-0.000074
9.978667,-0.000070
9.979000,-0.000065
9.979333,-0.000060
9.979667,-0.000056
9.980000,-0.000051
9.980333,-0.000046
9.980667,-0.000041
9.981000,-0.000036
9.981333,-0.000030
9.981667,-0.000025
9.982000,-0.000020
9.982333,-0.000015
9.982667,-0.000010
9.983000,-0.000005
9.983333,0.000000
9.983667,0.000005
9.984000,0.000009
9.984333,0.000014
9.984667,0.000018
9.985000,0.000023
9.985333,0.000027
9.985667,0.000030
9.986000,0.000034
9.986333,0.000038
9.986667,0.000041
9.987000,0.000044
9.987333,0.000046
9.987667,0.000049
9.988000,0.000051
9.988333,0.000053
9.988667,0.000055
9.989000,0.000056
9.989333,0.000057
9.989667,0.000058
9.990000,0.000059
9.990333,0.000059
9.990667,0.000059
9.991000,0.000059
9.991333,0.000059
9.991667,0.000059
9.992000,0.000058
9.992333,0.000057
9.992667,0.000056
9.993000,0.000054
9.993333,0.000053
9.993667,0.000051
9.994000,0.000049
9.994333,0.000047
9.994667,0.000045
9.995000,0.000042
9.995333,0.000040
9.995667,0.000037
9.996000,0.000035
9.996333,0.000032
9.996667,0.000029
9.997000,0.000026
9.997333,0.000023
9.997667,0.000020
9.998000,0.000017
9.998333,0.000014
9.998667,0.000012
9.999000,0.000009
9.999333,0.000006
9.999667,0.000003
